{
  "type": "FeatureCollection",
  "generator": "overpass-turbo",
  "copyright": "The data included in this document is from www.openstreetmap.org. The data is made available under ODbL.",
  "timestamp": "2026-10-04T06:52:34Z",
  "features": [
    {
      "type": "Feature",
      "properties": {
        "@id": "way/25128175",
        "area": "yes",
        "highway": "pedestrian",
        "lit": "yes",
        "name": "Plac Świętej Marii Magdaleny",
        "old_name": "Plac Wita Stwosza",
        "surface": "sett",
        "wikidata": "Q11819239",
        "wikipedia": "pl:Plac św. Marii Magdaleny w Krakowie"
      },
      "geometry": {
        "type": "Polygon",
        "coordinates": [
          [
            [
              19.9375216,
              50.0567019
            ],
            [
              19.9380843,
              50.0566626
            ],
            [
              19.93817,
              50.0566627
            ],
            [
              19.9381559,
              50.0568047
            ],
            [
              19.9381436,
              50.0569604
            ],
            [
              19.9380744,
              50.0569556
            ],
            [
              19.9379126,
              50.0569378
            ],
            [
              19.9375989,
              50.056908
            ],
            [
              19.9375382,
              50.056904
            ],
            [
              19.9375335,
              50.05681
            ],
            [
              19.9375216,
              50.0567019
            ]
          ]
        ]
      },
      "id": "way/25128175"
    },
    {
      "type": "Feature",
      "properties": {
        "@id": "way/25150063",
        "area": "yes",
        "area:highway": "footway",
        "bicycle": "yes",
        "highway": "footway",
        "lit": "yes",
        "source:bicycle": "park_rules",
        "surface": "sett"
      },
      "geometry": {
        "type": "Polygon",
        "coordinates": [
          [
            [
              19.9352857,
              50.0649642
            ],
            [
              19.9352941,
              50.0649755
            ],
            [
              19.9352969,
              50.0649879
            ],
            [
              19.9352939,
              50.0650003
            ],
            [
              19.9352852,
              50.0650115
            ],
            [
              19.9352717,
              50.0650205
            ],
            [
              19.9352546,
              50.0650265
            ],
            [
              19.9352355,
              50.065029
            ],
            [
              19.9352161,
              50.0650277
            ],
            [
              19.9351982,
              50.0650228
            ],
            [
              19.9351834,
              50.0650146
            ],
            [
              19.9351731,
              50.065004
            ],
            [
              19.9351681,
              50.0649919
            ],
            [
              19.9351684,
              50.064982
            ],
            [
              19.9351723,
              50.0649724
            ],
            [
              19.9351797,
              50.0649636
            ],
            [
              19.9351902,
              50.0649563
            ],
            [
              19.935203,
              50.0649507
            ],
            [
              19.9352176,
              50.0649473
            ],
            [
              19.9352329,
              50.0649462
            ],
            [
              19.9352483,
              50.0649475
            ],
            [
              19.9352627,
              50.0649511
            ],
            [
              19.9352754,
              50.0649568
            ],
            [
              19.9352857,
              50.0649642
            ]
          ]
        ]
      },
      "id": "way/25150063"
    },
    {
      "type": "Feature",
      "properties": {
        "@id": "way/25526694",
        "bicycle": "yes",
        "foot": "yes",
        "highway": "pedestrian",
        "lit": "no",
        "name": "Plac Wolnica",
        "place": "square",
        "surface": "sett",
        "wikidata": "Q16588506",
        "wikipedia": "pl:Plac Wolnica w Krakowie"
      },
      "geometry": {
        "type": "Polygon",
        "coordinates": [
          [
            [
              19.9437896,
              50.0484854
            ],
            [
              19.9443504,
              50.0485868
            ],
            [
              19.9443378,
              50.0486175
            ],
            [
              19.944294,
              50.0486094
            ],
            [
              19.9442838,
              50.0486341
            ],
            [
              19.9444088,
              50.0486559
            ],
            [
              19.9444326,
              50.0486017
            ],
            [
              19.9445685,
              50.0486262
            ],
            [
              19.9446336,
              50.048638
            ],
            [
              19.9444596,
              50.049055
            ],
            [
              19.9444516,
              50.0490836
            ],
            [
              19.9444492,
              50.0490923
            ],
            [
              19.9444324,
              50.0490895
            ],
            [
              19.9436,
              50.0489418
            ],
            [
              19.9437767,
              50.0485165
            ],
            [
              19.9437896,
              50.0484854
            ]
          ]
        ]
      },
      "id": "way/25526694"
    },
    {
      "type": "Feature",
      "properties": {
        "@id": "way/25707758",
        "area": "yes",
        "area:highway": "footway",
        "bicycle": "no",
        "highway": "footway",
        "lit": "no",
        "smoothness": "intermediate",
        "source:bicycle": "sign",
        "surface": "sett"
      },
      "geometry": {
        "type": "Polygon",
        "coordinates": [
          [
            [
              19.848129,
              50.0599788
            ],
            [
              19.8481215,
              50.0600682
            ],
            [
              19.8481191,
              50.060157
            ],
            [
              19.8479819,
              50.0601548
            ],
            [
              19.8478999,
              50.0601546
            ],
            [
              19.8479145,
              50.0600641
            ],
            [
              19.8479053,
              50.0599729
            ],
            [
              19.848129,
              50.0599788
            ]
          ]
        ]
      },
      "id": "way/25707758"
    },
    {
      "type": "Feature",
      "properties": {
        "@id": "way/201562953",
        "area": "yes",
        "highway": "pedestrian",
        "name": "Dziedziniec Batorego",
        "name:hu": "Báthory udvar",
        "surface": "unhewn_cobblestone"
      },
      "geometry": {
        "type": "Polygon",
        "coordinates": [
          [
            [
              19.9360003,
              50.0549279
            ],
            [
              19.9359919,
              50.0549721
            ],
            [
              19.9359831,
              50.0549778
            ],
            [
              19.9359383,
              50.0549745
            ],
            [
              19.9359535,
              50.0549241
            ],
            [
              19.9359594,
              50.0549043
            ],
            [
              19.935967,
              50.0548786
            ],
            [
              19.9359739,
              50.0548555
            ],
            [
              19.9359083,
              50.0548479
            ],
            [
              19.9359115,
              50.054821
            ],
            [
              19.9359141,
              50.0548217
            ],
            [
              19.9359204,
              50.0548158
            ],
            [
              19.9359075,
              50.0548102
            ],
            [
              19.9359128,
              50.0547898
            ],
            [
              19.9359218,
              50.0547906
            ],
            [
              19.9359231,
              50.0547799
            ],
            [
              19.935929,
              50.0547634
            ],
            [
              19.9359722,
              50.0547703
            ],
            [
              19.9359682,
              50.0547857
            ],
            [
              19.9360072,
              50.0547911
            ],
            [
              19.9360104,
              50.0547714
            ],
            [
              19.9359976,
              50.0547702
            ],
            [
              19.9360077,
              50.0547402
            ],
            [
              19.9360293,
              50.0547424
            ],
            [
              19.9360324,
              50.0547325
            ],
            [
              19.9360109,
              50.0547293
            ],
            [
              19.9360225,
              50.0546945
            ],
            [
              19.9359589,
              50.0546852
            ],
            [
              19.9359852,
              50.0546175
            ],
            [
              19.935974,
              50.0546156
            ],
            [
              19.9359753,
              50.0546121
            ],
            [
              19.9360844,
              50.0546252
            ],
            [
              19.9360915,
              50.0546017
            ],
            [
              19.9360932,
              50.0545959
            ],
            [
              19.9361031,
              50.0545972
            ],
            [
              19.936113,
              50.0545984
            ],
            [
              19.9361348,
              50.0546002
            ],
            [
              19.9361218,
              50.0547192
            ],
            [
              19.9360938,
              50.0547182
            ],
            [
              19.9360927,
              50.05473
            ],
            [
              19.936121,
              50.0547319
            ],
            [
              19.9361147,
              50.0547826
            ],
            [
              19.9360852,
              50.0547812
            ],
            [
              19.9360834,
              50.0547959
            ],
            [
              19.9361126,
              50.0547971
            ],
            [
              19.9361108,
              50.0548193
            ],
            [
              19.9360933,
              50.0548272
            ],
            [
              19.9361075,
              50.0548434
            ],
            [
              19.9361031,
              50.0548884
            ],
            [
              19.9360447,
              50.0548858
            ],
            [
              19.9360279,
              50.0548846
            ],
            [
              19.9360257,
              50.0548986
            ],
            [
              19.936024,
              50.0549094
            ],
            [
              19.93601,
              50.0549083
            ],
            [
              19.9360003,
              50.0549279
            ]
          ]
        ]
      },
      "id": "way/201562953"
    },
    {
      "type": "Feature",
      "properties": {
        "@id": "way/238530360",
        "alt_name": "Rynek Mały",
        "area": "yes",
        "highway": "pedestrian",
        "lit": "yes",
        "name": "Mały Rynek",
        "name:be": "Малы рынак",
        "name:de": "Kleinmarkt",
        "place": "square",
        "smoothness": "intermediate",
        "source:alt_name": "nazwa użyta przez Państwową Komisję Wyborczą w listowaniu przyporządkowaniu do okręgów wyborczych w 2020",
        "surface": "sett",
        "wikidata": "Q11772584",
        "wikipedia": "pl:Mały Rynek w Krakowie"
      },
      "geometry": {
        "type": "Polygon",
        "coordinates": [
          [
            [
              19.9402106,
              50.0606658
            ],
            [
              19.940225,
              50.0606843
            ],
            [
              19.9402552,
              50.060723
            ],
            [
              19.9402887,
              50.0607655
            ],
            [
              19.9402942,
              50.0607727
            ],
            [
              19.9403064,
              50.0607884
            ],
            [
              19.940357,
              50.060858
            ],
            [
              19.9403659,
              50.0608562
            ],
            [
              19.940373,
              50.0608663
            ],
            [
              19.9403801,
              50.0608764
            ],
            [
              19.9403717,
              50.0608781
            ],
            [
              19.9403948,
              50.0609106
            ],
            [
              19.940391,
              50.0609119
            ],
            [
              19.9404163,
              50.0609457
            ],
            [
              19.9404202,
              50.0609515
            ],
            [
              19.9404321,
              50.0609483
            ],
            [
              19.9404442,
              50.0609649
            ],
            [
              19.9404669,
              50.0609959
            ],
            [
              19.9404803,
              50.0610142
            ],
            [
              19.940472,
              50.0610176
            ],
            [
              19.9404755,
              50.0610222
            ],
            [
              19.9404776,
              50.0610254
            ],
            [
              19.9404875,
              50.0610231
            ],
            [
              19.9404939,
              50.0610314
            ],
            [
              19.9405006,
              50.0610402
            ],
            [
              19.9404963,
              50.0610419
            ],
            [
              19.9405027,
              50.0610503
            ],
            [
              19.9405067,
              50.0610493
            ],
            [
              19.94052,
              50.0610647
            ],
            [
              19.940516,
              50.0610663
            ],
            [
              19.9405212,
              50.0610729
            ],
            [
              19.940518,
              50.0610733
            ],
            [
              19.9405643,
              50.0611382
            ],
            [
              19.9405713,
              50.0611366
            ],
            [
              19.9405807,
              50.0611487
            ],
            [
              19.9405896,
              50.0611602
            ],
            [
              19.9405839,
              50.0611623
            ],
            [
              19.9406261,
              50.061218
            ],
            [
              19.9406291,
              50.0612218
            ],
            [
              19.9406331,
              50.0612197
            ],
            [
              19.9406426,
              50.0612333
            ],
            [
              19.9406493,
              50.061243
            ],
            [
              19.9406455,
              50.061245
            ],
            [
              19.9406487,
              50.0612497
            ],
            [
              19.9406514,
              50.0612493
            ],
            [
              19.9406672,
              50.0612712
            ],
            [
              19.9406654,
              50.0612718
            ],
            [
              19.9406686,
              50.0612767
            ],
            [
              19.9406762,
              50.0612746
            ],
            [
              19.9406895,
              50.0612963
            ],
            [
              19.9406814,
              50.0613006
            ],
            [
              19.9406867,
              50.0613077
            ],
            [
              19.9406951,
              50.0613058
            ],
            [
              19.9407062,
              50.0613227
            ],
            [
              19.9406982,
              50.0613257
            ],
            [
              19.9407035,
              50.0613327
            ],
            [
              19.9407064,
              50.0613365
            ],
            [
              19.9407151,
              50.0613342
            ],
            [
              19.9407315,
              50.0613544
            ],
            [
              19.940724,
              50.0613569
            ],
            [
              19.9407469,
              50.0613851
            ],
            [
              19.9407423,
              50.0613879
            ],
            [
              19.9407768,
              50.0614368
            ],
            [
              19.9407825,
              50.0614355
            ],
            [
              19.9407987,
              50.0614592
            ],
            [
              19.9407939,
              50.061462
            ],
            [
              19.9408004,
              50.0614709
            ],
            [
              19.9408053,
              50.0614777
            ],
            [
              19.940813,
              50.0614756
            ],
            [
              19.9408263,
              50.0614936
            ],
            [
              19.9408189,
              50.061496
            ],
            [
              19.9408346,
              50.0615183
            ],
            [
              19.9408399,
              50.0615252
            ],
            [
              19.9408656,
              50.0615688
            ],
            [
              19.9408818,
              50.0615964
            ],
            [
              19.9408906,
              50.0616113
            ],
            [
              19.9408933,
              50.0616148
            ],
            [
              19.9408813,
              50.0616189
            ],
            [
              19.9408692,
              50.061623
            ],
            [
              19.9408669,
              50.0616188
            ],
            [
              19.9407937,
              50.0616436
            ],
            [
              19.9407911,
              50.0616409
            ],
            [
              19.9407804,
              50.0616446
            ],
            [
              19.9407764,
              50.0616461
            ],
            [
              19.9407784,
              50.0616486
            ],
            [
              19.9407217,
              50.0616667
            ],
            [
              19.9407195,
              50.0616638
            ],
            [
              19.9407042,
              50.061669
            ],
            [
              19.9407058,
              50.0616716
            ],
            [
              19.9406293,
              50.0616956
            ],
            [
              19.940626,
              50.0616935
            ],
            [
              19.9406021,
              50.0617008
            ],
            [
              19.9406042,
              50.0617038
            ],
            [
              19.9405508,
              50.0617194
            ],
            [
              19.9405485,
              50.0617167
            ],
            [
              19.9405221,
              50.0617251
            ],
            [
              19.9405068,
              50.0617293
            ],
            [
              19.940467,
              50.0617404
            ],
            [
              19.9404303,
              50.0617506
            ],
            [
              19.9404105,
              50.0617561
            ],
            [
              19.9403957,
              50.0617602
            ],
            [
              19.9403745,
              50.061702
            ],
            [
              19.9403741,
              50.0616268
            ],
            [
              19.9403579,
              50.0616077
            ],
            [
              19.9403461,
              50.0615947
            ],
            [
              19.9403441,
              50.0615924
            ],
            [
              19.9403477,
              50.0615915
            ],
            [
              19.9403422,
              50.0615826
            ],
            [
              19.9403385,
              50.0615839
            ],
            [
              19.9403267,
              50.0615671
            ],
            [
              19.9403247,
              50.0615679
            ],
            [
              19.9403089,
              50.061547
            ],
            [
              19.9403111,
              50.0615462
            ],
            [
              19.9402968,
              50.0615257
            ],
            [
              19.9402945,
              50.0615263
            ],
            [
              19.9402789,
              50.0615055
            ],
            [
              19.9402813,
              50.0615047
            ],
            [
              19.9402664,
              50.0614839
            ],
            [
              19.9402642,
              50.0614845
            ],
            [
              19.9402496,
              50.0614645
            ],
            [
              19.940252,
              50.0614638
            ],
            [
              19.9401624,
              50.0613383
            ],
            [
              19.9400978,
              50.0613605
            ],
            [
              19.9400891,
              50.0613488
            ],
            [
              19.9400721,
              50.0613263
            ],
            [
              19.9400679,
              50.0613276
            ],
            [
              19.9400523,
              50.0613071
            ],
            [
              19.9400563,
              50.0613059
            ],
            [
              19.9400619,
              50.0613017
            ],
            [
              19.9400687,
              50.0612892
            ],
            [
              19.9400689,
              50.0612803
            ],
            [
              19.9400671,
              50.0612723
            ],
            [
              19.9400636,
              50.0612635
            ],
            [
              19.9400594,
              50.061255
            ],
            [
              19.9400542,
              50.0612473
            ],
            [
              19.9400482,
              50.0612394
            ],
            [
              19.9400427,
              50.0612328
            ],
            [
              19.9400361,
              50.0612255
            ],
            [
              19.9400284,
              50.0612184
            ],
            [
              19.9400184,
              50.0612105
            ],
            [
              19.9400092,
              50.0612046
            ],
            [
              19.9399964,
              50.0611985
            ],
            [
              19.9399867,
              50.0611955
            ],
            [
              19.939939,
              50.061133
            ],
            [
              19.939932,
              50.0611206
            ],
            [
              19.939925,
              50.0611111
            ],
            [
              19.9399176,
              50.0611012
            ],
            [
              19.93989,
              50.0610709
            ],
            [
              19.9398235,
              50.060999
            ],
            [
              19.9397442,
              50.0609062
            ],
            [
              19.9397408,
              50.0609056
            ],
            [
              19.9397419,
              50.0608517
            ],
            [
              19.939742,
              50.0608126
            ],
            [
              19.939742,
              50.0607992
            ],
            [
              19.9397771,
              50.060788
            ],
            [
              19.939774,
              50.0607839
            ],
            [
              19.9398053,
              50.0607731
            ],
            [
              19.9398084,
              50.0607777
            ],
            [
              19.9398365,
              50.0607687
            ],
            [
              19.9398334,
              50.0607643
            ],
            [
              19.939856,
              50.0607576
            ],
            [
              19.9398586,
              50.0607618
            ],
            [
              19.9398865,
              50.0607527
            ],
            [
              19.9398828,
              50.0607484
            ],
            [
              19.9399052,
              50.060741
            ],
            [
              19.9399088,
              50.0607456
            ],
            [
              19.9399353,
              50.0607366
            ],
            [
              19.9399328,
              50.0607321
            ],
            [
              19.9399435,
              50.0607287
            ],
            [
              19.9399546,
              50.0607251
            ],
            [
              19.9399585,
              50.060729
            ],
            [
              19.9399706,
              50.0607251
            ],
            [
              19.9399851,
              50.0607205
            ],
            [
              19.9399823,
              50.0607167
            ],
            [
              19.9400065,
              50.0607109
            ],
            [
              19.9400085,
              50.0607145
            ],
            [
              19.9400362,
              50.0607079
            ],
            [
              19.9400341,
              50.0607038
            ],
            [
              19.9400579,
              50.0606978
            ],
            [
              19.9400606,
              50.060702
            ],
            [
              19.9400892,
              50.0606951
            ],
            [
              19.940087,
              50.060691
            ],
            [
              19.9401108,
              50.0606855
            ],
            [
              19.9401124,
              50.0606899
            ],
            [
              19.9401413,
              50.0606829
            ],
            [
              19.9401386,
              50.0606788
            ],
            [
              19.9401714,
              50.0606706
            ],
            [
              19.940174,
              50.060675
            ],
            [
              19.9402106,
              50.0606658
            ]
          ]
        ]
      },
      "id": "way/238530360"
    },
    {
      "type": "Feature",
      "properties": {
        "@id": "way/262185955",
        "area": "yes",
        "handrail": "yes",
        "highway": "steps",
        "lit": "yes",
        "ramp": "no",
        "step_count": "7",
        "surface": "sett",
        "tactile_paving": "no"
      },
      "geometry": {
        "type": "Polygon",
        "coordinates": [
          [
            [
              19.9496169,
              50.0434843
            ],
            [
              19.9496224,
              50.0434933
            ],
            [
              19.949618,
              50.0434944
            ],
            [
              19.9496229,
              50.0435028
            ],
            [
              19.9496183,
              50.043504
            ],
            [
              19.9496209,
              50.0435076
            ],
            [
              19.9496537,
              50.0435178
            ],
            [
              19.9497071,
              50.0435335
            ],
            [
              19.9497689,
              50.0435524
            ],
            [
              19.949796,
              50.0435606
            ],
            [
              19.9498022,
              50.043559
            ],
            [
              19.9498012,
              50.0435571
            ],
            [
              19.9498137,
              50.043554
            ],
            [
              19.9498116,
              50.0435484
            ],
            [
              19.9498211,
              50.0435465
            ],
            [
              19.9498324,
              50.0435662
            ],
            [
              19.949798,
              50.043576
            ],
            [
              19.949761,
              50.0435638
            ],
            [
              19.9496988,
              50.0435452
            ],
            [
              19.9496451,
              50.0435298
            ],
            [
              19.9496006,
              50.0435167
            ],
            [
              19.9495835,
              50.043492
            ],
            [
              19.9496169,
              50.0434843
            ]
          ]
        ]
      },
      "id": "way/262185955"
    },
    {
      "type": "Feature",
      "properties": {
        "@id": "way/262667394",
        "area": "yes",
        "highway": "pedestrian",
        "lit": "yes",
        "name": "Plac Wielkiej Armii Napoleona",
        "name:de": "Platz der große Armee von Napoleon",
        "place": "square",
        "smoothness": "excellent",
        "surface": "sett"
      },
      "geometry": {
        "type": "Polygon",
        "coordinates": [
          [
            [
              19.9326823,
              50.0547046
            ],
            [
              19.9328161,
              50.0549188
            ],
            [
              19.9328639,
              50.0549954
            ],
            [
              19.9331939,
              50.0549037
            ],
            [
              19.9332084,
              50.0549228
            ],
            [
              19.9332248,
              50.0549388
            ],
            [
              19.9332486,
              50.0549704
            ],
            [
              19.9332724,
              50.055002
            ],
            [
              19.9328401,
              50.0551054
            ],
            [
              19.9322483,
              50.055244
            ],
            [
              19.9321177,
              50.0552746
            ],
            [
              19.9320785,
              50.055271
            ],
            [
              19.9320235,
              50.0552609
            ],
            [
              19.931964,
              50.0552638
            ],
            [
              19.9316084,
              50.0553509
            ],
            [
              19.9314063,
              50.0553981
            ],
            [
              19.930812,
              50.0555368
            ],
            [
              19.9304296,
              50.0556276
            ],
            [
              19.9304139,
              50.0556109
            ],
            [
              19.9304051,
              50.0555921
            ],
            [
              19.9303553,
              50.0555137
            ],
            [
              19.9303513,
              50.0554747
            ],
            [
              19.9306395,
              50.0553999
            ],
            [
              19.9310315,
              50.0553625
            ],
            [
              19.9313265,
              50.0553115
            ],
            [
              19.9314573,
              50.0552819
            ],
            [
              19.9315613,
              50.0552555
            ],
            [
              19.9319627,
              50.0551109
            ],
            [
              19.9322133,
              50.0549927
            ],
            [
              19.9323293,
              50.0549279
            ],
            [
              19.9324338,
              50.0548695
            ],
            [
              19.9326684,
              50.0547134
            ],
            [
              19.9326823,
              50.0547046
            ]
          ]
        ]
      },
      "id": "way/262667394"
    },
    {
      "type": "Feature",
      "properties": {
        "@id": "way/714711693",
        "area": "yes",
        "highway": "pedestrian",
        "lit": "yes",
        "surface": "sett"
      },
      "geometry": {
        "type": "Polygon",
        "coordinates": [
          [
            [
              19.9366227,
              50.0592414
            ],
            [
              19.9366316,
              50.0591968
            ],
            [
              19.93657,
              50.0591493
            ],
            [
              19.9365247,
              50.0591463
            ],
            [
              19.9365306,
              50.0591166
            ],
            [
              19.9365025,
              50.0590936
            ],
            [
              19.9365162,
              50.0590493
            ],
            [
              19.936433,
              50.05904
            ],
            [
              19.9364354,
              50.0590196
            ],
            [
              19.9364412,
              50.0589831
            ],
            [
              19.9364507,
              50.0589838
            ],
            [
              19.9364662,
              50.0588951
            ],
            [
              19.936503,
              50.0588971
            ],
            [
              19.9365422,
              50.0588995
            ],
            [
              19.9366137,
              50.0589129
            ],
            [
              19.9367117,
              50.0589313
            ],
            [
              19.9367095,
              50.0589365
            ],
            [
              19.9367313,
              50.058941
            ],
            [
              19.9367346,
              50.0589351
            ],
            [
              19.9368498,
              50.0589588
            ],
            [
              19.9368461,
              50.058967
            ],
            [
              19.9368935,
              50.0589766
            ],
            [
              19.936912,
              50.058981
            ],
            [
              19.9369299,
              50.0589853
            ],
            [
              19.9369172,
              50.0590086
            ],
            [
              19.9368899,
              50.0590607
            ],
            [
              19.9368358,
              50.0591637
            ],
            [
              19.9368232,
              50.0591879
            ],
            [
              19.9366654,
              50.0592607
            ],
            [
              19.9366388,
              50.0592603
            ],
            [
              19.9366204,
              50.05926
            ],
            [
              19.9366227,
              50.0592414
            ]
          ]
        ]
      },
      "id": "way/714711693"
    },
    {
      "type": "Feature",
      "properties": {
        "@id": "way/1246580663",
        "area": "yes",
        "highway": "pedestrian",
        "smoothness": "intermediate",
        "surface": "sett"
      },
      "geometry": {
        "type": "Polygon",
        "coordinates": [
          [
            [
              19.9482641,
              50.0516721
            ],
            [
              19.9482453,
              50.0516691
            ],
            [
              19.9483074,
              50.0514542
            ],
            [
              19.9483119,
              50.0514388
            ],
            [
              19.9483804,
              50.051465
            ],
            [
              19.9484309,
              50.0514846
            ],
            [
              19.948423,
              50.0514941
            ],
            [
              19.9486178,
              50.0515638
            ],
            [
              19.9486235,
              50.0515578
            ],
            [
              19.9486959,
              50.0515848
            ],
            [
              19.9486679,
              50.0516545
            ],
            [
              19.9486628,
              50.0516678
            ],
            [
              19.9486476,
              50.0517175
            ],
            [
              19.9486333,
              50.051716
            ],
            [
              19.9486184,
              50.0517144
            ],
            [
              19.9485906,
              50.0517108
            ],
            [
              19.9484313,
              50.0516919
            ],
            [
              19.9482641,
              50.0516721
            ]
          ]
        ]
      },
      "id": "way/1246580663"
    },
    {
      "type": "Feature",
      "properties": {
        "@id": "way/1320814108",
        "area": "yes",
        "highway": "pedestrian",
        "surface": "sett"
      },
      "geometry": {
        "type": "Polygon",
        "coordinates": [
          [
            [
              19.9518737,
              50.0833128
            ],
            [
              19.9519101,
              50.0833287
            ],
            [
              19.9519428,
              50.0833428
            ],
            [
              19.9518889,
              50.0833806
            ],
            [
              19.9518656,
              50.0833917
            ],
            [
              19.9518503,
              50.0833839
            ],
            [
              19.9518503,
              50.0833676
            ],
            [
              19.9518737,
              50.0833128
            ]
          ]
        ]
      },
      "id": "way/1320814108"
    },
    {
      "type": "Feature",
      "properties": {
        "@id": "way/3989492",
        "bicycle": "no",
        "emergency": "yes",
        "highway": "pedestrian",
        "lit": "yes",
        "maxspeed": "20",
        "motor_vehicle:conditional": "delivery @ (19:00-10:00)",
        "name": "Floriańska",
        "name:de": "Floriangasse",
        "name:etymology:wikidata": "Q298845",
        "name:hu": "Flórián utca",
        "name:pl": "Floriańska",
        "name:ru": "Флорианская улица",
        "oneway": "yes",
        "sidewalk": "both",
        "smoothness": "excellent",
        "source:bicycle": "sign",
        "source:maxspeed": "PL:living_street",
        "surface": "sett",
        "tourism": "attraction",
        "wheelchair": "yes",
        "wikidata": "Q9365137",
        "wikipedia": "pl:Ulica Floriańska w Krakowie"
      },
      "geometry": {
        "type": "LineString",
        "coordinates": [
          [
            19.9413361,
            50.0648128
          ],
          [
            19.9413343,
            50.0648091
          ],
          [
            19.9411854,
            50.0646282
          ],
          [
            19.9411021,
            50.0645142
          ],
          [
            19.9410415,
            50.0644312
          ],
          [
            19.9409583,
            50.0643197
          ],
          [
            19.9406983,
            50.0639774
          ],
          [
            19.9406214,
            50.0638754
          ],
          [
            19.940452,
            50.0636523
          ],
          [
            19.9404331,
            50.0636267
          ],
          [
            19.9404151,
            50.0636047
          ],
          [
            19.9402823,
            50.063437
          ],
          [
            19.9401984,
            50.0633311
          ],
          [
            19.940176,
            50.0633028
          ],
          [
            19.9401043,
            50.0632123
          ],
          [
            19.9398482,
            50.062891
          ],
          [
            19.9398225,
            50.0628588
          ],
          [
            19.9398055,
            50.0628358
          ],
          [
            19.9397298,
            50.0627334
          ],
          [
            19.9396257,
            50.0625966
          ],
          [
            19.9392456,
            50.0621085
          ],
          [
            19.9392272,
            50.0620849
          ],
          [
            19.9392069,
            50.0620519
          ],
          [
            19.9391928,
            50.0620218
          ]
        ]
      },
      "id": "way/3989492"
    },
    {
      "type": "Feature",
      "properties": {
        "@id": "way/7953788",
        "highway": "service",
        "lit": "yes",
        "maxspeed": "20",
        "name": "Plac Wolnica",
        "source:maxspeed": "PL:living_street",
        "surface": "sett",
        "vehicle": "private"
      },
      "geometry": {
        "type": "LineString",
        "coordinates": [
          [
            19.9444926,
            50.0491763
          ],
          [
            19.9444345,
            50.0491654
          ],
          [
            19.9435852,
            50.0490063
          ]
        ]
      },
      "id": "way/7953788"
    },
    {
      "type": "Feature",
      "properties": {
        "@id": "way/23256441",
        "bicycle": "yes",
        "highway": "pedestrian",
        "lit": "yes",
        "maxspeed": "20",
        "name": "Plac Mariacki",
        "name:be": "Марыяцкая плошча",
        "name:de": "Marienplatz",
        "name:pl": "Plac Mariacki",
        "smoothness": "good",
        "source:bicycle": "sign",
        "source:maxspeed": "PL:living_street",
        "surface": "sett"
      },
      "geometry": {
        "type": "LineString",
        "coordinates": [
          [
            19.9391928,
            50.0620218
          ],
          [
            19.9392327,
            50.0620198
          ],
          [
            19.9392564,
            50.0620182
          ],
          [
            19.9392874,
            50.0620134
          ],
          [
            19.9393309,
            50.062004
          ],
          [
            19.9393806,
            50.061991
          ],
          [
            19.9402344,
            50.0617391
          ],
          [
            19.9403745,
            50.061702
          ],
          [
            19.9404439,
            50.061684
          ]
        ]
      },
      "id": "way/23256441"
    },
    {
      "type": "Feature",
      "properties": {
        "@id": "way/23257190",
        "bicycle": "yes",
        "highway": "pedestrian",
        "lit": "yes",
        "maxspeed": "20",
        "name": "Szewska",
        "name:de": "Schugasse",
        "name:fr": "Rue des Cordonniers",
        "name:pl": "Szewska",
        "smoothness": "excellent",
        "source:bicycle": "sign",
        "source:maxspeed": "PL:living_street",
        "surface": "sett",
        "wikidata": "Q9366052",
        "wikipedia": "pl:Ulica Szewska w Krakowie"
      },
      "geometry": {
        "type": "LineString",
        "coordinates": [
          [
            19.9363194,
            50.0620126
          ],
          [
            19.9361518,
            50.0620732
          ],
          [
            19.9361242,
            50.0620835
          ],
          [
            19.936103,
            50.0620915
          ],
          [
            19.9360916,
            50.0620961
          ]
        ]
      },
      "id": "way/23257190"
    },
    {
      "type": "Feature",
      "properties": {
        "@id": "way/23257200",
        "bicycle": "yes",
        "goods": "delivery",
        "highway": "living_street",
        "lit": "yes",
        "maxspeed": "20",
        "motor_vehicle": "private",
        "name": "Szczepańska",
        "name:de": "Stephansgasse",
        "name:pl": "Szczepańska",
        "oneway": "yes",
        "oneway:bicycle": "no",
        "psv": "yes",
        "smoothness": "intermediate",
        "source:maxspeed": "PL:living_street",
        "surface": "sett",
        "taxi": "yes"
      },
      "geometry": {
        "type": "LineString",
        "coordinates": [
          [
            19.9337164,
            50.0640885
          ],
          [
            19.9337383,
            50.0640804
          ],
          [
            19.9338572,
            50.0640385
          ],
          [
            19.9343363,
            50.0638502
          ],
          [
            19.934476,
            50.063793
          ],
          [
            19.9348472,
            50.0636436
          ]
        ]
      },
      "id": "way/23257200"
    },
    {
      "type": "Feature",
      "properties": {
        "@id": "way/23257202",
        "bicycle": "yes",
        "cycleway:left": "opposite_lane",
        "goods": "delivery",
        "highway": "living_street",
        "lit": "yes",
        "maxspeed": "20",
        "motor_vehicle": "private",
        "name": "Wiślna",
        "name:de": "Weichselstraße",
        "name:pl": "Wiślna",
        "oneway": "yes",
        "oneway:bicycle": "no",
        "parking:lane:left": "no",
        "parking:lane:right": "parallel",
        "psv": "yes",
        "source:maxspeed": "PL:living_street",
        "surface": "sett",
        "taxi": "yes"
      },
      "geometry": {
        "type": "LineString",
        "coordinates": [
          [
            19.935285,
            50.0611264
          ],
          [
            19.935271,
            50.0611079
          ],
          [
            19.9352523,
            50.0610854
          ],
          [
            19.9351066,
            50.0609272
          ],
          [
            19.9348476,
            50.0606473
          ],
          [
            19.9348234,
            50.0606212
          ]
        ]
      },
      "id": "way/23257202"
    },
    {
      "type": "Feature",
      "properties": {
        "@id": "way/23257334",
        "bicycle": "yes",
        "goods": "delivery",
        "highway": "pedestrian",
        "lit": "yes",
        "maxspeed": "20",
        "motor_vehicle": "private",
        "name": "Stolarska",
        "name:de": "Tischnergasse",
        "name:pl": "Stolarska",
        "smoothness": "excellent",
        "source:bicycle": "sign",
        "source:maxspeed": "PL:living_street",
        "surface": "sett",
        "wikidata": "Q9366014",
        "wikipedia": "pl:Ulica Stolarska w Krakowie"
      },
      "geometry": {
        "type": "LineString",
        "coordinates": [
          [
            19.9397419,
            50.0608517
          ],
          [
            19.9396701,
            50.0608267
          ],
          [
            19.9395681,
            50.0607167
          ],
          [
            19.9393756,
            50.0605204
          ],
          [
            19.9393174,
            50.060463
          ],
          [
            19.9392591,
            50.0603867
          ],
          [
            19.9391817,
            50.0602527
          ],
          [
            19.9391177,
            50.0601403
          ],
          [
            19.9390722,
            50.0600595
          ],
          [
            19.9390222,
            50.0599706
          ],
          [
            19.9388471,
            50.0596503
          ],
          [
            19.9387838,
            50.0594995
          ],
          [
            19.9387555,
            50.0593757
          ],
          [
            19.9387316,
            50.059275
          ],
          [
            19.9387187,
            50.0592199
          ]
        ]
      },
      "id": "way/23257334"
    },
    {
      "type": "Feature",
      "properties": {
        "@id": "way/23257575",
        "bicycle": "yes",
        "highway": "living_street",
        "lit": "yes",
        "maxspeed": "20",
        "motor_vehicle": "private",
        "name": "Gołębia",
        "name:de": "Taubegasse",
        "name:pl": "Gołębia",
        "oneway": "yes",
        "oneway:bicycle": "no",
        "sidewalk": "no",
        "source:bicycle": "sign",
        "source:maxspeed": "PL:zone20",
        "surface": "sett"
      },
      "geometry": {
        "type": "LineString",
        "coordinates": [
          [
            19.9348234,
            50.0606212
          ],
          [
            19.9347667,
            50.0606414
          ],
          [
            19.934149,
            50.0608623
          ],
          [
            19.9339316,
            50.0609371
          ],
          [
            19.9337349,
            50.0610032
          ],
          [
            19.9336966,
            50.061016
          ]
        ]
      },
      "id": "way/23257575"
    },
    {
      "type": "Feature",
      "properties": {
        "@id": "way/23264322",
        "goods": "no",
        "goods:conditional": "delivery @ (00:00-12:00,16:00-20:00,23:00-24:00)",
        "highway": "living_street",
        "lanes": "1",
        "lit": "yes",
        "maxspeed": "20",
        "motor_vehicle": "private",
        "name": "Kupa",
        "oneway": "yes",
        "oneway:bicycle": "no",
        "psv": "yes",
        "source:maxspeed": "PL:living_street",
        "surface": "sett",
        "wikidata": "Q119726441"
      },
      "geometry": {
        "type": "LineString",
        "coordinates": [
          [
            19.9462015,
            50.0514815
          ],
          [
            19.9462756,
            50.0514288
          ],
          [
            19.9462951,
            50.0514152
          ],
          [
            19.9464548,
            50.0511049
          ],
          [
            19.9464748,
            50.0510672
          ]
        ]
      },
      "id": "way/23264322"
    },
    {
      "type": "Feature",
      "properties": {
        "@id": "way/23264330",
        "goods": "no",
        "goods:conditional": "delivery @ (00:00-12:00,16:00-20:00,23:00-24:00)",
        "highway": "living_street",
        "lit": "yes",
        "maxspeed": "20",
        "maxweight": "2.5",
        "motor_vehicle": "private",
        "name": "Jakuba",
        "old_name": "Jakóba",
        "oneway": "yes",
        "psv": "yes",
        "sidewalk": "separate",
        "smoothness": "intermediate",
        "source:maxspeed": "PL:living_street",
        "surface": "sett"
      },
      "geometry": {
        "type": "LineString",
        "coordinates": [
          [
            19.9462155,
            50.0531358
          ],
          [
            19.9462485,
            50.0530458
          ],
          [
            19.9462931,
            50.0529616
          ],
          [
            19.9464057,
            50.0527492
          ]
        ]
      },
      "id": "way/23264330"
    },
    {
      "type": "Feature",
      "properties": {
        "@id": "way/23264338",
        "bicycle": "yes",
        "highway": "living_street",
        "lit": "yes",
        "maxspeed": "20",
        "maxweight": "2.5",
        "name": "Ciemna",
        "source:maxspeed": "PL:living_street",
        "surface": "sett",
        "taxi": "yes",
        "vehicle": "private",
        "vehicle:conditional": "delivery @ (00:00-12:00,16:00-20:00,23:00-24:00)"
      },
      "geometry": {
        "type": "LineString",
        "coordinates": [
          [
            19.9476091,
            50.0518404
          ],
          [
            19.9472461,
            50.0517681
          ],
          [
            19.9469502,
            50.0517114
          ],
          [
            19.9469118,
            50.051704
          ]
        ]
      },
      "id": "way/23264338"
    },
    {
      "type": "Feature",
      "properties": {
        "@id": "way/23487283",
        "cycleway:both": "no",
        "highway": "residential",
        "incline": "up",
        "lanes": "1",
        "lit": "yes",
        "maxspeed": "30",
        "name": "Henryka Siemiradzkiego",
        "oneway": "yes",
        "oneway:bicycle": "no",
        "sidewalk:both": "separate",
        "smoothness": "intermediate",
        "source:maxspeed": "PL:zone30",
        "surface": "sett"
      },
      "geometry": {
        "type": "LineString",
        "coordinates": [
          [
            19.9273071,
            50.0683923
          ],
          [
            19.9273257,
            50.0684011
          ],
          [
            19.9274234,
            50.0684474
          ],
          [
            19.9274687,
            50.0684694
          ]
        ]
      },
      "id": "way/23487283"
    },
    {
      "type": "Feature",
      "properties": {
        "@id": "way/23700115",
        "bicycle": "yes",
        "emergency": "yes",
        "highway": "pedestrian",
        "horse": "yes",
        "lit": "yes",
        "maxspeed": "20",
        "motor_vehicle:conditional": "delivery @ (23:00-10:00); disabled @ (06:00-12:00,18:00-20:00)",
        "name": "Grodzka",
        "name:be": "Гарадская вуліца",
        "name:pl": "Grodzka",
        "oneway": "yes",
        "oneway:bicycle": "no",
        "oneway:foot": "no",
        "smoothness": "excellent",
        "source:bicycle": "sign",
        "source:maxspeed": "PL:living_street",
        "surface": "sett"
      },
      "geometry": {
        "type": "LineString",
        "coordinates": [
          [
            19.9376905,
            50.060129
          ],
          [
            19.9376979,
            50.0600826
          ],
          [
            19.9377049,
            50.0600389
          ],
          [
            19.9377234,
            50.0599229
          ],
          [
            19.9377297,
            50.0598832
          ],
          [
            19.9377445,
            50.0597907
          ],
          [
            19.9377469,
            50.0597752
          ],
          [
            19.9377546,
            50.0597275
          ],
          [
            19.9377677,
            50.0596453
          ],
          [
            19.9377788,
            50.0595755
          ],
          [
            19.9378084,
            50.0593901
          ],
          [
            19.9378115,
            50.0593703
          ],
          [
            19.9378346,
            50.0592169
          ],
          [
            19.937844,
            50.0591548
          ]
        ]
      },
      "id": "way/23700115"
    },
    {
      "type": "Feature",
      "properties": {
        "@id": "way/23700119",
        "bicycle": "yes",
        "bus": "yes",
        "goods": "delivery",
        "highway": "living_street",
        "lit": "yes",
        "maxspeed": "20",
        "motor_vehicle": "private",
        "name": "Plac Dominikański",
        "name:be": "Дамініканская вуліца",
        "name:de": "Dominikanerplatz",
        "name:pl": "Plac Dominikański",
        "oneway": "no",
        "psv": "yes",
        "smoothness": "intermediate",
        "source:maxspeed": "PL:living_street",
        "surface": "sett",
        "taxi": "yes",
        "wikidata": "Q11819033",
        "wikipedia": "pl:Plac Dominikański w Krakowie"
      },
      "geometry": {
        "type": "LineString",
        "coordinates": [
          [
            19.9378489,
            50.0591227
          ],
          [
            19.9380119,
            50.05912
          ],
          [
            19.9382233,
            50.0591163
          ],
          [
            19.938557,
            50.0591095
          ],
          [
            19.9387057,
            50.0591032
          ]
        ]
      },
      "id": "way/23700119"
    },
    {
      "type": "Feature",
      "properties": {
        "@id": "way/24157368",
        "highway": "living_street",
        "lit": "yes",
        "maxspeed": "20",
        "name": "Biskupia",
        "sidewalk": "separate",
        "smoothness": "good",
        "source:maxspeed": "PL:living_street",
        "surface": "sett",
        "width": "6"
      },
      "geometry": {
        "type": "LineString",
        "coordinates": [
          [
            19.9339649,
            50.0672791
          ],
          [
            19.9340559,
            50.0672915
          ],
          [
            19.9344666,
            50.0673391
          ],
          [
            19.9345558,
            50.0673492
          ],
          [
            19.9345835,
            50.0673509
          ],
          [
            19.9345961,
            50.0673508
          ],
          [
            19.93463,
            50.0673489
          ],
          [
            19.9347141,
            50.0673412
          ]
        ]
      },
      "id": "way/24157368"
    },
    {
      "type": "Feature",
      "properties": {
        "@id": "way/24157369",
        "dual_carriageway": "yes",
        "highway": "living_street",
        "lit": "yes",
        "maxspeed": "20",
        "name": "Biskupia",
        "oneway": "yes",
        "source:maxspeed": "PL:living_street",
        "surface": "sett"
      },
      "geometry": {
        "type": "LineString",
        "coordinates": [
          [
            19.937526,
            50.0678444
          ],
          [
            19.9374329,
            50.0678278
          ],
          [
            19.9371584,
            50.0677852
          ],
          [
            19.9370929,
            50.0677751
          ],
          [
            19.9364968,
            50.0676922
          ],
          [
            19.9360133,
            50.0676283
          ],
          [
            19.9356936,
            50.067584
          ],
          [
            19.9354896,
            50.0675555
          ],
          [
            19.9354659,
            50.0675532
          ],
          [
            19.9354468,
            50.0675521
          ],
          [
            19.9354277,
            50.0675509
          ],
          [
            19.9353116,
            50.0675456
          ],
          [
            19.9352801,
            50.0675441
          ],
          [
            19.9352494,
            50.0675411
          ],
          [
            19.9349645,
            50.0675037
          ],
          [
            19.9348558,
            50.0674885
          ],
          [
            19.9348191,
            50.0674817
          ],
          [
            19.9347955,
            50.0674737
          ],
          [
            19.9347787,
            50.0674653
          ],
          [
            19.9347605,
            50.0674529
          ],
          [
            19.9347383,
            50.067433
          ],
          [
            19.9347234,
            50.067416
          ],
          [
            19.9347143,
            50.0674016
          ],
          [
            19.9347096,
            50.067385
          ],
          [
            19.9347141,
            50.0673412
          ]
        ]
      },
      "id": "way/24157369"
    },
    {
      "type": "Feature",
      "properties": {
        "@id": "way/24157370",
        "dual_carriageway": "yes",
        "highway": "living_street",
        "lit": "yes",
        "maxspeed": "20",
        "name": "Biskupia",
        "oneway": "yes",
        "source:maxspeed": "PL:living_street",
        "surface": "sett"
      },
      "geometry": {
        "type": "LineString",
        "coordinates": [
          [
            19.9347141,
            50.0673412
          ],
          [
            19.9347467,
            50.0673354
          ],
          [
            19.9348176,
            50.0673235
          ],
          [
            19.9348396,
            50.0673228
          ],
          [
            19.9348606,
            50.0673229
          ],
          [
            19.935013,
            50.0673374
          ],
          [
            19.9357484,
            50.0674072
          ],
          [
            19.9358531,
            50.067417
          ],
          [
            19.935873,
            50.0674183
          ],
          [
            19.9359164,
            50.0674192
          ]
        ]
      },
      "id": "way/24157370"
    },
    {
      "type": "Feature",
      "properties": {
        "@id": "way/24187119",
        "cycleway:both": "no",
        "highway": "living_street",
        "lit": "yes",
        "maxspeed": "20",
        "name": "Podzamcze",
        "name:de": "Unter der Burg",
        "name:pl": "Podzamcze",
        "oneway": "yes",
        "oneway:bicycle": "no",
        "sidewalk": "separate",
        "smoothness": "intermediate",
        "source:maxspeed": "PL:living_street",
        "surface": "sett",
        "unsigned_ref": "2257K",
        "wikidata": "Q9365823",
        "wikipedia": "pl:Ulica Podzamcze w Krakowie"
      },
      "geometry": {
        "type": "LineString",
        "coordinates": [
          [
            19.9346821,
            50.0552803
          ],
          [
            19.9337988,
            50.0550788
          ],
          [
            19.9337132,
            50.055061
          ],
          [
            19.9335026,
            50.0550159
          ]
        ]
      },
      "id": "way/24187119"
    },
    {
      "type": "Feature",
      "properties": {
        "@id": "way/24390911",
        "cycleway:both": "no",
        "highway": "residential",
        "lane_markings": "no",
        "maxspeed": "40",
        "maxspeed:type": "PL:zone40",
        "name": "Jeleniowa",
        "oneway": "yes",
        "parking:lane:both": "no",
        "sidewalk": "no",
        "surface": "sett"
      },
      "geometry": {
        "type": "LineString",
        "coordinates": [
          [
            19.8688553,
            50.0611291
          ],
          [
            19.868889,
            50.0610353
          ],
          [
            19.8689165,
            50.0609646
          ]
        ]
      },
      "id": "way/24390911"
    },
    {
      "type": "Feature",
      "properties": {
        "@id": "way/25021785",
        "bicycle": "yes",
        "bridge": "yes",
        "highway": "footway",
        "layer": "1",
        "lit": "yes",
        "surface": "sett"
      },
      "geometry": {
        "type": "LineString",
        "coordinates": [
          [
            19.9397521,
            50.0915705
          ],
          [
            19.9398836,
            50.0917182
          ]
        ]
      },
      "id": "way/25021785"
    },
    {
      "type": "Feature",
      "properties": {
        "@id": "way/25046868",
        "highway": "living_street",
        "lit": "yes",
        "maxspeed": "30",
        "maxspeed:source": "pl:zone30",
        "maxweight": "3.5",
        "name": "Plac Bohaterów Getta",
        "smoothness": "good",
        "source:maxspeed": "PL:living_street",
        "surface": "sett"
      },
      "geometry": {
        "type": "LineString",
        "coordinates": [
          [
            19.9540639,
            50.0463039
          ],
          [
            19.9548419,
            50.0464073
          ],
          [
            19.9549591,
            50.046423
          ]
        ]
      },
      "id": "way/25046868"
    },
    {
      "type": "Feature",
      "properties": {
        "@id": "way/25069128",
        "bicycle": "yes",
        "highway": "footway",
        "lit": "yes",
        "smoothness": "intermediate",
        "source:bicycle": "park_rules",
        "surface": "sett"
      },
      "geometry": {
        "type": "LineString",
        "coordinates": [
          [
            19.9402407,
            50.0659043
          ],
          [
            19.94026,
            50.0658939
          ],
          [
            19.9402831,
            50.0658874
          ],
          [
            19.9403066,
            50.0658854
          ],
          [
            19.9403301,
            50.0658874
          ],
          [
            19.9403519,
            50.0658934
          ],
          [
            19.9403704,
            50.0659029
          ],
          [
            19.9403867,
            50.0659181
          ],
          [
            19.9403945,
            50.0659359
          ],
          [
            19.9403929,
            50.0659544
          ],
          [
            19.9403822,
            50.0659715
          ],
          [
            19.9403635,
            50.0659856
          ],
          [
            19.9403371,
            50.0659954
          ],
          [
            19.9403071,
            50.0659989
          ],
          [
            19.940277,
            50.0659957
          ],
          [
            19.9402504,
            50.065986
          ],
          [
            19.9402305,
            50.0659711
          ],
          [
            19.9402197,
            50.0659528
          ],
          [
            19.9402192,
            50.0659332
          ],
          [
            19.9402267,
            50.0659178
          ],
          [
            19.9402407,
            50.0659043
          ]
        ]
      },
      "id": "way/25069128"
    },
    {
      "type": "Feature",
      "properties": {
        "@id": "way/25070332",
        "bicycle": "yes",
        "goods": "delivery",
        "highway": "living_street",
        "lit": "yes",
        "maxspeed": "20",
        "motor_vehicle": "private",
        "name": "Świętego Krzyża",
        "name:be": "вуліца Святога Крыжа",
        "name:de": "Sankt-Kreuz-Gasse",
        "name:pl": "Świętego Krzyża",
        "oneway": "yes",
        "psv": "yes",
        "source:maxspeed": "PL:living_street",
        "surface": "sett",
        "taxi": "yes"
      },
      "geometry": {
        "type": "LineString",
        "coordinates": [
          [
            19.9418048,
            50.0612924
          ],
          [
            19.9419186,
            50.0614592
          ],
          [
            19.9420772,
            50.0616745
          ],
          [
            19.9422733,
            50.0619513
          ],
          [
            19.9423511,
            50.0620539
          ],
          [
            19.9423812,
            50.0620935
          ],
          [
            19.9423978,
            50.0621136
          ],
          [
            19.9424236,
            50.0621448
          ],
          [
            19.9426164,
            50.0623764
          ],
          [
            19.942846,
            50.0626564
          ],
          [
            19.9428566,
            50.0626679
          ],
          [
            19.9428714,
            50.0626824
          ],
          [
            19.9429226,
            50.0627214
          ],
          [
            19.9429379,
            50.0627335
          ],
          [
            19.9429528,
            50.0627479
          ],
          [
            19.9429719,
            50.062774
          ],
          [
            19.9430041,
            50.0628181
          ],
          [
            19.9430213,
            50.0628417
          ],
          [
            19.9431452,
            50.0630119
          ],
          [
            19.943235,
            50.0631244
          ],
          [
            19.9432401,
            50.0631336
          ],
          [
            19.9432397,
            50.0631447
          ],
          [
            19.9432335,
            50.063156
          ],
          [
            19.9432179,
            50.063165
          ],
          [
            19.9432042,
            50.0631703
          ]
        ]
      },
      "id": "way/25070332"
    },
    {
      "type": "Feature",
      "properties": {
        "@id": "way/25070333",
        "bicycle": "yes",
        "goods": "delivery",
        "highway": "living_street",
        "lit": "yes",
        "maxspeed": "20",
        "motor_vehicle": "private",
        "name": "Świętego Marka",
        "name:be": "вуліца Святога Марка",
        "name:de": "Markusgasse",
        "name:pl": "Świętego Marka",
        "oneway": "yes",
        "oneway:bicycle": "no",
        "psv": "yes",
        "source:maxspeed": "PL:living_street",
        "surface": "sett",
        "taxi": "yes"
      },
      "geometry": {
        "type": "LineString",
        "coordinates": [
          [
            19.9366897,
            50.0647613
          ],
          [
            19.9367487,
            50.0647256
          ],
          [
            19.9372209,
            50.064554
          ]
        ]
      },
      "id": "way/25070333"
    },
    {
      "type": "Feature",
      "properties": {
        "@id": "way/25116427",
        "highway": "residential",
        "lanes": "2",
        "lit": "yes",
        "maxspeed": "30",
        "name": "Pomorska",
        "oneway": "yes",
        "oneway:bicycle": "no",
        "sidewalk": "separate",
        "source:maxspeed": "PL:zone30",
        "surface": "sett"
      },
      "geometry": {
        "type": "LineString",
        "coordinates": [
          [
            19.9248152,
            50.0702028
          ],
          [
            19.9248303,
            50.0702127
          ],
          [
            19.9248678,
            50.070239
          ],
          [
            19.9249333,
            50.0702987
          ],
          [
            19.9249761,
            50.0703431
          ],
          [
            19.9249897,
            50.0703597
          ],
          [
            19.9250014,
            50.0703784
          ],
          [
            19.9250132,
            50.0704058
          ],
          [
            19.9250238,
            50.0704391
          ],
          [
            19.9250588,
            50.0705338
          ],
          [
            19.9250767,
            50.0705933
          ],
          [
            19.9251673,
            50.0709071
          ],
          [
            19.925291,
            50.0713185
          ]
        ]
      },
      "id": "way/25116427"
    },
    {
      "type": "Feature",
      "properties": {
        "@id": "way/25117526",
        "bicycle": "yes",
        "goods": "delivery",
        "highway": "living_street",
        "lit": "yes",
        "maxspeed": "20",
        "motor_vehicle": "private",
        "name": "Reformacka",
        "name:de": "Reformergasse",
        "name:pl": "Reformacka",
        "oneway": "yes",
        "psv": "yes",
        "source:maxspeed": "PL:living_street",
        "surface": "sett",
        "taxi": "yes",
        "wikidata": "Q9365900",
        "wikipedia": "pl:Ulica Reformacka w Krakowie"
      },
      "geometry": {
        "type": "LineString",
        "coordinates": [
          [
            19.9366897,
            50.0647613
          ],
          [
            19.9367854,
            50.0647967
          ],
          [
            19.9368361,
            50.0648154
          ],
          [
            19.9369067,
            50.0648387
          ]
        ]
      },
      "id": "way/25117526"
    },
    {
      "type": "Feature",
      "properties": {
        "@id": "way/25117527",
        "bicycle": "yes",
        "highway": "living_street",
        "lit": "yes",
        "maxspeed": "20",
        "motor_vehicle": "private",
        "name": "Karola Olszewskiego",
        "name:de": "Karol-Olszewski-Straße",
        "name:pl": "Karola Olszewskiego",
        "oneway": "yes",
        "smoothness": "good",
        "source:bicycle": "sign",
        "source:maxspeed": "PL:zone20",
        "surface": "sett",
        "wikidata": "Q9365440",
        "wikipedia": "pl:Ulica Karola Olszewskiego w Krakowie"
      },
      "geometry": {
        "type": "LineString",
        "coordinates": [
          [
            19.9333107,
            50.0604592
          ],
          [
            19.9336577,
            50.0603124
          ],
          [
            19.9340637,
            50.0601377
          ],
          [
            19.9342849,
            50.0600454
          ],
          [
            19.9343023,
            50.06004
          ],
          [
            19.9343356,
            50.0600343
          ],
          [
            19.9343559,
            50.0600395
          ],
          [
            19.9343761,
            50.060049
          ]
        ]
      },
      "id": "way/25117527"
    },
    {
      "type": "Feature",
      "properties": {
        "@id": "way/25117528",
        "bicycle": "yes",
        "goods": "delivery",
        "highway": "living_street",
        "lit": "yes",
        "maxspeed": "20",
        "motor_vehicle": "private",
        "name": "Szczepańska",
        "name:de": "Stephansgasse",
        "name:pl": "Szczepańska",
        "oneway": "no",
        "sidewalk": "both",
        "smoothness": "good",
        "source:maxspeed": "PL:living_street",
        "surface": "sett",
        "width": "4"
      },
      "geometry": {
        "type": "LineString",
        "coordinates": [
          [
            19.9357355,
            50.0632664
          ],
          [
            19.9361631,
            50.0630963
          ],
          [
            19.9364969,
            50.0629619
          ],
          [
            19.9368079,
            50.0628401
          ],
          [
            19.9368265,
            50.0628325
          ],
          [
            19.9368915,
            50.0628048
          ]
        ]
      },
      "id": "way/25117528"
    },
    {
      "type": "Feature",
      "properties": {
        "@id": "way/25117880",
        "bicycle": "yes",
        "highway": "pedestrian",
        "lit": "yes",
        "maxspeed": "20",
        "name": "Pijarska",
        "name:de": "Piaristengasse",
        "name:pl": "Pijarska",
        "smoothness": "excellent",
        "source:bicycle": "sign",
        "source:maxspeed": "PL:living_street",
        "surface": "sett"
      },
      "geometry": {
        "type": "LineString",
        "coordinates": [
          [
            19.9397692,
            50.0647717
          ],
          [
            19.9399057,
            50.0647787
          ],
          [
            19.939938,
            50.0647808
          ],
          [
            19.9403092,
            50.064805
          ]
        ]
      },
      "id": "way/25117880"
    },
    {
      "type": "Feature",
      "properties": {
        "@id": "way/25118338",
        "bicycle": "yes",
        "cycleway": "no",
        "goods": "delivery",
        "highway": "living_street",
        "maxspeed": "20",
        "motor_vehicle": "private",
        "name": "Poselska",
        "oneway": "yes",
        "oneway:bicycle": "no",
        "psv": "yes",
        "source:maxspeed": "PL:living_street",
        "surface": "sett",
        "taxi": "yes",
        "wikidata": "Q9365833",
        "wikipedia": "pl:Ulica Poselska w Krakowie"
      },
      "geometry": {
        "type": "LineString",
        "coordinates": [
          [
            19.9351421,
            50.0578638
          ],
          [
            19.9353034,
            50.0578752
          ],
          [
            19.9360865,
            50.0579326
          ],
          [
            19.9364184,
            50.0579581
          ],
          [
            19.9366975,
            50.0579836
          ],
          [
            19.9369088,
            50.0580049
          ],
          [
            19.9370833,
            50.0580251
          ],
          [
            19.9375816,
            50.0580777
          ],
          [
            19.9378988,
            50.0581115
          ],
          [
            19.9379262,
            50.0581167
          ],
          [
            19.9379537,
            50.0581256
          ],
          [
            19.9379823,
            50.0581345
          ],
          [
            19.9380029,
            50.0581401
          ]
        ]
      },
      "id": "way/25118338"
    },
    {
      "type": "Feature",
      "properties": {
        "@id": "way/25118564",
        "bicycle": "yes",
        "highway": "pedestrian",
        "lit": "yes",
        "maxspeed": "20",
        "name": "Senacka",
        "source:bicycle": "sign",
        "source:maxspeed": "PL:living_street",
        "surface": "sett"
      },
      "geometry": {
        "type": "LineString",
        "coordinates": [
          [
            19.9380774,
            50.0576649
          ],
          [
            19.9380087,
            50.0576587
          ],
          [
            19.9375338,
            50.0576314
          ],
          [
            19.9375038,
            50.0576325
          ],
          [
            19.937009,
            50.0576194
          ],
          [
            19.9367658,
            50.0575984
          ],
          [
            19.9367499,
            50.0577048
          ],
          [
            19.9367029,
            50.0579519
          ],
          [
            19.9366975,
            50.0579836
          ]
        ]
      },
      "id": "way/25118564"
    },
    {
      "type": "Feature",
      "properties": {
        "@id": "way/25118565",
        "bicycle": "yes",
        "cycleway:both": "no",
        "highway": "pedestrian",
        "lit": "yes",
        "maxspeed": "20",
        "name": "Kanonicza",
        "name:be": "Кананічная вуліца",
        "name:pl": "Kanonicza",
        "oneway": "yes",
        "oneway:bicycle": "no",
        "smoothness": "intermediate",
        "source:bicycle": "sign",
        "source:maxspeed": "PL:living_street",
        "surface": "sett",
        "wikidata": "Q8255537",
        "wikipedia": "pl:Ulica Kanonicza w Krakowie"
      },
      "geometry": {
        "type": "LineString",
        "coordinates": [
          [
            19.9375378,
            50.0569412
          ],
          [
            19.9375382,
            50.056904
          ],
          [
            19.9375335,
            50.05681
          ],
          [
            19.9375216,
            50.0567019
          ],
          [
            19.937504,
            50.0566195
          ],
          [
            19.9374836,
            50.056531
          ],
          [
            19.9374648,
            50.0564635
          ],
          [
            19.9374549,
            50.0564269
          ],
          [
            19.9374365,
            50.0563584
          ],
          [
            19.9374051,
            50.0562683
          ],
          [
            19.9373927,
            50.0562354
          ],
          [
            19.9373441,
            50.0561346
          ],
          [
            19.9372912,
            50.0560651
          ],
          [
            19.9372194,
            50.0559995
          ],
          [
            19.9371365,
            50.0559068
          ],
          [
            19.9370521,
            50.0557933
          ],
          [
            19.9370043,
            50.0557295
          ],
          [
            19.9369338,
            50.0556341
          ],
          [
            19.9369273,
            50.0556227
          ]
        ]
      },
      "id": "way/25118565"
    },
    {
      "type": "Feature",
      "properties": {
        "@id": "way/25122843",
        "bicycle": "yes",
        "highway": "pedestrian",
        "lit": "yes",
        "maxspeed": "20",
        "motor_vehicle": "permissive",
        "name": "Sienna",
        "name:de": "Marktgasse",
        "name:pl": "Sienna",
        "smoothness": "intermediate",
        "source:bicycle": "sign",
        "source:maxspeed": "PL:living_street",
        "surface": "sett",
        "vehicle": "no",
        "wikidata": "Q9365941",
        "wikipedia": "pl:Ulica Sienna w Krakowie"
      },
      "geometry": {
        "type": "LineString",
        "coordinates": [
          [
            19.9383127,
            50.0612934
          ],
          [
            19.9384312,
            50.0612556
          ],
          [
            19.9385017,
            50.0612331
          ]
        ]
      },
      "id": "way/25122843"
    },
    {
      "type": "Feature",
      "properties": {
        "@id": "way/25123157",
        "access": "permissive",
        "bicycle": "yes",
        "foot": "yes",
        "highway": "service",
        "motor_vehicle": "private",
        "surface": "sett"
      },
      "geometry": {
        "type": "LineString",
        "coordinates": [
          [
            19.9211601,
            50.0634638
          ],
          [
            19.9212087,
            50.0634908
          ],
          [
            19.9212513,
            50.0635088
          ],
          [
            19.9212688,
            50.0635119
          ],
          [
            19.9212868,
            50.0635126
          ],
          [
            19.9214958,
            50.0635049
          ],
          [
            19.9218947,
            50.0634903
          ]
        ]
      },
      "id": "way/25123157"
    },
    {
      "type": "Feature",
      "properties": {
        "@id": "way/25123463",
        "bicycle": "yes",
        "cycleway:left": "opposite_lane",
        "goods": "delivery",
        "highway": "living_street",
        "lit": "yes",
        "maxspeed": "20",
        "motor_vehicle": "private",
        "name": "Mikołajska",
        "name:be": "Мікалаеўская вуліца",
        "name:de": "Nikolaigasse",
        "name:pl": "Mikołajska",
        "oneway": "yes",
        "oneway:bicycle": "no",
        "parking:lane:left": "no",
        "parking:lane:right": "parallel",
        "psv": "yes",
        "smoothness": "excellent",
        "source:maxspeed": "PL:living_street",
        "surface": "sett",
        "taxi": "yes"
      },
      "geometry": {
        "type": "LineString",
        "coordinates": [
          [
            19.9408159,
            50.0615843
          ],
          [
            19.9408656,
            50.0615688
          ],
          [
            19.9411227,
            50.0614884
          ],
          [
            19.9411772,
            50.0614719
          ],
          [
            19.9415214,
            50.0613717
          ],
          [
            19.9417663,
            50.0613037
          ],
          [
            19.9418048,
            50.0612924
          ]
        ]
      },
      "id": "way/25123463"
    },
    {
      "type": "Feature",
      "properties": {
        "@id": "way/25130785",
        "bicycle": "yes",
        "goods": "delivery",
        "highway": "living_street",
        "lit": "yes",
        "maxspeed": "20",
        "motorcar": "private",
        "name": "Tarłowska",
        "source:maxspeed": "PL:living_street",
        "surface": "sett",
        "taxi": "yes"
      },
      "geometry": {
        "type": "LineString",
        "coordinates": [
          [
            19.9324772,
            50.0567058
          ],
          [
            19.9323809,
            50.056743
          ],
          [
            19.9316366,
            50.057149
          ],
          [
            19.931304,
            50.0573219
          ]
        ]
      },
      "id": "way/25130785"
    },
    {
      "type": "Feature",
      "properties": {
        "@id": "way/25130786",
        "bicycle": "yes",
        "goods": "delivery",
        "highway": "living_street",
        "lit": "yes",
        "maxspeed": "20",
        "motorcar": "private",
        "name": "Tenczyńska",
        "source:maxspeed": "PL:living_street",
        "surface": "sett",
        "taxi": "yes",
        "wikidata": "Q9366098",
        "wikipedia": "pl:Ulica Tenczyńska w Krakowie"
      },
      "geometry": {
        "type": "LineString",
        "coordinates": [
          [
            19.9316366,
            50.057149
          ],
          [
            19.9316852,
            50.0571887
          ],
          [
            19.9317198,
            50.0572124
          ],
          [
            19.9321609,
            50.0574219
          ]
        ]
      },
      "id": "way/25130786"
    },
    {
      "type": "Feature",
      "properties": {
        "@id": "way/25130787",
        "bicycle": "yes",
        "goods": "delivery",
        "highway": "living_street",
        "lit": "yes",
        "maxspeed": "20",
        "maxweight": "3.5",
        "motorcar": "private",
        "name": "Plac Na Groblach",
        "oneway": "yes",
        "smoothness": "intermediate",
        "source:maxspeed": "PL:living_street",
        "source:width": "ARCore",
        "surface": "sett",
        "taxi": "yes",
        "width": "4.9",
        "wikidata": "Q11819231",
        "wikipedia": "pl:Plac Na Groblach"
      },
      "geometry": {
        "type": "LineString",
        "coordinates": [
          [
            19.9326309,
            50.0551891
          ],
          [
            19.9326567,
            50.05523
          ],
          [
            19.9326681,
            50.0552492
          ],
          [
            19.9326785,
            50.0552631
          ],
          [
            19.9330901,
            50.055742
          ],
          [
            19.9331863,
            50.055854
          ],
          [
            19.9334058,
            50.0561093
          ],
          [
            19.9335022,
            50.0562305
          ],
          [
            19.9335156,
            50.05625
          ],
          [
            19.9335262,
            50.0562709
          ],
          [
            19.9335343,
            50.0562934
          ],
          [
            19.9335394,
            50.0563202
          ],
          [
            19.9335418,
            50.0563456
          ],
          [
            19.9335402,
            50.0563761
          ],
          [
            19.9335331,
            50.0564105
          ],
          [
            19.9335228,
            50.05644
          ],
          [
            19.9335103,
            50.0564689
          ],
          [
            19.9334394,
            50.0566019
          ],
          [
            19.933426,
            50.0566239
          ],
          [
            19.9333455,
            50.056806
          ],
          [
            19.9333178,
            50.0568705
          ]
        ]
      },
      "id": "way/25130787"
    },
    {
      "type": "Feature",
      "properties": {
        "@id": "way/25130788",
        "bicycle": "yes",
        "goods": "delivery",
        "highway": "living_street",
        "maxspeed": "20",
        "motorcar": "private",
        "name": "Plac Na Groblach",
        "source:maxspeed": "PL:living_street",
        "surface": "sett",
        "taxi": "yes",
        "wikidata": "Q11819231",
        "wikipedia": "pl:Plac Na Groblach"
      },
      "geometry": {
        "type": "LineString",
        "coordinates": [
          [
            19.934076,
            50.0569871
          ],
          [
            19.9339431,
            50.0569657
          ],
          [
            19.9333178,
            50.0568705
          ],
          [
            19.9332369,
            50.0568568
          ],
          [
            19.9327855,
            50.0567812
          ],
          [
            19.9326722,
            50.0567622
          ],
          [
            19.9325687,
            50.0567443
          ],
          [
            19.9325316,
            50.0567358
          ],
          [
            19.9325047,
            50.0567266
          ],
          [
            19.9324889,
            50.0567156
          ],
          [
            19.9324772,
            50.0567058
          ]
        ]
      },
      "id": "way/25130788"
    },
    {
      "type": "Feature",
      "properties": {
        "@id": "way/25130789",
        "bicycle": "yes",
        "goods": "delivery",
        "highway": "living_street",
        "lit": "yes",
        "maxspeed": "20",
        "motorcar": "private",
        "name": "Plac Na Groblach",
        "oneway": "yes",
        "source:maxspeed": "PL:living_street",
        "surface": "sett",
        "taxi": "yes",
        "wikidata": "Q11819231",
        "wikipedia": "pl:Plac Na Groblach"
      },
      "geometry": {
        "type": "LineString",
        "coordinates": [
          [
            19.9324772,
            50.0567058
          ],
          [
            19.9324129,
            50.0566396
          ],
          [
            19.9323624,
            50.0565764
          ],
          [
            19.9321426,
            50.0562838
          ],
          [
            19.9320048,
            50.0561004
          ],
          [
            19.9319041,
            50.0559636
          ],
          [
            19.9317979,
            50.0558193
          ],
          [
            19.9317708,
            50.0557795
          ],
          [
            19.9317455,
            50.0557423
          ],
          [
            19.931728,
            50.0557153
          ],
          [
            19.9317112,
            50.0556851
          ],
          [
            19.9316959,
            50.0556561
          ],
          [
            19.9316825,
            50.0556276
          ],
          [
            19.9316709,
            50.0556026
          ],
          [
            19.9316617,
            50.0555823
          ],
          [
            19.9316286,
            50.0555087
          ],
          [
            19.931622,
            50.0554945
          ],
          [
            19.931612,
            50.0554767
          ],
          [
            19.9315771,
            50.0553927
          ]
        ]
      },
      "id": "way/25130789"
    },
    {
      "type": "Feature",
      "properties": {
        "@id": "way/25148297",
        "bicycle": "yes",
        "cycleway:both": "no",
        "goods": "delivery",
        "highway": "living_street",
        "lit": "yes",
        "maxspeed": "20",
        "motor_vehicle": "private",
        "name": "Plac Szczepański",
        "name:de": "Stephansplatz",
        "name:pl": "Plac Szczepański",
        "oneway": "yes",
        "oneway:bicycle": "no",
        "psv": "yes",
        "smoothness": "intermediate",
        "source:maxspeed": "PL:living_street",
        "surface": "sett",
        "taxi": "yes"
      },
      "geometry": {
        "type": "LineString",
        "coordinates": [
          [
            19.9348472,
            50.0636436
          ],
          [
            19.9349954,
            50.0635814
          ],
          [
            19.9353304,
            50.0634502
          ],
          [
            19.9355917,
            50.0633486
          ]
        ]
      },
      "id": "way/25148297"
    },
    {
      "type": "Feature",
      "properties": {
        "@id": "way/25148298",
        "bicycle": "yes",
        "cycleway:both": "no",
        "goods": "delivery",
        "highway": "living_street",
        "lit": "yes",
        "maxspeed": "20",
        "motor_vehicle": "private",
        "name": "Świętego Tomasza",
        "name:de": "Thomasgasse",
        "name:etymology:wikidata": "Q9438",
        "name:pl": "Świętego Tomasza",
        "old_name": "Ludwika Solskiego",
        "oneway": "yes",
        "oneway:bicycle": "no",
        "psv": "yes",
        "smoothness": "intermediate",
        "source:maxspeed": "PL:living_street",
        "surface": "sett",
        "taxi": "yes"
      },
      "geometry": {
        "type": "LineString",
        "coordinates": [
          [
            19.9351647,
            50.064283
          ],
          [
            19.9348484,
            50.0643893
          ],
          [
            19.9344088,
            50.0645374
          ],
          [
            19.9342893,
            50.0645777
          ],
          [
            19.9342694,
            50.0645844
          ]
        ]
      },
      "id": "way/25148298"
    },
    {
      "type": "Feature",
      "properties": {
        "@id": "way/25148406",
        "bicycle": "yes",
        "highway": "living_street",
        "lit": "yes",
        "maxspeed": "20",
        "motor_vehicle": "private",
        "name": "Jagiellońska",
        "name:be": "Ягелонская вуліца",
        "name:de": "Jagiellonengasse",
        "name:pl": "Jagiellońska",
        "source:bicycle": "sign",
        "source:maxspeed": "PL:zone20",
        "surface": "sett"
      },
      "geometry": {
        "type": "LineString",
        "coordinates": [
          [
            19.9342455,
            50.0617275
          ],
          [
            19.9340736,
            50.0615038
          ],
          [
            19.933871,
            50.0612445
          ],
          [
            19.9337193,
            50.0610457
          ],
          [
            19.9336966,
            50.061016
          ]
        ]
      },
      "id": "way/25148406"
    },
    {
      "type": "Feature",
      "properties": {
        "@id": "way/25148654",
        "bicycle": "yes",
        "goods": "delivery",
        "highway": "living_street",
        "lit": "yes",
        "maxspeed": "20",
        "motor_vehicle": "private",
        "name": "Gołębia",
        "name:de": "Taubegasse",
        "name:pl": "Gołębia",
        "oneway": "yes",
        "psv": "yes",
        "source:maxspeed": "PL:living_street",
        "surface": "sett",
        "taxi": "yes"
      },
      "geometry": {
        "type": "LineString",
        "coordinates": [
          [
            19.9348234,
            50.0606212
          ],
          [
            19.934879,
            50.0605982
          ],
          [
            19.9353448,
            50.0604058
          ],
          [
            19.9354821,
            50.0603527
          ],
          [
            19.9355265,
            50.0603343
          ],
          [
            19.9356626,
            50.0602881
          ],
          [
            19.9357031,
            50.0602759
          ],
          [
            19.9357272,
            50.0602696
          ],
          [
            19.9357551,
            50.0602648
          ],
          [
            19.9357967,
            50.0602599
          ],
          [
            19.9361987,
            50.0602239
          ],
          [
            19.9362447,
            50.0602198
          ]
        ]
      },
      "id": "way/25148654"
    },
    {
      "type": "Feature",
      "properties": {
        "@id": "way/25148696",
        "highway": "living_street",
        "lit": "yes",
        "maxspeed": "20",
        "motor_vehicle": "private",
        "name": "Wiślna",
        "name:de": "Weichselstraße",
        "name:pl": "Wiślna",
        "parking:condition:right": "no_stopping",
        "parking:lane:left": "parallel",
        "source:maxspeed": "PL:living_street",
        "surface": "sett",
        "taxi": "yes"
      },
      "geometry": {
        "type": "LineString",
        "coordinates": [
          [
            19.9348234,
            50.0606212
          ],
          [
            19.9347919,
            50.0605895
          ],
          [
            19.934673,
            50.0604702
          ],
          [
            19.9346262,
            50.0604185
          ],
          [
            19.9346053,
            50.0603924
          ],
          [
            19.9345319,
            50.0602919
          ],
          [
            19.9344007,
            50.0600825
          ],
          [
            19.9343905,
            50.0600667
          ],
          [
            19.9343761,
            50.060049
          ]
        ]
      },
      "id": "way/25148696"
    },
    {
      "type": "Feature",
      "properties": {
        "@id": "way/25148891",
        "highway": "living_street",
        "lit": "yes",
        "maxspeed": "20",
        "name": "Rynek Kleparski",
        "name:de": "Klöpper Markt",
        "source:maxspeed": "PL:living_street",
        "surface": "sett"
      },
      "geometry": {
        "type": "LineString",
        "coordinates": [
          [
            19.9401876,
            50.0669049
          ],
          [
            19.9401746,
            50.0668924
          ],
          [
            19.9400913,
            50.0668113
          ],
          [
            19.9400398,
            50.0667555
          ],
          [
            19.9399808,
            50.0666903
          ],
          [
            19.9399374,
            50.0666444
          ],
          [
            19.9399001,
            50.0666083
          ],
          [
            19.9398429,
            50.0665469
          ],
          [
            19.939781,
            50.0664814
          ],
          [
            19.9397631,
            50.0664625
          ]
        ]
      },
      "id": "way/25148891"
    },
    {
      "type": "Feature",
      "properties": {
        "@id": "way/25149794",
        "bicycle": "yes",
        "highway": "footway",
        "lit": "yes",
        "source:bicycle": "park_rules",
        "surface": "sett"
      },
      "geometry": {
        "type": "LineString",
        "coordinates": [
          [
            19.9384133,
            50.0659379
          ],
          [
            19.9385638,
            50.0658936
          ]
        ]
      },
      "id": "way/25149794"
    },
    {
      "type": "Feature",
      "properties": {
        "@id": "way/25150062",
        "bicycle": "yes",
        "highway": "footway",
        "lit": "yes",
        "source:bicycle": "park_rules",
        "surface": "sett"
      },
      "geometry": {
        "type": "LineString",
        "coordinates": [
          [
            19.9349073,
            50.0647098
          ],
          [
            19.9349175,
            50.0647185
          ],
          [
            19.9349238,
            50.0647286
          ],
          [
            19.9349259,
            50.0647394
          ],
          [
            19.9349235,
            50.0647502
          ],
          [
            19.9349177,
            50.0647591
          ],
          [
            19.934909,
            50.0647669
          ],
          [
            19.9348976,
            50.0647732
          ],
          [
            19.9348842,
            50.0647777
          ],
          [
            19.9348696,
            50.06478
          ],
          [
            19.9348546,
            50.0647801
          ],
          [
            19.9348399,
            50.064778
          ],
          [
            19.9348264,
            50.0647738
          ],
          [
            19.9348148,
            50.0647676
          ],
          [
            19.9348057,
            50.0647599
          ],
          [
            19.9347997,
            50.0647511
          ],
          [
            19.934797,
            50.0647416
          ],
          [
            19.9347978,
            50.064732
          ],
          [
            19.934802,
            50.0647227
          ],
          [
            19.9348095,
            50.0647143
          ],
          [
            19.9348198,
            50.0647073
          ],
          [
            19.9348324,
            50.064702
          ],
          [
            19.9348465,
            50.0646987
          ],
          [
            19.9348614,
            50.0646975
          ],
          [
            19.9348782,
            50.064699
          ],
          [
            19.9348939,
            50.0647032
          ],
          [
            19.9349073,
            50.0647098
          ]
        ]
      },
      "id": "way/25150062"
    },
    {
      "type": "Feature",
      "properties": {
        "@id": "way/25150064",
        "bicycle": "yes",
        "highway": "footway",
        "lit": "yes",
        "source": "Knowledge",
        "source:bicycle": "park_rules",
        "surface": "sett"
      },
      "geometry": {
        "type": "LineString",
        "coordinates": [
          [
            19.9352857,
            50.0649642
          ],
          [
            19.9353688,
            50.0649323
          ]
        ]
      },
      "id": "way/25150064"
    },
    {
      "type": "Feature",
      "properties": {
        "@id": "way/25171267",
        "highway": "service",
        "surface": "sett"
      },
      "geometry": {
        "type": "LineString",
        "coordinates": [
          [
            19.8542337,
            50.0552358
          ],
          [
            19.8542896,
            50.0552577
          ],
          [
            19.8543587,
            50.0552961
          ],
          [
            19.8544081,
            50.0553214
          ],
          [
            19.8543214,
            50.0555851
          ],
          [
            19.8542868,
            50.0555988
          ],
          [
            19.8541372,
            50.0555267
          ],
          [
            19.8543587,
            50.0552961
          ]
        ]
      },
      "id": "way/25171267"
    },
    {
      "type": "Feature",
      "properties": {
        "@id": "way/25247671",
        "bicycle": "yes",
        "emergency": "yes",
        "highway": "pedestrian",
        "lit": "yes",
        "maxspeed": "20",
        "motor_vehicle:conditional": "delivery @ (19:00-10:00)",
        "name": "Pijarska",
        "name:de": "Piaristengasse",
        "name:pl": "Pijarska",
        "source:bicycle": "sign",
        "source:maxspeed": "PL:living_street",
        "surface": "sett"
      },
      "geometry": {
        "type": "LineString",
        "coordinates": [
          [
            19.942475,
            50.0644923
          ],
          [
            19.9424161,
            50.0645135
          ],
          [
            19.9421712,
            50.0646063
          ],
          [
            19.9417888,
            50.0647502
          ],
          [
            19.9414268,
            50.0648022
          ],
          [
            19.9414239,
            50.0647936
          ],
          [
            19.9413343,
            50.0648091
          ]
        ]
      },
      "id": "way/25247671"
    },
    {
      "type": "Feature",
      "properties": {
        "@id": "way/25318849",
        "highway": "living_street",
        "lane_markings": "no",
        "maxspeed": "20",
        "name": "Łagiewnicka",
        "sidewalk:left": "separate",
        "source:maxspeed": "PL:living_street",
        "surface": "sett"
      },
      "geometry": {
        "type": "LineString",
        "coordinates": [
          [
            19.9434644,
            50.0346834
          ],
          [
            19.9434189,
            50.0344436
          ],
          [
            19.9433826,
            50.0342526
          ],
          [
            19.9433542,
            50.0342174
          ],
          [
            19.9432994,
            50.0341962
          ]
        ]
      },
      "id": "way/25318849"
    },
    {
      "type": "Feature",
      "properties": {
        "@id": "way/25466307",
        "bicycle": "yes",
        "highway": "footway",
        "lit": "yes",
        "smoothness": "intermediate",
        "source": "Knowledge",
        "source:bicycle": "park_rules",
        "surface": "sett"
      },
      "geometry": {
        "type": "LineString",
        "coordinates": [
          [
            19.9343066,
            50.0583901
          ],
          [
            19.9342921,
            50.0583917
          ],
          [
            19.9342776,
            50.0583907
          ],
          [
            19.9342642,
            50.0583871
          ],
          [
            19.9342527,
            50.0583814
          ],
          [
            19.9342442,
            50.0583738
          ],
          [
            19.9342393,
            50.0583651
          ],
          [
            19.9342386,
            50.0583538
          ],
          [
            19.9342437,
            50.058343
          ],
          [
            19.9342541,
            50.058334
          ],
          [
            19.9342686,
            50.0583276
          ],
          [
            19.9342855,
            50.0583247
          ],
          [
            19.934303,
            50.0583255
          ],
          [
            19.9343188,
            50.0583299
          ],
          [
            19.9343315,
            50.0583373
          ],
          [
            19.9343397,
            50.0583469
          ],
          [
            19.9343427,
            50.0583577
          ],
          [
            19.9343401,
            50.0583686
          ],
          [
            19.9343322,
            50.0583784
          ],
          [
            19.9343197,
            50.0583859
          ],
          [
            19.9343066,
            50.0583901
          ]
        ]
      },
      "id": "way/25466307"
    },
    {
      "type": "Feature",
      "properties": {
        "@id": "way/25516309",
        "check_date:ramp": "2025-08-07",
        "handrail:right": "yes",
        "highway": "steps",
        "incline": "up",
        "lit": "yes",
        "ramp": "no",
        "source": "gps",
        "step_count": "42",
        "surface": "sett",
        "tactile_paving": "no"
      },
      "geometry": {
        "type": "LineString",
        "coordinates": [
          [
            19.9353092,
            50.0525903
          ],
          [
            19.935444,
            50.0527121
          ],
          [
            19.9355711,
            50.0528392
          ],
          [
            19.9359534,
            50.0533226
          ]
        ]
      },
      "id": "way/25516309"
    },
    {
      "type": "Feature",
      "properties": {
        "@id": "way/25516991",
        "cycleway": "no",
        "highway": "living_street",
        "lit": "yes",
        "maxspeed": "20",
        "name": "Świętej Agnieszki",
        "oneway": "yes",
        "oneway:bicycle": "no",
        "sidewalk": "separate",
        "source:maxspeed": "PL:living_street",
        "surface": "sett",
        "wikidata": "Q9366381",
        "wikipedia": "pl:Ulica św. Agnieszki w Krakowie"
      },
      "geometry": {
        "type": "LineString",
        "coordinates": [
          [
            19.9402236,
            50.0530317
          ],
          [
            19.9402214,
            50.0530047
          ],
          [
            19.9402065,
            50.0528199
          ]
        ]
      },
      "id": "way/25516991"
    },
    {
      "type": "Feature",
      "properties": {
        "@id": "way/25526330",
        "bicycle": "yes",
        "highway": "living_street",
        "lit": "yes",
        "maxspeed": "20",
        "name": "Podbrzezie",
        "oneway": "yes",
        "source:maxspeed": "PL:living_street",
        "surface": "sett",
        "vehicle": "private"
      },
      "geometry": {
        "type": "LineString",
        "coordinates": [
          [
            19.9442557,
            50.052664
          ],
          [
            19.9442174,
            50.0527317
          ],
          [
            19.9441421,
            50.0528579
          ],
          [
            19.94414,
            50.0528638
          ],
          [
            19.9441377,
            50.0528782
          ],
          [
            19.9441364,
            50.0528907
          ],
          [
            19.9441368,
            50.0528958
          ],
          [
            19.9441377,
            50.0529062
          ],
          [
            19.9441408,
            50.0529163
          ],
          [
            19.944152,
            50.0529348
          ],
          [
            19.9441683,
            50.0529549
          ],
          [
            19.9441817,
            50.0529681
          ]
        ]
      },
      "id": "way/25526330"
    },
    {
      "type": "Feature",
      "properties": {
        "@id": "way/25527055",
        "goods": "no",
        "goods:conditional": "delivery @ (00:00-12:00,16:00-20:00,23:00-24:00)",
        "highway": "living_street",
        "lit": "yes",
        "maxspeed": "20",
        "motor_vehicle": "private",
        "name": "Szeroka",
        "psv": "yes",
        "smoothness": "intermediate",
        "source:maxspeed": "PL:living_street",
        "surface": "sett"
      },
      "geometry": {
        "type": "LineString",
        "coordinates": [
          [
            19.9479318,
            50.0527056
          ],
          [
            19.9479078,
            50.0527297
          ],
          [
            19.9477009,
            50.052937
          ],
          [
            19.9476184,
            50.0529947
          ]
        ]
      },
      "id": "way/25527055"
    },
    {
      "type": "Feature",
      "properties": {
        "@id": "way/25527057",
        "bicycle": "yes",
        "highway": "living_street",
        "lit": "yes",
        "maxspeed": "20",
        "name": "Szeroka",
        "oneway": "yes",
        "smoothness": "intermediate",
        "source:maxspeed": "PL:living_street",
        "surface": "sett",
        "taxi": "yes",
        "vehicle": "private",
        "vehicle:conditional": "delivery @ (00:00-12:00,16:00-20:00,23:00-24:00)"
      },
      "geometry": {
        "type": "LineString",
        "coordinates": [
          [
            19.9480646,
            50.0531186
          ],
          [
            19.9481759,
            50.0527787
          ],
          [
            19.9480911,
            50.0527313
          ],
          [
            19.9479318,
            50.0527056
          ]
        ]
      },
      "id": "way/25527057"
    },
    {
      "type": "Feature",
      "properties": {
        "@id": "way/25528429",
        "highway": "living_street",
        "lanes": "1",
        "lit": "yes",
        "maxspeed": "20",
        "name": "Świętej Katarzyny",
        "oneway": "yes",
        "oneway:bicycle": "no",
        "source:maxspeed": "PL:living_street",
        "surface": "sett"
      },
      "geometry": {
        "type": "LineString",
        "coordinates": [
          [
            19.9426886,
            50.0500869
          ],
          [
            19.9426671,
            50.0500824
          ],
          [
            19.9425905,
            50.0500662
          ],
          [
            19.9415661,
            50.0498109
          ],
          [
            19.9414895,
            50.0497922
          ]
        ]
      },
      "id": "way/25528429"
    },
    {
      "type": "Feature",
      "properties": {
        "@id": "way/25598024",
        "highway": "footway",
        "lit": "yes",
        "surface": "sett"
      },
      "geometry": {
        "type": "LineString",
        "coordinates": [
          [
            19.9426217,
            50.063662
          ],
          [
            19.9426305,
            50.0636715
          ],
          [
            19.9426346,
            50.0636811
          ],
          [
            19.9426376,
            50.0636965
          ],
          [
            19.9426351,
            50.0637064
          ],
          [
            19.9426262,
            50.0637213
          ],
          [
            19.9426177,
            50.0637307
          ],
          [
            19.9426039,
            50.0637406
          ],
          [
            19.9425898,
            50.0637467
          ],
          [
            19.9425746,
            50.0637502
          ],
          [
            19.9425587,
            50.0637528
          ],
          [
            19.9425419,
            50.063753
          ],
          [
            19.9425241,
            50.0637518
          ],
          [
            19.9425071,
            50.0637478
          ],
          [
            19.9424932,
            50.0637429
          ],
          [
            19.9424802,
            50.0637354
          ],
          [
            19.9424679,
            50.063726
          ],
          [
            19.9424606,
            50.0637162
          ],
          [
            19.9424556,
            50.0637064
          ],
          [
            19.9424538,
            50.0636931
          ],
          [
            19.9424567,
            50.0636798
          ],
          [
            19.9424611,
            50.0636722
          ],
          [
            19.9424679,
            50.0636632
          ],
          [
            19.9424812,
            50.0636531
          ],
          [
            19.9425014,
            50.063643
          ],
          [
            19.9425218,
            50.0636379
          ],
          [
            19.9425452,
            50.0636357
          ],
          [
            19.942568,
            50.0636376
          ],
          [
            19.9425842,
            50.063641
          ],
          [
            19.9425981,
            50.0636464
          ],
          [
            19.9426114,
            50.0636542
          ],
          [
            19.9426217,
            50.063662
          ]
        ]
      },
      "id": "way/25598024"
    },
    {
      "type": "Feature",
      "properties": {
        "@id": "way/25598025",
        "highway": "footway",
        "lit": "yes",
        "surface": "sett"
      },
      "geometry": {
        "type": "LineString",
        "coordinates": [
          [
            19.9425898,
            50.0637467
          ],
          [
            19.9426264,
            50.0637919
          ]
        ]
      },
      "id": "way/25598025"
    },
    {
      "type": "Feature",
      "properties": {
        "@id": "way/25598026",
        "highway": "footway",
        "lit": "yes",
        "surface": "sett"
      },
      "geometry": {
        "type": "LineString",
        "coordinates": [
          [
            19.9425014,
            50.063643
          ],
          [
            19.9424651,
            50.0635989
          ]
        ]
      },
      "id": "way/25598026"
    },
    {
      "type": "Feature",
      "properties": {
        "@id": "way/25707759",
        "highway": "footway",
        "lit": "no",
        "surface": "sett"
      },
      "geometry": {
        "type": "LineString",
        "coordinates": [
          [
            19.8482496,
            50.0600742
          ],
          [
            19.8481688,
            50.0600688
          ]
        ]
      },
      "id": "way/25707759"
    },
    {
      "type": "Feature",
      "properties": {
        "@id": "way/25707761",
        "bicycle": "no",
        "highway": "footway",
        "lit": "no",
        "smoothness": "intermediate",
        "source:bicycle": "sign",
        "surface": "sett"
      },
      "geometry": {
        "type": "LineString",
        "coordinates": [
          [
            19.8479145,
            50.0600641
          ],
          [
            19.8478999,
            50.0601546
          ],
          [
            19.8478962,
            50.0601636
          ],
          [
            19.8478497,
            50.0602418
          ],
          [
            19.8477603,
            50.0603279
          ],
          [
            19.8476774,
            50.0603856
          ],
          [
            19.8475751,
            50.0604345
          ],
          [
            19.8474872,
            50.0604646
          ],
          [
            19.8473716,
            50.0604899
          ],
          [
            19.8472674,
            50.0604985
          ],
          [
            19.8471517,
            50.0605045
          ],
          [
            19.8470493,
            50.060492
          ],
          [
            19.846947,
            50.0604718
          ],
          [
            19.8467685,
            50.0603968
          ],
          [
            19.8466258,
            50.0602931
          ],
          [
            19.8465442,
            50.0601597
          ],
          [
            19.8465279,
            50.0601085
          ],
          [
            19.8465272,
            50.0600545
          ],
          [
            19.8465405,
            50.0600196
          ],
          [
            19.8465696,
            50.0599817
          ],
          [
            19.846609,
            50.0599141
          ],
          [
            19.8466303,
            50.0598835
          ],
          [
            19.8466561,
            50.0598558
          ],
          [
            19.8466905,
            50.0598276
          ],
          [
            19.8467272,
            50.0598009
          ],
          [
            19.8467654,
            50.0597767
          ],
          [
            19.8468076,
            50.0597551
          ],
          [
            19.8468598,
            50.0597366
          ],
          [
            19.8469152,
            50.0597195
          ],
          [
            19.8469633,
            50.0597086
          ],
          [
            19.8470286,
            50.0597002
          ],
          [
            19.8470979,
            50.0596948
          ],
          [
            19.84716,
            50.0596934
          ],
          [
            19.8472037,
            50.0596942
          ],
          [
            19.8472859,
            50.0597061
          ],
          [
            19.8473642,
            50.0597269
          ],
          [
            19.8474397,
            50.0597551
          ],
          [
            19.8475018,
            50.0597868
          ],
          [
            19.8475616,
            50.0598298
          ],
          [
            19.8476052,
            50.0598725
          ],
          [
            19.8476299,
            50.0599063
          ],
          [
            19.8476517,
            50.059944
          ],
          [
            19.8476638,
            50.0599744
          ],
          [
            19.8476729,
            50.0600054
          ],
          [
            19.8476722,
            50.0600325
          ],
          [
            19.8476581,
            50.0600683
          ],
          [
            19.8476115,
            50.0601508
          ],
          [
            19.8475758,
            50.0601991
          ],
          [
            19.847526,
            50.0602419
          ],
          [
            19.8474268,
            50.0602976
          ],
          [
            19.8472911,
            50.0603285
          ],
          [
            19.8471422,
            50.0603324
          ],
          [
            19.8470136,
            50.0603055
          ],
          [
            19.8469198,
            50.0602645
          ],
          [
            19.8468511,
            50.0602121
          ],
          [
            19.8468119,
            50.0601482
          ],
          [
            19.8467973,
            50.0600898
          ],
          [
            19.8468079,
            50.0600492
          ],
          [
            19.846824,
            50.0600236
          ],
          [
            19.8468457,
            50.0599956
          ],
          [
            19.8469301,
            50.0599246
          ],
          [
            19.8470696,
            50.0598788
          ],
          [
            19.847196,
            50.0598849
          ],
          [
            19.8472892,
            50.0599086
          ],
          [
            19.8473316,
            50.059937
          ],
          [
            19.8473692,
            50.0599719
          ],
          [
            19.8473963,
            50.0600256
          ],
          [
            19.8473845,
            50.060049
          ],
          [
            19.8473685,
            50.0600685
          ],
          [
            19.8473345,
            50.0601074
          ],
          [
            19.8472759,
            50.0601382
          ],
          [
            19.8472113,
            50.0601514
          ],
          [
            19.8471468,
            50.0601441
          ],
          [
            19.8471045,
            50.0601284
          ],
          [
            19.8470732,
            50.0600915
          ],
          [
            19.847066,
            50.0600495
          ]
        ]
      },
      "id": "way/25707761"
    },
    {
      "type": "Feature",
      "properties": {
        "@id": "way/25707762",
        "bicycle": "no",
        "highway": "footway",
        "lit": "no",
        "smoothness": "intermediate",
        "source:bicycle": "sign",
        "surface": "sett"
      },
      "geometry": {
        "type": "LineString",
        "coordinates": [
          [
            19.847066,
            50.0600495
          ],
          [
            19.8470753,
            50.0600234
          ],
          [
            19.8470996,
            50.0599986
          ],
          [
            19.8471272,
            50.0599815
          ],
          [
            19.8471662,
            50.0599693
          ],
          [
            19.847216,
            50.0599679
          ],
          [
            19.8472576,
            50.0599739
          ],
          [
            19.8472995,
            50.0599889
          ],
          [
            19.8473335,
            50.0600081
          ],
          [
            19.8473624,
            50.0600339
          ],
          [
            19.8473845,
            50.060049
          ],
          [
            19.8474004,
            50.0600772
          ],
          [
            19.847383,
            50.0601206
          ],
          [
            19.847361,
            50.0601505
          ],
          [
            19.8473042,
            50.0602
          ],
          [
            19.8472256,
            50.0602222
          ],
          [
            19.8471512,
            50.0602368
          ],
          [
            19.847047,
            50.0602287
          ],
          [
            19.8469958,
            50.0602128
          ],
          [
            19.8469559,
            50.0601954
          ],
          [
            19.8468674,
            50.0601329
          ],
          [
            19.8468269,
            50.0600778
          ],
          [
            19.8468079,
            50.0600492
          ],
          [
            19.8467945,
            50.0600196
          ],
          [
            19.8467979,
            50.0599844
          ],
          [
            19.846812,
            50.0599469
          ],
          [
            19.8468981,
            50.0598682
          ],
          [
            19.8470016,
            50.0598214
          ],
          [
            19.8471424,
            50.059784
          ],
          [
            19.8472944,
            50.0597836
          ],
          [
            19.8474326,
            50.0598247
          ],
          [
            19.8475449,
            50.0598853
          ],
          [
            19.8476266,
            50.0599832
          ],
          [
            19.8476338,
            50.0600064
          ],
          [
            19.847641,
            50.0600335
          ],
          [
            19.8476581,
            50.0600683
          ],
          [
            19.8476664,
            50.0601025
          ],
          [
            19.8476619,
            50.0601314
          ],
          [
            19.8476381,
            50.0601944
          ],
          [
            19.8475751,
            50.0602783
          ],
          [
            19.8474655,
            50.0603449
          ],
          [
            19.8472818,
            50.0604066
          ],
          [
            19.847093,
            50.0604202
          ],
          [
            19.8469217,
            50.0603947
          ],
          [
            19.8468037,
            50.0603518
          ],
          [
            19.8466701,
            50.0602783
          ],
          [
            19.846594,
            50.0601734
          ],
          [
            19.8465626,
            50.060112
          ],
          [
            19.846559,
            50.0600512
          ],
          [
            19.8465405,
            50.0600196
          ],
          [
            19.8465409,
            50.059973
          ],
          [
            19.8465756,
            50.0598834
          ],
          [
            19.846631,
            50.0598131
          ],
          [
            19.8467242,
            50.0597379
          ],
          [
            19.8467992,
            50.0596944
          ],
          [
            19.8468848,
            50.0596595
          ],
          [
            19.8470827,
            50.0596131
          ],
          [
            19.8472289,
            50.0596085
          ],
          [
            19.8473641,
            50.0596221
          ],
          [
            19.8475478,
            50.0596701
          ],
          [
            19.8477289,
            50.059766
          ],
          [
            19.8478484,
            50.0598794
          ],
          [
            19.8478997,
            50.0599636
          ],
          [
            19.8479053,
            50.0599729
          ]
        ]
      },
      "id": "way/25707762"
    },
    {
      "type": "Feature",
      "properties": {
        "@id": "way/25708365",
        "cycleway:both": "no",
        "highway": "residential",
        "lane_markings": "no",
        "lit": "yes",
        "maxspeed": "50",
        "maxweight": "3.5",
        "name": "Świętej Bronisławy",
        "sidewalk": "both",
        "sidewalk:both:surface": "paving_stones",
        "surface": "sett"
      },
      "geometry": {
        "type": "LineString",
        "coordinates": [
          [
            19.911151,
            50.0533006
          ],
          [
            19.9112383,
            50.0532899
          ],
          [
            19.9114857,
            50.0532215
          ],
          [
            19.9123135,
            50.052939
          ],
          [
            19.9124748,
            50.0528851
          ],
          [
            19.9129799,
            50.0527063
          ],
          [
            19.9132266,
            50.0526221
          ],
          [
            19.9132753,
            50.0526034
          ],
          [
            19.9133228,
            50.0525831
          ],
          [
            19.9133601,
            50.052561
          ],
          [
            19.9134041,
            50.0525245
          ],
          [
            19.9134894,
            50.0524426
          ]
        ]
      },
      "id": "way/25708365"
    },
    {
      "type": "Feature",
      "properties": {
        "@id": "way/25708366",
        "handrail": "no",
        "highway": "steps",
        "incline": "up",
        "lit": "yes",
        "ramp": "no",
        "surface": "sett",
        "tactile_paving": "no"
      },
      "geometry": {
        "type": "LineString",
        "coordinates": [
          [
            19.8957322,
            50.0534618
          ],
          [
            19.8957566,
            50.0535825
          ],
          [
            19.8957407,
            50.0536456
          ],
          [
            19.8957016,
            50.0537592
          ],
          [
            19.8956741,
            50.0538748
          ],
          [
            19.8956416,
            50.0539499
          ],
          [
            19.89534,
            50.0543579
          ],
          [
            19.8952671,
            50.0544372
          ],
          [
            19.8951592,
            50.0545264
          ],
          [
            19.8949333,
            50.0546479
          ],
          [
            19.8948759,
            50.0546787
          ],
          [
            19.894812,
            50.0546869
          ]
        ]
      },
      "id": "way/25708366"
    },
    {
      "type": "Feature",
      "properties": {
        "@id": "way/25711023",
        "bicycle": "yes",
        "highway": "footway",
        "source:bicycle": "park_rules",
        "surface": "sett"
      },
      "geometry": {
        "type": "LineString",
        "coordinates": [
          [
            19.9177644,
            50.0503873
          ],
          [
            19.9178626,
            50.0503349
          ],
          [
            19.9178934,
            50.050316
          ],
          [
            19.9179181,
            50.0502971
          ],
          [
            19.9179419,
            50.050272
          ],
          [
            19.9179575,
            50.0502501
          ],
          [
            19.9179695,
            50.0502243
          ],
          [
            19.9179771,
            50.0501928
          ],
          [
            19.9179706,
            50.0501648
          ],
          [
            19.917963,
            50.0501407
          ],
          [
            19.9179433,
            50.050107
          ],
          [
            19.9179172,
            50.0500756
          ],
          [
            19.9177576,
            50.0498954
          ],
          [
            19.9177331,
            50.0498576
          ],
          [
            19.9177158,
            50.0498254
          ],
          [
            19.9177068,
            50.0497877
          ],
          [
            19.9177055,
            50.0497484
          ],
          [
            19.9177116,
            50.0497133
          ],
          [
            19.9177253,
            50.0496775
          ],
          [
            19.9177445,
            50.0496458
          ],
          [
            19.9177682,
            50.0496154
          ],
          [
            19.9178132,
            50.0495637
          ],
          [
            19.9178737,
            50.0494942
          ],
          [
            19.9178832,
            50.0494743
          ],
          [
            19.9178885,
            50.0494472
          ],
          [
            19.9178869,
            50.0494295
          ],
          [
            19.9178677,
            50.0493995
          ],
          [
            19.9178453,
            50.049379
          ],
          [
            19.9178138,
            50.0493589
          ],
          [
            19.9176534,
            50.049296
          ],
          [
            19.9171552,
            50.0490996
          ],
          [
            19.9171258,
            50.0491365
          ]
        ]
      },
      "id": "way/25711023"
    },
    {
      "type": "Feature",
      "properties": {
        "@id": "way/25713535",
        "highway": "residential",
        "name": "Praska",
        "oneway": "yes",
        "surface": "sett"
      },
      "geometry": {
        "type": "LineString",
        "coordinates": [
          [
            19.9063289,
            50.0451039
          ],
          [
            19.9061399,
            50.0453051
          ]
        ]
      },
      "id": "way/25713535"
    },
    {
      "type": "Feature",
      "properties": {
        "@id": "way/25862510",
        "handrail": "no",
        "highway": "steps",
        "incline": "down",
        "lit": "yes",
        "ramp": "no",
        "step_count": "8",
        "surface": "sett",
        "tactile_paving": "no"
      },
      "geometry": {
        "type": "LineString",
        "coordinates": [
          [
            19.9232602,
            50.0513678
          ],
          [
            19.9233004,
            50.0512904
          ]
        ]
      },
      "id": "way/25862510"
    },
    {
      "type": "Feature",
      "properties": {
        "@id": "way/25873013",
        "access": "private",
        "bicycle": "yes",
        "foot": "yes",
        "highway": "living_street",
        "lit": "yes",
        "name": "Aleja Róż",
        "name:etymology:wikidata": "Q34687",
        "sidewalk:both": "separate",
        "smoothness": "very_bad",
        "source:width": "ARCore",
        "surface": "sett",
        "width": "9"
      },
      "geometry": {
        "type": "LineString",
        "coordinates": [
          [
            20.0375334,
            50.0726695
          ],
          [
            20.0375898,
            50.0728478
          ],
          [
            20.0377784,
            50.0734433
          ]
        ]
      },
      "id": "way/25873013"
    },
    {
      "type": "Feature",
      "properties": {
        "@id": "way/25944547",
        "highway": "living_street",
        "lanes": "1",
        "lit": "yes",
        "maxspeed": "30",
        "maxspeed:source": "pl:zone30",
        "name": "Targowa",
        "parking:lane:left": "parallel",
        "source:maxspeed": "PL:living_street",
        "surface": "sett"
      },
      "geometry": {
        "type": "LineString",
        "coordinates": [
          [
            19.9540639,
            50.0463039
          ],
          [
            19.9540771,
            50.0463808
          ],
          [
            19.9540784,
            50.0464502
          ],
          [
            19.9540651,
            50.0465483
          ],
          [
            19.9539998,
            50.0470052
          ],
          [
            19.9539893,
            50.0470793
          ]
        ]
      },
      "id": "way/25944547"
    },
    {
      "type": "Feature",
      "properties": {
        "@id": "way/25944548",
        "highway": "residential",
        "lanes": "1",
        "lit": "yes",
        "maxspeed": "30",
        "maxweight": "3.5",
        "name": "Solna",
        "parking:condition:both": "no_stopping",
        "sidewalk": "separate",
        "smoothness": "intermediate",
        "source:maxspeed": "PL:zone30",
        "surface": "sett"
      },
      "geometry": {
        "type": "LineString",
        "coordinates": [
          [
            19.9539893,
            50.0470793
          ],
          [
            19.9539697,
            50.0471381
          ],
          [
            19.9539509,
            50.0471874
          ]
        ]
      },
      "id": "way/25944548"
    },
    {
      "type": "Feature",
      "properties": {
        "@id": "way/25945352",
        "handrail": "yes",
        "highway": "steps",
        "incline": "up",
        "ramp": "no",
        "surface": "sett",
        "tactile_paving": "no"
      },
      "geometry": {
        "type": "LineString",
        "coordinates": [
          [
            19.9458819,
            50.0450366
          ],
          [
            19.9456855,
            50.0449495
          ]
        ]
      },
      "id": "way/25945352"
    },
    {
      "type": "Feature",
      "properties": {
        "@id": "way/25946413",
        "highway": "footway",
        "surface": "sett"
      },
      "geometry": {
        "type": "LineString",
        "coordinates": [
          [
            19.9527937,
            50.0499765
          ],
          [
            19.9527771,
            50.0499677
          ]
        ]
      },
      "id": "way/25946413"
    },
    {
      "type": "Feature",
      "properties": {
        "@id": "way/26195265",
        "bicycle": "yes",
        "cycleway:left": "opposite_lane",
        "goods": "delivery",
        "highway": "living_street",
        "lit": "yes",
        "maxspeed": "20",
        "motor_vehicle": "private",
        "name": "Mikołajska",
        "name:be": "Мікалаеўская вуліца",
        "name:de": "Nikolaigasse",
        "name:pl": "Mikołajska",
        "oneway": "yes",
        "oneway:bicycle": "no",
        "parking:lane:left": "no",
        "parking:lane:right": "parallel",
        "psv": "yes",
        "smoothness": "excellent",
        "source:maxspeed": "PL:living_street",
        "surface": "sett",
        "taxi": "yes",
        "width": "4"
      },
      "geometry": {
        "type": "LineString",
        "coordinates": [
          [
            19.9404439,
            50.061684
          ],
          [
            19.9405338,
            50.0616607
          ],
          [
            19.9408159,
            50.0615843
          ]
        ]
      },
      "id": "way/26195265"
    },
    {
      "type": "Feature",
      "properties": {
        "@id": "way/26302955",
        "highway": "residential",
        "lanes": "1",
        "lit": "yes",
        "maxspeed": "30",
        "name": "Rękawka",
        "sidewalk:both": "separate",
        "smoothness": "bad",
        "source:maxspeed": "PL:zone30",
        "surface": "sett"
      },
      "geometry": {
        "type": "LineString",
        "coordinates": [
          [
            19.9496659,
            50.0437415
          ],
          [
            19.9498241,
            50.0436955
          ],
          [
            19.9502662,
            50.0435528
          ],
          [
            19.9503875,
            50.0434946
          ]
        ]
      },
      "id": "way/26302955"
    },
    {
      "type": "Feature",
      "properties": {
        "@id": "way/26302956",
        "highway": "residential",
        "lanes": "2",
        "lit": "yes",
        "maxspeed": "30",
        "noname": "yes",
        "sidewalk:both": "separate",
        "source:maxspeed": "PL:zone30",
        "surface": "sett"
      },
      "geometry": {
        "type": "LineString",
        "coordinates": [
          [
            19.9421367,
            50.0356902
          ],
          [
            19.9422424,
            50.0357682
          ],
          [
            19.9423722,
            50.0358641
          ]
        ]
      },
      "id": "way/26302956"
    },
    {
      "type": "Feature",
      "properties": {
        "@id": "way/26303201",
        "highway": "residential",
        "lit": "yes",
        "maxspeed": "30",
        "name": "Parkowa",
        "sidewalk": "separate",
        "source:maxspeed": "PL:zone30",
        "surface": "sett"
      },
      "geometry": {
        "type": "LineString",
        "coordinates": [
          [
            19.9504406,
            50.043323
          ],
          [
            19.9504715,
            50.0432368
          ],
          [
            19.9505225,
            50.0431391
          ],
          [
            19.9507244,
            50.0427177
          ],
          [
            19.9507882,
            50.0426066
          ],
          [
            19.9508643,
            50.0425066
          ],
          [
            19.950912,
            50.0424564
          ],
          [
            19.950972,
            50.0424087
          ],
          [
            19.9510553,
            50.0423659
          ],
          [
            19.9511716,
            50.0423238
          ],
          [
            19.9512879,
            50.0422862
          ]
        ]
      },
      "id": "way/26303201"
    },
    {
      "type": "Feature",
      "properties": {
        "@id": "way/26303209",
        "highway": "residential",
        "lit": "yes",
        "maxspeed": "30",
        "name": "Legionów Józefa Piłsudskiego",
        "sidewalk:both": "separate",
        "source:maxspeed": "PL:zone30",
        "surface": "cobblestone",
        "wikidata": "Q118220220",
        "wikipedia": "pl:Ulica Legionów Józefa Piłsudskiego w Krakowie"
      },
      "geometry": {
        "type": "LineString",
        "coordinates": [
          [
            19.9473892,
            50.0436938
          ],
          [
            19.9478165,
            50.0433421
          ],
          [
            19.9480952,
            50.0431127
          ],
          [
            19.9481667,
            50.0430539
          ]
        ]
      },
      "id": "way/26303209"
    },
    {
      "type": "Feature",
      "properties": {
        "@id": "way/26303357",
        "highway": "residential",
        "maxspeed": "30",
        "name": "Redemptorystów",
        "oneway": "yes",
        "sidewalk:left": "separate",
        "source:maxspeed": "PL:zone30",
        "surface": "sett"
      },
      "geometry": {
        "type": "LineString",
        "coordinates": [
          [
            19.9427337,
            50.0392643
          ],
          [
            19.9428122,
            50.0392502
          ],
          [
            19.9431785,
            50.0391844
          ],
          [
            19.9436862,
            50.0390932
          ],
          [
            19.9438127,
            50.039085
          ],
          [
            19.9438924,
            50.039136
          ],
          [
            19.9441439,
            50.0396413
          ],
          [
            19.9445654,
            50.0398485
          ],
          [
            19.944971,
            50.0401602
          ],
          [
            19.9454545,
            50.0405528
          ]
        ]
      },
      "id": "way/26303357"
    },
    {
      "type": "Feature",
      "properties": {
        "@id": "way/26303358",
        "highway": "residential",
        "lane_markings": "no",
        "maxspeed": "30",
        "name": "Redemptorystów",
        "oneway": "yes",
        "sidewalk:right": "separate",
        "source:maxspeed": "PL:zone30",
        "surface": "sett"
      },
      "geometry": {
        "type": "LineString",
        "coordinates": [
          [
            19.944971,
            50.0401602
          ],
          [
            19.9450521,
            50.0401701
          ],
          [
            19.9451408,
            50.0401515
          ],
          [
            19.9452154,
            50.0401201
          ]
        ]
      },
      "id": "way/26303358"
    },
    {
      "type": "Feature",
      "properties": {
        "@id": "way/26303567",
        "highway": "service",
        "lanes": "1",
        "oneway": "yes",
        "surface": "sett"
      },
      "geometry": {
        "type": "LineString",
        "coordinates": [
          [
            19.9494019,
            50.0448693
          ],
          [
            19.9493905,
            50.0448759
          ],
          [
            19.9493616,
            50.0448926
          ],
          [
            19.9491529,
            50.0448783
          ],
          [
            19.9490279,
            50.0448694
          ],
          [
            19.9489102,
            50.0448351
          ],
          [
            19.9487391,
            50.044771
          ],
          [
            19.9486205,
            50.0447264
          ],
          [
            19.948584,
            50.0447215
          ],
          [
            19.9484804,
            50.0447206
          ]
        ]
      },
      "id": "way/26303567"
    },
    {
      "type": "Feature",
      "properties": {
        "@id": "way/26341986",
        "bicycle": "no",
        "highway": "footway",
        "lit": "yes",
        "smoothness": "intermediate",
        "surface": "sett"
      },
      "geometry": {
        "type": "LineString",
        "coordinates": [
          [
            19.9497837,
            50.0655414
          ],
          [
            19.9497689,
            50.0654863
          ],
          [
            19.9497689,
            50.0654392
          ],
          [
            19.949785,
            50.0653931
          ],
          [
            19.9497993,
            50.0653659
          ],
          [
            19.9498336,
            50.0653232
          ],
          [
            19.9498528,
            50.0653032
          ],
          [
            19.949918,
            50.0652945
          ],
          [
            19.949985,
            50.0652863
          ],
          [
            19.9500396,
            50.0652801
          ],
          [
            19.9500921,
            50.0653085
          ],
          [
            19.9501265,
            50.0653365
          ],
          [
            19.9501735,
            50.0653776
          ],
          [
            19.9501953,
            50.065424
          ],
          [
            19.9502158,
            50.065487
          ],
          [
            19.9497837,
            50.0655414
          ]
        ]
      },
      "id": "way/26341986"
    },
    {
      "type": "Feature",
      "properties": {
        "@id": "way/26341987",
        "bicycle": "no",
        "highway": "footway",
        "lit": "yes",
        "smoothness": "intermediate",
        "surface": "sett"
      },
      "geometry": {
        "type": "LineString",
        "coordinates": [
          [
            19.9500396,
            50.0652801
          ],
          [
            19.950202,
            50.0651552
          ],
          [
            19.9502184,
            50.0651457
          ]
        ]
      },
      "id": "way/26341987"
    },
    {
      "type": "Feature",
      "properties": {
        "@id": "way/26341988",
        "bicycle": "no",
        "highway": "footway",
        "lit": "yes",
        "smoothness": "intermediate",
        "surface": "sett"
      },
      "geometry": {
        "type": "LineString",
        "coordinates": [
          [
            19.9498528,
            50.0653032
          ],
          [
            19.9494153,
            50.0650708
          ],
          [
            19.9494106,
            50.0650305
          ],
          [
            19.9494122,
            50.0650188
          ]
        ]
      },
      "id": "way/26341988"
    },
    {
      "type": "Feature",
      "properties": {
        "@id": "way/26341999",
        "bicycle": "no",
        "highway": "footway",
        "lit": "yes",
        "smoothness": "intermediate",
        "surface": "sett"
      },
      "geometry": {
        "type": "LineString",
        "coordinates": [
          [
            19.9503621,
            50.0669904
          ],
          [
            19.9501889,
            50.06702
          ]
        ]
      },
      "id": "way/26341999"
    },
    {
      "type": "Feature",
      "properties": {
        "@id": "way/26343710",
        "highway": "residential",
        "lane_markings": "no",
        "maxspeed": "30",
        "name": "Krzemionki",
        "parking:both": "no",
        "source:maxspeed": "PL:zone30",
        "surface": "sett"
      },
      "geometry": {
        "type": "LineString",
        "coordinates": [
          [
            19.9470348,
            50.0394601
          ],
          [
            19.9467369,
            50.0395119
          ],
          [
            19.9467199,
            50.0395148
          ],
          [
            19.9465025,
            50.0395516
          ],
          [
            19.9462007,
            50.0396032
          ],
          [
            19.9460087,
            50.0396352
          ],
          [
            19.9456338,
            50.0396987
          ],
          [
            19.9454876,
            50.0397372
          ],
          [
            19.9453377,
            50.0398255
          ],
          [
            19.9453132,
            50.0398579
          ],
          [
            19.9452443,
            50.039949
          ],
          [
            19.9452168,
            50.0401084
          ],
          [
            19.9452154,
            50.0401201
          ]
        ]
      },
      "id": "way/26343710"
    },
    {
      "type": "Feature",
      "properties": {
        "@id": "way/26343715",
        "highway": "residential",
        "incline": "down",
        "lit": "yes",
        "maxspeed": "30",
        "name": "Tatrzańska",
        "sidewalk": "no",
        "smoothness": "intermediate",
        "source:maxspeed": "PL:zone30",
        "surface": "sett"
      },
      "geometry": {
        "type": "LineString",
        "coordinates": [
          [
            19.9522884,
            50.0422893
          ],
          [
            19.9522863,
            50.042317
          ],
          [
            19.9522553,
            50.0426091
          ],
          [
            19.9522401,
            50.0426325
          ]
        ]
      },
      "id": "way/26343715"
    },
    {
      "type": "Feature",
      "properties": {
        "@id": "way/26343729",
        "highway": "footway",
        "incline": "down",
        "surface": "sett"
      },
      "geometry": {
        "type": "LineString",
        "coordinates": [
          [
            19.9465101,
            50.0397548
          ],
          [
            19.9465508,
            50.0398264
          ],
          [
            19.9465976,
            50.0399206
          ],
          [
            19.9465598,
            50.0399817
          ],
          [
            19.946554,
            50.0400523
          ],
          [
            19.9468103,
            50.0404547
          ],
          [
            19.9468279,
            50.0404816
          ]
        ]
      },
      "id": "way/26343729"
    },
    {
      "type": "Feature",
      "properties": {
        "@id": "way/26343750",
        "bicycle": "yes",
        "highway": "footway",
        "source:bicycle": "park_rules",
        "source:source:bicycle": "UCHWAŁA NR XCIX/919/97 Rady Miasta Krakowa z dnia 3 grudnia 1997 r",
        "surface": "sett"
      },
      "geometry": {
        "type": "LineString",
        "coordinates": [
          [
            19.9487401,
            50.0408093
          ],
          [
            19.9487227,
            50.0408106
          ],
          [
            19.9487018,
            50.0408045
          ],
          [
            19.9486876,
            50.0407864
          ],
          [
            19.9486966,
            50.040768
          ],
          [
            19.9487139,
            50.0407603
          ],
          [
            19.94875,
            50.0407606
          ],
          [
            19.9487632,
            50.0407656
          ],
          [
            19.948772,
            50.0407813
          ],
          [
            19.9487678,
            50.0407977
          ],
          [
            19.9487401,
            50.0408093
          ],
          [
            19.948796,
            50.0409545
          ]
        ]
      },
      "id": "way/26343750"
    },
    {
      "type": "Feature",
      "properties": {
        "@id": "way/26343928",
        "footway": "crossing",
        "highway": "footway",
        "lit": "yes",
        "source": "survey",
        "surface": "sett"
      },
      "geometry": {
        "type": "LineString",
        "coordinates": [
          [
            19.9515631,
            50.0423229
          ],
          [
            19.9515673,
            50.0422913
          ],
          [
            19.951573,
            50.042237
          ]
        ]
      },
      "id": "way/26343928"
    },
    {
      "type": "Feature",
      "properties": {
        "@id": "way/26344094",
        "handrail": "yes",
        "highway": "steps",
        "incline": "down",
        "lit": "yes",
        "ramp": "no",
        "surface": "sett",
        "tactile_paving": "no"
      },
      "geometry": {
        "type": "LineString",
        "coordinates": [
          [
            19.9425369,
            50.0390606
          ],
          [
            19.9419852,
            50.0391848
          ]
        ]
      },
      "id": "way/26344094"
    },
    {
      "type": "Feature",
      "properties": {
        "@id": "way/26393930",
        "highway": "service",
        "oneway": "no",
        "smoothness": "bad",
        "surface": "sett"
      },
      "geometry": {
        "type": "LineString",
        "coordinates": [
          [
            20.0527416,
            50.0694334
          ],
          [
            20.0527294,
            50.069435
          ],
          [
            20.0524472,
            50.0694762
          ],
          [
            20.0521387,
            50.0695239
          ],
          [
            20.0520633,
            50.0695362
          ],
          [
            20.052029,
            50.0694524
          ]
        ]
      },
      "id": "way/26393930"
    },
    {
      "type": "Feature",
      "properties": {
        "@id": "way/26475341",
        "highway": "living_street",
        "lit": "yes",
        "maxspeed": "20",
        "motor_vehicle": "private",
        "name": "Plac Dominikański",
        "name:de": "Dominikanerplatz",
        "oneway": "yes",
        "oneway:bicycle": "no",
        "smoothness": "intermediate",
        "source:maxspeed": "PL:living_street",
        "surface": "sett",
        "taxi": "yes",
        "wikidata": "Q11819033",
        "wikipedia": "pl:Plac Dominikański w Krakowie"
      },
      "geometry": {
        "type": "LineString",
        "coordinates": [
          [
            19.9387187,
            50.0592199
          ],
          [
            19.9386101,
            50.0592213
          ],
          [
            19.9385541,
            50.0592195
          ],
          [
            19.9384757,
            50.0592133
          ],
          [
            19.9382663,
            50.0591968
          ],
          [
            19.9380065,
            50.0591764
          ],
          [
            19.937958,
            50.0591639
          ]
        ]
      },
      "id": "way/26475341"
    },
    {
      "type": "Feature",
      "properties": {
        "@id": "way/26533570",
        "check_date:smoothness": "2025-04-02",
        "highway": "residential",
        "lit": "yes",
        "maxspeed": "30",
        "name": "Emilii Plater",
        "oneway": "yes",
        "oneway:bicycle": "no",
        "parking:condition:right": "no_parking",
        "parking:left": "yes",
        "parking:left:orientation": "parallel",
        "sidewalk": "separate",
        "smoothness": "intermediate",
        "source:maxspeed": "PL:zone30",
        "surface": "sett"
      },
      "geometry": {
        "type": "LineString",
        "coordinates": [
          [
            19.9318014,
            50.0774008
          ],
          [
            19.9318786,
            50.0773911
          ],
          [
            19.9321908,
            50.077349
          ],
          [
            19.93223,
            50.0773437
          ],
          [
            19.9326783,
            50.0772833
          ],
          [
            19.9327266,
            50.0772764
          ]
        ]
      },
      "id": "way/26533570"
    },
    {
      "type": "Feature",
      "properties": {
        "@id": "way/27048238",
        "highway": "service",
        "lit": "yes",
        "name": "Księdza Józefa Meiera",
        "surface": "sett"
      },
      "geometry": {
        "type": "LineString",
        "coordinates": [
          [
            19.9644399,
            50.0997098
          ],
          [
            19.9645659,
            50.099706
          ],
          [
            19.9646951,
            50.099702
          ],
          [
            19.9647188,
            50.1000168
          ],
          [
            19.9647175,
            50.1000507
          ],
          [
            19.9647119,
            50.1000826
          ],
          [
            19.9647027,
            50.1001117
          ],
          [
            19.9646139,
            50.1001147
          ],
          [
            19.9645172,
            50.1001186
          ]
        ]
      },
      "id": "way/27048238"
    },
    {
      "type": "Feature",
      "properties": {
        "@id": "way/28348214",
        "highway": "footway",
        "lit": "yes",
        "surface": "sett"
      },
      "geometry": {
        "type": "LineString",
        "coordinates": [
          [
            19.9477325,
            50.0647144
          ],
          [
            19.9474256,
            50.0646891
          ]
        ]
      },
      "id": "way/28348214"
    },
    {
      "type": "Feature",
      "properties": {
        "@id": "way/28593666",
        "construction": "residential",
        "cycleway:both": "no",
        "foot": "yes",
        "goods": "delivery",
        "highway": "construction",
        "highway:category:pl": "3",
        "lanes": "2",
        "lit": "yes",
        "maxspeed": "30",
        "motor_vehicle": "private",
        "name": "Karmelicka",
        "oneway": "no",
        "opening_date": "2027-03-06",
        "psv": "yes",
        "sidewalk": "separate",
        "smoothness": "intermediate",
        "source:maxspeed": "PL:zone30",
        "surface": "sett",
        "taxi": "yes",
        "unsigned_ref": "2205K"
      },
      "geometry": {
        "type": "LineString",
        "coordinates": [
          [
            19.9316326,
            50.0647589
          ],
          [
            19.9316739,
            50.0647203
          ],
          [
            19.9317531,
            50.064641
          ],
          [
            19.9318045,
            50.0645895
          ],
          [
            19.9318539,
            50.06454
          ],
          [
            19.9319687,
            50.0644251
          ],
          [
            19.9320852,
            50.0643052
          ],
          [
            19.9323467,
            50.0640363
          ],
          [
            19.932613,
            50.0637625
          ],
          [
            19.9327195,
            50.0636564
          ],
          [
            19.9328016,
            50.0635753
          ],
          [
            19.9328898,
            50.0634901
          ],
          [
            19.9329547,
            50.0634275
          ],
          [
            19.9329681,
            50.0634159
          ]
        ]
      },
      "id": "way/28593666"
    },
    {
      "type": "Feature",
      "properties": {
        "@id": "way/31925749",
        "highway": "track",
        "name": "Aleja Konarowa",
        "smoothness": "very_bad",
        "surface": "unhewn_cobblestone",
        "tracktype": "grade2"
      },
      "geometry": {
        "type": "LineString",
        "coordinates": [
          [
            19.8386601,
            50.0469891
          ],
          [
            19.8386667,
            50.0470649
          ],
          [
            19.838701,
            50.0471366
          ],
          [
            19.8388195,
            50.0475392
          ],
          [
            19.8388678,
            50.0477889
          ],
          [
            19.8388355,
            50.0479314
          ]
        ]
      },
      "id": "way/31925749"
    },
    {
      "type": "Feature",
      "properties": {
        "@id": "way/33291036",
        "bicycle": "yes",
        "goods": "delivery",
        "highway": "living_street",
        "lit": "yes",
        "maxspeed": "20",
        "motor_vehicle": "private",
        "name": "Świętego Tomasza",
        "name:be": "вуліца Святога Томаша",
        "name:de": "Thomasgasse",
        "name:etymology:wikidata": "Q9438",
        "name:pl": "Świętego Tomasza",
        "old_name": "Ludwika Solskiego",
        "oneway": "yes",
        "parking:left": "lane",
        "parking:left:orientation": "parallel",
        "parking:right": "no",
        "psv": "yes",
        "source:maxspeed": "PL:living_street",
        "surface": "sett",
        "taxi": "yes"
      },
      "geometry": {
        "type": "LineString",
        "coordinates": [
          [
            19.9433448,
            50.0617919
          ],
          [
            19.9432255,
            50.0618287
          ],
          [
            19.9432149,
            50.061832
          ],
          [
            19.9429108,
            50.0619295
          ],
          [
            19.94244,
            50.0620753
          ],
          [
            19.9423812,
            50.0620935
          ],
          [
            19.942352,
            50.0621016
          ],
          [
            19.941082,
            50.062456
          ],
          [
            19.9410606,
            50.0624627
          ],
          [
            19.9410176,
            50.0624762
          ]
        ]
      },
      "id": "way/33291036"
    },
    {
      "type": "Feature",
      "properties": {
        "@id": "way/35171038",
        "highway": "service",
        "service": "driveway",
        "surface": "cobblestone"
      },
      "geometry": {
        "type": "LineString",
        "coordinates": [
          [
            19.9009285,
            50.0267064
          ],
          [
            19.9009322,
            50.0265466
          ],
          [
            19.9009325,
            50.0265342
          ],
          [
            19.900935,
            50.0264227
          ],
          [
            19.9009377,
            50.0263059
          ],
          [
            19.9009383,
            50.0262781
          ],
          [
            19.9009398,
            50.026214
          ],
          [
            19.9009391,
            50.026177
          ],
          [
            19.9009545,
            50.0260484
          ],
          [
            19.9009797,
            50.0260208
          ],
          [
            19.9009902,
            50.0260062
          ],
          [
            19.9010634,
            50.0259376
          ],
          [
            19.9011301,
            50.0259019
          ],
          [
            19.9012595,
            50.0258732
          ],
          [
            19.9013579,
            50.0258725
          ],
          [
            19.9014089,
            50.0258722
          ],
          [
            19.9015692,
            50.0259078
          ],
          [
            19.9017496,
            50.0260513
          ],
          [
            19.90186,
            50.0261495
          ],
          [
            19.9018997,
            50.0261848
          ],
          [
            19.9020524,
            50.0263204
          ],
          [
            19.9021823,
            50.0264359
          ],
          [
            19.9022153,
            50.0264652
          ],
          [
            19.9022491,
            50.0264953
          ],
          [
            19.9023617,
            50.0266142
          ],
          [
            19.9023925,
            50.0266603
          ]
        ]
      },
      "id": "way/35171038"
    },
    {
      "type": "Feature",
      "properties": {
        "@id": "way/35171039",
        "highway": "service",
        "service": "driveway",
        "surface": "cobblestone"
      },
      "geometry": {
        "type": "LineString",
        "coordinates": [
          [
            19.90128,
            50.0279582
          ],
          [
            19.9012817,
            50.0279137
          ],
          [
            19.901286,
            50.0278021
          ],
          [
            19.9013154,
            50.0270477
          ],
          [
            19.9013257,
            50.0268059
          ]
        ]
      },
      "id": "way/35171039"
    },
    {
      "type": "Feature",
      "properties": {
        "@id": "way/35171040",
        "highway": "service",
        "service": "driveway",
        "surface": "cobblestone"
      },
      "geometry": {
        "type": "LineString",
        "coordinates": [
          [
            19.9013257,
            50.0268059
          ],
          [
            19.9013271,
            50.0267084
          ],
          [
            19.9009285,
            50.0267064
          ],
          [
            19.9007671,
            50.0267359
          ],
          [
            19.899937,
            50.0267226
          ]
        ]
      },
      "id": "way/35171040"
    },
    {
      "type": "Feature",
      "properties": {
        "@id": "way/36485086",
        "cycleway:both": "no",
        "highway": "residential",
        "lit": "yes",
        "maxspeed:type": "PL:urban",
        "name": "Biskupińska",
        "sidewalk": "no",
        "surface": "sett"
      },
      "geometry": {
        "type": "LineString",
        "coordinates": [
          [
            20.0118289,
            50.0362746
          ],
          [
            20.011812,
            50.0361865
          ],
          [
            20.0117792,
            50.0360157
          ],
          [
            20.0117658,
            50.0359457
          ]
        ]
      },
      "id": "way/36485086"
    },
    {
      "type": "Feature",
      "properties": {
        "@id": "way/37702408",
        "bicycle": "yes",
        "highway": "pedestrian",
        "lit": "yes",
        "maxspeed": "20",
        "motor_vehicle": "permissive",
        "name": "Rynek Główny",
        "name:be": "Галоўны рынак",
        "name:de": "Hauptmarkt",
        "name:en": "Main Square",
        "name:pl": "Rynek Główny",
        "smoothness": "good",
        "source:bicycle": "sign",
        "source:maxspeed": "PL:living_street",
        "surface": "sett"
      },
      "geometry": {
        "type": "LineString",
        "coordinates": [
          [
            19.9368915,
            50.0628048
          ],
          [
            19.9368959,
            50.0627747
          ],
          [
            19.9369093,
            50.0626838
          ]
        ]
      },
      "id": "way/37702408"
    },
    {
      "type": "Feature",
      "properties": {
        "@id": "way/39229632",
        "highway": "residential",
        "lit": "yes",
        "maxspeed": "30",
        "name": "Świętego Wawrzyńca",
        "oneway": "yes",
        "oneway:bicycle": "no",
        "parking:left": "no",
        "parking:right": "yes",
        "parking:right:orientation": "parallel",
        "sidewalk": "separate",
        "source:maxspeed": "PL:zone30",
        "surface": "sett",
        "width": "8"
      },
      "geometry": {
        "type": "LineString",
        "coordinates": [
          [
            19.9475957,
            50.0500024
          ],
          [
            19.9473664,
            50.0499526
          ],
          [
            19.9462984,
            50.0497165
          ],
          [
            19.9461719,
            50.0496837
          ]
        ]
      },
      "id": "way/39229632"
    },
    {
      "type": "Feature",
      "properties": {
        "@id": "way/39230087",
        "goods": "no",
        "goods:conditional": "delivery @ (00:00-12:00,16:00-20:00,23:00-24:00)",
        "highway": "living_street",
        "lit": "yes",
        "maxspeed": "20",
        "motor_vehicle": "private",
        "name": "Jakuba",
        "old_name": "Jakóba",
        "oneway": "yes",
        "psv": "yes",
        "sidewalk:both": "separate",
        "smoothness": "intermediate",
        "source:maxspeed": "PL:living_street",
        "surface": "sett"
      },
      "geometry": {
        "type": "LineString",
        "coordinates": [
          [
            19.9470915,
            50.051203
          ],
          [
            19.9470752,
            50.0512433
          ],
          [
            19.9470094,
            50.0514335
          ],
          [
            19.9470085,
            50.0514359
          ],
          [
            19.9469657,
            50.0515561
          ],
          [
            19.9469555,
            50.0515846
          ],
          [
            19.9469371,
            50.0516349
          ],
          [
            19.9469118,
            50.051704
          ],
          [
            19.9466897,
            50.0521659
          ],
          [
            19.9464057,
            50.0527492
          ]
        ]
      },
      "id": "way/39230087"
    },
    {
      "type": "Feature",
      "properties": {
        "@id": "way/39230276",
        "goods": "no",
        "goods:conditional": "delivery @ (00:00-12:00,16:00-20:00,23:00-24:00)",
        "highway": "living_street",
        "lit": "yes",
        "maxspeed": "20",
        "motor_vehicle": "private",
        "name": "Izaaka",
        "psv": "yes",
        "source:maxspeed": "PL:living_street",
        "surface": "sett",
        "wikidata": "Q9365291",
        "wikipedia": "pl:Ulica Izaaka w Krakowie"
      },
      "geometry": {
        "type": "LineString",
        "coordinates": [
          [
            19.9462015,
            50.0514815
          ],
          [
            19.9462889,
            50.0514932
          ],
          [
            19.9469115,
            50.0515782
          ],
          [
            19.9469555,
            50.0515846
          ]
        ]
      },
      "id": "way/39230276"
    },
    {
      "type": "Feature",
      "properties": {
        "@id": "way/39243862",
        "highway": "residential",
        "lit": "yes",
        "maxspeed": "30",
        "name": "Świętego Wawrzyńca",
        "oneway": "yes",
        "oneway:bicycle": "no",
        "parking:condition:right": "no_stopping",
        "parking:left": "yes",
        "parking:left:orientation": "parallel",
        "sidewalk:both": "yes",
        "source:maxspeed": "PL:zone30",
        "surface": "sett"
      },
      "geometry": {
        "type": "LineString",
        "coordinates": [
          [
            19.9496384,
            50.0504454
          ],
          [
            19.9497901,
            50.0504785
          ],
          [
            19.9498163,
            50.0504843
          ],
          [
            19.9511314,
            50.050772
          ],
          [
            19.9512276,
            50.050793
          ],
          [
            19.9513878,
            50.0508294
          ],
          [
            19.951406,
            50.0508336
          ]
        ]
      },
      "id": "way/39243862"
    },
    {
      "type": "Feature",
      "properties": {
        "@id": "way/39243902",
        "highway": "residential",
        "lit": "yes",
        "maxspeed": "30",
        "name": "Świętego Wawrzyńca",
        "oneway": "yes",
        "oneway:bicycle": "no",
        "parking:lane:left": "no",
        "parking:lane:right": "parallel",
        "sidewalk": "separate",
        "source:maxspeed": "PL:zone30",
        "surface": "sett",
        "width": "7"
      },
      "geometry": {
        "type": "LineString",
        "coordinates": [
          [
            19.947915,
            50.0500721
          ],
          [
            19.9475957,
            50.0500024
          ]
        ]
      },
      "id": "way/39243902"
    },
    {
      "type": "Feature",
      "properties": {
        "@id": "way/40870354",
        "check_date": "2025-03-12",
        "highway": "track",
        "mtb:scale": "1",
        "smoothness": "bad",
        "source": "gps;survey",
        "surface": "unhewn_cobblestone",
        "tracktype": "grade3"
      },
      "geometry": {
        "type": "LineString",
        "coordinates": [
          [
            19.8834628,
            50.0303603
          ],
          [
            19.8834611,
            50.0304553
          ],
          [
            19.8835156,
            50.03049
          ],
          [
            19.8836692,
            50.0305296
          ],
          [
            19.8837485,
            50.0305643
          ],
          [
            19.8837831,
            50.0306188
          ],
          [
            19.8837633,
            50.0306881
          ],
          [
            19.8837039,
            50.0307278
          ],
          [
            19.8835254,
            50.0307922
          ],
          [
            19.8834458,
            50.0308397
          ],
          [
            19.8833652,
            50.0309163
          ],
          [
            19.8832695,
            50.0311014
          ],
          [
            19.8830745,
            50.0314572
          ],
          [
            19.8828617,
            50.0318325
          ],
          [
            19.8826793,
            50.0321957
          ],
          [
            19.8826158,
            50.0322804
          ],
          [
            19.8825056,
            50.0324667
          ],
          [
            19.8824205,
            50.0327909
          ],
          [
            19.8823986,
            50.0330535
          ],
          [
            19.8824062,
            50.0332639
          ],
          [
            19.8823315,
            50.0335836
          ],
          [
            19.8822763,
            50.0338003
          ],
          [
            19.8822901,
            50.0339086
          ],
          [
            19.8825288,
            50.0343874
          ],
          [
            19.882569,
            50.0345227
          ],
          [
            19.8825761,
            50.0345733
          ],
          [
            19.882589,
            50.0346658
          ],
          [
            19.882571,
            50.0347205
          ]
        ]
      },
      "id": "way/40870354"
    },
    {
      "type": "Feature",
      "properties": {
        "@id": "way/41401459",
        "highway": "track",
        "name": "Skotnicka",
        "smoothness": "bad",
        "source": "gps",
        "surface": "unhewn_cobblestone",
        "tracktype": "grade2"
      },
      "geometry": {
        "type": "LineString",
        "coordinates": [
          [
            19.8805389,
            50.0268725
          ],
          [
            19.8804765,
            50.0268078
          ],
          [
            19.8804126,
            50.02672
          ],
          [
            19.8802942,
            50.0265572
          ],
          [
            19.8801658,
            50.0264098
          ],
          [
            19.8800635,
            50.0262814
          ],
          [
            19.8800131,
            50.0262084
          ],
          [
            19.8799801,
            50.026152
          ],
          [
            19.8799543,
            50.0260921
          ],
          [
            19.8799441,
            50.026061
          ],
          [
            19.8799407,
            50.0260277
          ],
          [
            19.8799397,
            50.0259529
          ],
          [
            19.8799499,
            50.0257975
          ],
          [
            19.8799652,
            50.0252409
          ],
          [
            19.8799613,
            50.0250899
          ],
          [
            19.8799685,
            50.0250038
          ],
          [
            19.8799621,
            50.0249522
          ],
          [
            19.8799419,
            50.0248739
          ],
          [
            19.8799403,
            50.0247801
          ],
          [
            19.8799127,
            50.0246125
          ]
        ]
      },
      "id": "way/41401459"
    },
    {
      "type": "Feature",
      "properties": {
        "@id": "way/44518375",
        "bicycle": "yes",
        "highway": "footway",
        "lit": "yes",
        "surface": "sett"
      },
      "geometry": {
        "type": "LineString",
        "coordinates": [
          [
            19.9116125,
            50.0709914
          ],
          [
            19.9116095,
            50.0710013
          ],
          [
            19.9116091,
            50.0710137
          ],
          [
            19.911614,
            50.0710279
          ],
          [
            19.9116234,
            50.0710402
          ],
          [
            19.9116358,
            50.0710504
          ],
          [
            19.9116554,
            50.0710628
          ],
          [
            19.9116756,
            50.0710701
          ],
          [
            19.9116969,
            50.0710737
          ],
          [
            19.9117112,
            50.0710747
          ],
          [
            19.9117284,
            50.071074
          ],
          [
            19.9117431,
            50.0710709
          ],
          [
            19.9117578,
            50.0710662
          ],
          [
            19.9117771,
            50.0710589
          ],
          [
            19.9117874,
            50.0710526
          ],
          [
            19.9117977,
            50.0710446
          ],
          [
            19.9118085,
            50.0710308
          ],
          [
            19.9118135,
            50.0710216
          ],
          [
            19.9118155,
            50.0710138
          ],
          [
            19.9118147,
            50.0710024
          ],
          [
            19.9118109,
            50.0709906
          ],
          [
            19.9118008,
            50.0709777
          ],
          [
            19.9117872,
            50.0709657
          ],
          [
            19.9117767,
            50.070958
          ],
          [
            19.9117645,
            50.0709515
          ],
          [
            19.9117524,
            50.0709484
          ],
          [
            19.9117351,
            50.0709452
          ],
          [
            19.9117189,
            50.0709444
          ],
          [
            19.9117003,
            50.0709454
          ],
          [
            19.9116837,
            50.0709477
          ],
          [
            19.9116682,
            50.0709514
          ],
          [
            19.9116524,
            50.0709577
          ],
          [
            19.911642,
            50.0709638
          ],
          [
            19.9116324,
            50.07097
          ],
          [
            19.9116252,
            50.0709761
          ],
          [
            19.9116181,
            50.0709831
          ],
          [
            19.9116125,
            50.0709914
          ]
        ]
      },
      "id": "way/44518375"
    },
    {
      "type": "Feature",
      "properties": {
        "@id": "way/44518388",
        "bicycle": "yes",
        "highway": "footway",
        "lit": "yes",
        "surface": "sett"
      },
      "geometry": {
        "type": "LineString",
        "coordinates": [
          [
            19.9118085,
            50.0710308
          ],
          [
            19.9120884,
            50.0710944
          ],
          [
            19.9122674,
            50.0711339
          ],
          [
            19.9124859,
            50.0711829
          ]
        ]
      },
      "id": "way/44518388"
    },
    {
      "type": "Feature",
      "properties": {
        "@id": "way/45123866",
        "bicycle": "yes",
        "cycleway": "opposite",
        "cycleway:source": "survey - 2014 XII, Geoportal is outdated here",
        "goods": "delivery",
        "highway": "living_street",
        "lit": "yes",
        "maxspeed": "20",
        "motor_vehicle": "private",
        "name": "Bracka",
        "name:de": "Brudergasse",
        "name:pl": "Bracka",
        "oneway": "yes",
        "oneway:bicycle": "no",
        "parking:left": "yes",
        "parking:left:orientation": "parallel",
        "parking:right": "no",
        "parking:right:restriction": "no_stopping",
        "psv": "yes",
        "source:maxspeed": "PL:living_street",
        "surface": "sett",
        "taxi": "yes"
      },
      "geometry": {
        "type": "LineString",
        "coordinates": [
          [
            19.9362447,
            50.0602198
          ],
          [
            19.9362363,
            50.0601651
          ],
          [
            19.9362135,
            50.0599876
          ],
          [
            19.9362088,
            50.0599388
          ],
          [
            19.9362045,
            50.0598589
          ],
          [
            19.9362132,
            50.0595329
          ],
          [
            19.9362223,
            50.0594696
          ],
          [
            19.9362209,
            50.0594556
          ]
        ]
      },
      "id": "way/45123866"
    },
    {
      "type": "Feature",
      "properties": {
        "@id": "way/45570000",
        "highway": "living_street",
        "lit": "yes",
        "maxspeed": "20",
        "motor_vehicle": "private",
        "name": "Szpitalna",
        "name:be": "Шпітальная вуліца",
        "name:de": "Spitalgasse",
        "name:pl": "Szpitalna",
        "parking:lane:left": "parallel",
        "parking:lane:right": "no",
        "smoothness": "excellent",
        "source:maxspeed": "PL:living_street",
        "surface": "sett",
        "taxi": "yes",
        "width": "6"
      },
      "geometry": {
        "type": "LineString",
        "coordinates": [
          [
            19.9419159,
            50.0637116
          ],
          [
            19.9421362,
            50.0640193
          ]
        ]
      },
      "id": "way/45570000"
    },
    {
      "type": "Feature",
      "properties": {
        "@id": "way/46655509",
        "handrail": "yes",
        "highway": "steps",
        "incline": "up",
        "lit": "yes",
        "ramp": "no",
        "step_count": "6",
        "surface": "sett",
        "tactile_paving": "no"
      },
      "geometry": {
        "type": "LineString",
        "coordinates": [
          [
            19.9588364,
            50.0649607
          ],
          [
            19.9588519,
            50.0649352
          ]
        ]
      },
      "id": "way/46655509"
    },
    {
      "type": "Feature",
      "properties": {
        "@id": "way/47938480",
        "bicycle": "yes",
        "highway": "pedestrian",
        "lit": "yes",
        "maxspeed": "20",
        "motor_vehicle": "private",
        "name": "Grodzka",
        "name:be": "Гарадская вуліца",
        "name:pl": "Grodzka",
        "oneway": "yes",
        "oneway:bicycle": "no",
        "oneway:foot": "no",
        "smoothness": "excellent",
        "source:bicycle": "sign",
        "source:maxspeed": "PL:living_street",
        "surface": "sett"
      },
      "geometry": {
        "type": "LineString",
        "coordinates": [
          [
            19.9384783,
            50.0547591
          ],
          [
            19.9384983,
            50.0546428
          ]
        ]
      },
      "id": "way/47938480"
    },
    {
      "type": "Feature",
      "properties": {
        "@id": "way/60420317",
        "bicycle": "no",
        "highway": "pedestrian",
        "lit": "yes",
        "maxheight": "2.9",
        "name": "Droga do Zamku",
        "name:hu": "Út a várhoz",
        "name:pl": "Droga do Zamku",
        "smoothness": "good",
        "surface": "sett",
        "tunnel": "building_passage",
        "vehicle": "private",
        "wikidata": "Q9365079",
        "wikipedia": "pl:Ulica Droga do Zamku w Krakowie"
      },
      "geometry": {
        "type": "LineString",
        "coordinates": [
          [
            19.9354053,
            50.0529108
          ],
          [
            19.9353994,
            50.0529043
          ],
          [
            19.9353951,
            50.0528995
          ]
        ]
      },
      "id": "way/60420317"
    },
    {
      "type": "Feature",
      "properties": {
        "@id": "way/60420338",
        "bicycle": "no",
        "highway": "pedestrian",
        "lit": "yes",
        "noname": "yes",
        "smoothness": "excellent",
        "source": "gps",
        "surface": "sett",
        "vehicle": "private"
      },
      "geometry": {
        "type": "LineString",
        "coordinates": [
          [
            19.9352971,
            50.0527967
          ],
          [
            19.9352391,
            50.0527409
          ],
          [
            19.9352106,
            50.0527214
          ],
          [
            19.9351788,
            50.0527062
          ],
          [
            19.9351386,
            50.0526923
          ],
          [
            19.9350919,
            50.0526863
          ],
          [
            19.9350444,
            50.0526856
          ],
          [
            19.9350238,
            50.0526873
          ],
          [
            19.9349907,
            50.0526901
          ],
          [
            19.9349449,
            50.0527001
          ],
          [
            19.9347247,
            50.0527786
          ],
          [
            19.9345618,
            50.0528367
          ],
          [
            19.9342398,
            50.0529566
          ],
          [
            19.9341178,
            50.0530025
          ],
          [
            19.9340665,
            50.0530281
          ],
          [
            19.9340228,
            50.053064
          ],
          [
            19.9339797,
            50.0531067
          ],
          [
            19.9339429,
            50.0531537
          ],
          [
            19.9339021,
            50.0532174
          ],
          [
            19.9338606,
            50.0532892
          ],
          [
            19.933842,
            50.0533382
          ],
          [
            19.9338353,
            50.053376
          ],
          [
            19.9338399,
            50.0534044
          ],
          [
            19.9338504,
            50.0534356
          ],
          [
            19.9338795,
            50.0534676
          ],
          [
            19.9340712,
            50.0536028
          ],
          [
            19.9341294,
            50.0536477
          ],
          [
            19.9341876,
            50.0536926
          ]
        ]
      },
      "id": "way/60420338"
    },
    {
      "type": "Feature",
      "properties": {
        "@id": "way/78238135",
        "construction": "residential",
        "cycleway:both": "no",
        "highway": "construction",
        "highway:category:pl": "3",
        "lanes": "2",
        "lit": "yes",
        "maxspeed": "30",
        "name": "Karmelicka",
        "oneway": "yes",
        "oneway:bicycle": "no",
        "oneway:psv": "no",
        "oneway:taxi": "no",
        "parking:condition:both": "no_stopping",
        "sidewalk": "both",
        "source:maxspeed": "PL:zone30",
        "surface": "sett",
        "unsigned_ref": "2205K"
      },
      "geometry": {
        "type": "LineString",
        "coordinates": [
          [
            19.9316326,
            50.0647589
          ],
          [
            19.9315771,
            50.0648095
          ],
          [
            19.9313764,
            50.0649817
          ],
          [
            19.9313642,
            50.0649921
          ],
          [
            19.9313187,
            50.0650312
          ]
        ]
      },
      "id": "way/78238135"
    },
    {
      "type": "Feature",
      "properties": {
        "@id": "way/78651566",
        "bicycle": "yes",
        "goods": "delivery",
        "highway": "living_street",
        "lit": "yes",
        "maxspeed": "20",
        "motor_vehicle": "private",
        "name": "Świętego Jana",
        "name:be": "вуліца Святога Яна",
        "name:de": "Johannsgasse",
        "name:pl": "Świętego Jana",
        "parking:lane:left": "parallel",
        "parking:lane:right": "no",
        "smoothness": "excellent",
        "source:maxspeed": "PL:living_street",
        "surface": "sett",
        "width": "5",
        "wikidata": "Q9366388",
        "wikipedia": "pl:Ulica św. Jana w Krakowie"
      },
      "geometry": {
        "type": "LineString",
        "coordinates": [
          [
            19.9385721,
            50.0631464
          ],
          [
            19.9385375,
            50.0630985
          ],
          [
            19.9380845,
            50.0624716
          ]
        ]
      },
      "id": "way/78651566"
    },
    {
      "type": "Feature",
      "properties": {
        "@id": "way/79948693",
        "highway": "cycleway",
        "lit": "yes",
        "maxspeed": "50",
        "source:maxspeed": "PL:urban",
        "surface": "sett",
        "width": "3"
      },
      "geometry": {
        "type": "LineString",
        "coordinates": [
          [
            19.9468807,
            50.0471424
          ],
          [
            19.9468905,
            50.0471252
          ],
          [
            19.9468862,
            50.0471108
          ],
          [
            19.9468795,
            50.0470883
          ]
        ]
      },
      "id": "way/79948693"
    },
    {
      "type": "Feature",
      "properties": {
        "@id": "way/80445187",
        "highway": "living_street",
        "noname": "yes",
        "surface": "sett"
      },
      "geometry": {
        "type": "LineString",
        "coordinates": [
          [
            19.9351206,
            50.0878691
          ],
          [
            19.9351555,
            50.0871099
          ]
        ]
      },
      "id": "way/80445187"
    },
    {
      "type": "Feature",
      "properties": {
        "@id": "way/80445188",
        "highway": "living_street",
        "noname": "yes",
        "surface": "sett"
      },
      "geometry": {
        "type": "LineString",
        "coordinates": [
          [
            19.9342445,
            50.0878463
          ],
          [
            19.9345499,
            50.0878547
          ],
          [
            19.9346219,
            50.0878567
          ],
          [
            19.935077,
            50.0878692
          ],
          [
            19.9351206,
            50.0878691
          ]
        ]
      },
      "id": "way/80445188"
    },
    {
      "type": "Feature",
      "properties": {
        "@id": "way/80445200",
        "highway": "living_street",
        "noname": "yes",
        "surface": "sett"
      },
      "geometry": {
        "type": "LineString",
        "coordinates": [
          [
            19.9341163,
            50.087834
          ],
          [
            19.9342445,
            50.0878463
          ],
          [
            19.9343162,
            50.0878864
          ],
          [
            19.9343123,
            50.0879016
          ],
          [
            19.9342931,
            50.0879754
          ],
          [
            19.9343159,
            50.0880252
          ],
          [
            19.9343963,
            50.0880448
          ],
          [
            19.9344767,
            50.0880637
          ],
          [
            19.9344639,
            50.0886013
          ]
        ]
      },
      "id": "way/80445200"
    },
    {
      "type": "Feature",
      "properties": {
        "@id": "way/80445207",
        "highway": "living_street",
        "noname": "yes",
        "surface": "sett"
      },
      "geometry": {
        "type": "LineString",
        "coordinates": [
          [
            19.9345499,
            50.0878547
          ],
          [
            19.9346436,
            50.0877837
          ],
          [
            19.9346601,
            50.0871264
          ],
          [
            19.9346609,
            50.0870934
          ]
        ]
      },
      "id": "way/80445207"
    },
    {
      "type": "Feature",
      "properties": {
        "@id": "way/81576141",
        "highway": "residential",
        "maxspeed": "30",
        "name": "Krzemionki",
        "oneway": "yes",
        "sidewalk:both": "yes",
        "source:maxspeed": "PL:zone30",
        "surface": "sett"
      },
      "geometry": {
        "type": "LineString",
        "coordinates": [
          [
            19.9454545,
            50.0405528
          ],
          [
            19.9456191,
            50.0408451
          ],
          [
            19.9459589,
            50.0414869
          ],
          [
            19.9460648,
            50.0416869
          ],
          [
            19.9460816,
            50.0417063
          ],
          [
            19.946509,
            50.042202
          ],
          [
            19.9465408,
            50.0422389
          ],
          [
            19.9464753,
            50.0423225
          ],
          [
            19.9464322,
            50.0423582
          ]
        ]
      },
      "id": "way/81576141"
    },
    {
      "type": "Feature",
      "properties": {
        "@id": "way/100311353",
        "bicycle": "yes",
        "highway": "service",
        "lit": "yes",
        "maxspeed": "20",
        "name": "Plac Bernardyński",
        "source:bicycle": "sign",
        "source:maxspeed": "PL:living_street",
        "surface": "sett"
      },
      "geometry": {
        "type": "LineString",
        "coordinates": [
          [
            19.9381898,
            50.0540961
          ],
          [
            19.9386217,
            50.0541845
          ]
        ]
      },
      "id": "way/100311353"
    },
    {
      "type": "Feature",
      "properties": {
        "@id": "way/107196655",
        "highway": "residential",
        "lit": "yes",
        "maxspeed": "30",
        "noname": "yes",
        "sidewalk": "no",
        "smoothness": "intermediate",
        "source:maxspeed": "PL:zone30",
        "source:width": "ARCore",
        "surface": "sett",
        "width": "9.8"
      },
      "geometry": {
        "type": "LineString",
        "coordinates": [
          [
            20.0466778,
            50.0787385
          ],
          [
            20.0466229,
            50.0787706
          ],
          [
            20.0462209,
            50.0789429
          ]
        ]
      },
      "id": "way/107196655"
    },
    {
      "type": "Feature",
      "properties": {
        "@id": "way/107575300",
        "highway": "service",
        "surface": "sett"
      },
      "geometry": {
        "type": "LineString",
        "coordinates": [
          [
            20.0457388,
            50.066183
          ],
          [
            20.0456668,
            50.0661557
          ],
          [
            20.045594,
            50.0661222
          ],
          [
            20.0454686,
            50.0660475
          ],
          [
            20.0454091,
            50.0659985
          ],
          [
            20.0453751,
            50.0659582
          ],
          [
            20.0453443,
            50.0659062
          ],
          [
            20.0453311,
            50.0658599
          ],
          [
            20.0453248,
            50.065815
          ],
          [
            20.0453284,
            50.0657646
          ]
        ]
      },
      "id": "way/107575300"
    },
    {
      "type": "Feature",
      "properties": {
        "@id": "way/107575313",
        "highway": "service",
        "surface": "sett"
      },
      "geometry": {
        "type": "LineString",
        "coordinates": [
          [
            20.0465258,
            50.0661948
          ],
          [
            20.0466155,
            50.0661703
          ],
          [
            20.046742,
            50.0661263
          ],
          [
            20.046826,
            50.0660845
          ],
          [
            20.0468909,
            50.0660436
          ],
          [
            20.0469466,
            50.0659906
          ],
          [
            20.0469799,
            50.0659419
          ],
          [
            20.0470033,
            50.0658895
          ],
          [
            20.047014,
            50.0658484
          ],
          [
            20.0470206,
            50.0658059
          ],
          [
            20.0470298,
            50.0656924
          ],
          [
            20.0469246,
            50.0656883
          ]
        ]
      },
      "id": "way/107575313"
    },
    {
      "type": "Feature",
      "properties": {
        "@id": "way/117749399",
        "highway": "pedestrian",
        "lit": "yes",
        "noname": "yes",
        "smoothness": "intermediate",
        "surface": "sett",
        "tunnel": "building_passage",
        "wheelchair": "limited",
        "wheelchair:description": "significant incline"
      },
      "geometry": {
        "type": "LineString",
        "coordinates": [
          [
            19.9369207,
            50.0541557
          ],
          [
            19.93693,
            50.0541304
          ]
        ]
      },
      "id": "way/117749399"
    },
    {
      "type": "Feature",
      "properties": {
        "@id": "way/117749402",
        "bicycle": "no",
        "highway": "pedestrian",
        "incline": "up",
        "noname": "yes",
        "smoothness": "good",
        "surface": "sett"
      },
      "geometry": {
        "type": "LineString",
        "coordinates": [
          [
            19.9351622,
            50.055048
          ],
          [
            19.9350052,
            50.0550127
          ],
          [
            19.9349461,
            50.054993
          ],
          [
            19.9348883,
            50.0549653
          ],
          [
            19.9348516,
            50.0549278
          ],
          [
            19.9348302,
            50.0548933
          ],
          [
            19.9348139,
            50.0548533
          ],
          [
            19.9348112,
            50.0548212
          ],
          [
            19.9348121,
            50.0548008
          ]
        ]
      },
      "id": "way/117749402"
    },
    {
      "type": "Feature",
      "properties": {
        "@id": "way/117749410",
        "bicycle": "no",
        "highway": "pedestrian",
        "lit": "yes",
        "noname": "yes",
        "smoothness": "good",
        "source": "gps",
        "surface": "sett"
      },
      "geometry": {
        "type": "LineString",
        "coordinates": [
          [
            19.9348314,
            50.0547374
          ],
          [
            19.934833,
            50.0547319
          ],
          [
            19.9348578,
            50.0546507
          ],
          [
            19.9348894,
            50.0545603
          ],
          [
            19.9349426,
            50.0544501
          ],
          [
            19.9349775,
            50.0543982
          ],
          [
            19.9350351,
            50.0543392
          ],
          [
            19.9351296,
            50.0542602
          ]
        ]
      },
      "id": "way/117749410"
    },
    {
      "type": "Feature",
      "properties": {
        "@id": "way/117749414",
        "bicycle": "no",
        "highway": "pedestrian",
        "incline": "up",
        "lit": "yes",
        "noname": "yes",
        "smoothness": "intermediate",
        "surface": "sett"
      },
      "geometry": {
        "type": "LineString",
        "coordinates": [
          [
            19.9365177,
            50.0554028
          ],
          [
            19.9364999,
            50.0553532
          ],
          [
            19.9364161,
            50.0553341
          ],
          [
            19.9351622,
            50.055048
          ]
        ]
      },
      "id": "way/117749414"
    },
    {
      "type": "Feature",
      "properties": {
        "@id": "way/117749415",
        "bicycle": "no",
        "handrail": "no",
        "highway": "steps",
        "incline": "up",
        "ramp": "no",
        "step_count": "9",
        "surface": "sett",
        "tactile_paving": "no",
        "tunnel": "building_passage",
        "width": "2.58"
      },
      "geometry": {
        "type": "LineString",
        "coordinates": [
          [
            19.9348121,
            50.0548008
          ],
          [
            19.9348226,
            50.0547663
          ],
          [
            19.9348314,
            50.0547374
          ]
        ]
      },
      "id": "way/117749415"
    },
    {
      "type": "Feature",
      "properties": {
        "@id": "way/117750083",
        "bicycle": "no",
        "highway": "pedestrian",
        "lit": "yes",
        "noname": "yes",
        "source": "gps",
        "surface": "sett",
        "vehicle": "private"
      },
      "geometry": {
        "type": "LineString",
        "coordinates": [
          [
            19.9340712,
            50.0536028
          ],
          [
            19.9346195,
            50.0533693
          ],
          [
            19.9347412,
            50.0534455
          ]
        ]
      },
      "id": "way/117750083"
    },
    {
      "type": "Feature",
      "properties": {
        "@id": "way/119028304",
        "bicycle": "yes",
        "highway": "living_street",
        "lit": "yes",
        "maxspeed": "20",
        "name": "Szeroka",
        "oneway": "yes",
        "smoothness": "intermediate",
        "source:maxspeed": "PL:living_street",
        "surface": "sett",
        "taxi": "yes",
        "vehicle": "private",
        "vehicle:conditional": "delivery @ (00:00-12:00,16:00-20:00,23:00-24:00)"
      },
      "geometry": {
        "type": "LineString",
        "coordinates": [
          [
            19.9476184,
            50.0529947
          ],
          [
            19.9480646,
            50.0531186
          ]
        ]
      },
      "id": "way/119028304"
    },
    {
      "type": "Feature",
      "properties": {
        "@id": "way/119028305",
        "bicycle": "yes",
        "highway": "pedestrian",
        "lanes": "1",
        "lit": "yes",
        "maxspeed": "30",
        "name": "Józefa",
        "source:maxspeed": "PL:zone30",
        "surface": "sett",
        "vehicle": "destination"
      },
      "geometry": {
        "type": "LineString",
        "coordinates": [
          [
            19.9473897,
            50.0512412
          ],
          [
            19.947467,
            50.0512614
          ],
          [
            19.9478145,
            50.0513119
          ],
          [
            19.9481396,
            50.0513592
          ],
          [
            19.9482823,
            50.05138
          ]
        ]
      },
      "id": "way/119028305"
    },
    {
      "type": "Feature",
      "properties": {
        "@id": "way/119028306",
        "goods": "no",
        "goods:conditional": "delivery @ (00:00-12:00,16:00-20:00,23:00-24:00)",
        "highway": "living_street",
        "lit": "yes",
        "maxspeed": "20",
        "motor_vehicle": "private",
        "name": "Na Przejściu",
        "psv": "yes",
        "source:maxspeed": "PL:living_street",
        "surface": "sett"
      },
      "geometry": {
        "type": "LineString",
        "coordinates": [
          [
            19.9484298,
            50.0518529
          ],
          [
            19.948589,
            50.0518679
          ],
          [
            19.9489162,
            50.0518986
          ],
          [
            19.9491058,
            50.0519172
          ],
          [
            19.9492014,
            50.0519264
          ]
        ]
      },
      "id": "way/119028306"
    },
    {
      "type": "Feature",
      "properties": {
        "@id": "way/119028307",
        "goods": "no",
        "goods:conditional": "delivery @ (00:00-12:00,16:00-20:00,23:00-24:00)",
        "highway": "living_street",
        "lit": "yes",
        "maxspeed": "20",
        "motor_vehicle": "private",
        "name": "Szeroka",
        "oneway": "yes",
        "oneway:bicycle": "no",
        "parking:both": "no",
        "psv": "yes",
        "sidewalk": "separate",
        "smoothness": "intermediate",
        "source:maxspeed": "PL:living_street",
        "surface": "sett"
      },
      "geometry": {
        "type": "LineString",
        "coordinates": [
          [
            19.9476184,
            50.0529947
          ],
          [
            19.9474691,
            50.0530401
          ],
          [
            19.9470837,
            50.0532622
          ]
        ]
      },
      "id": "way/119028307"
    },
    {
      "type": "Feature",
      "properties": {
        "@id": "way/119028308",
        "goods": "no",
        "goods:conditional": "delivery @ (00:00-12:00,16:00-20:00,23:00-24:00)",
        "highway": "living_street",
        "lit": "yes",
        "maxspeed": "20",
        "maxweight": "2.5",
        "motor_vehicle": "private",
        "name": "Bartosza",
        "psv": "yes",
        "source:maxspeed": "PL:living_street",
        "surface": "sett"
      },
      "geometry": {
        "type": "LineString",
        "coordinates": [
          [
            19.9487958,
            50.0502719
          ],
          [
            19.9487656,
            50.0503297
          ],
          [
            19.9487017,
            50.0504607
          ],
          [
            19.9486281,
            50.0506201
          ]
        ]
      },
      "id": "way/119028308"
    },
    {
      "type": "Feature",
      "properties": {
        "@id": "way/119028309",
        "bicycle": "yes",
        "highway": "pedestrian",
        "lit": "yes",
        "name": "Plac Bawół",
        "surface": "sett"
      },
      "geometry": {
        "type": "LineString",
        "coordinates": [
          [
            19.9484311,
            50.051195
          ],
          [
            19.9482823,
            50.05138
          ]
        ]
      },
      "id": "way/119028309"
    },
    {
      "type": "Feature",
      "properties": {
        "@id": "way/119082018",
        "bicycle": "yes",
        "highway": "pedestrian",
        "lit": "yes",
        "name": "Szeroka",
        "smoothness": "intermediate",
        "source:bicycle": "sign",
        "surface": "sett"
      },
      "geometry": {
        "type": "LineString",
        "coordinates": [
          [
            19.9482823,
            50.05138
          ],
          [
            19.9482646,
            50.0514451
          ],
          [
            19.9481783,
            50.0517621
          ],
          [
            19.9481692,
            50.0517954
          ]
        ]
      },
      "id": "way/119082018"
    },
    {
      "type": "Feature",
      "properties": {
        "@id": "way/119082020",
        "goods": "no",
        "goods:conditional": "delivery @ (00:00-12:00,16:00-20:00,23:00-24:00)",
        "highway": "living_street",
        "lit": "yes",
        "maxspeed": "20",
        "motor_vehicle": "private",
        "name": "Plac Bawół",
        "psv": "yes",
        "source:maxspeed": "PL:living_street",
        "surface": "sett"
      },
      "geometry": {
        "type": "LineString",
        "coordinates": [
          [
            19.9486281,
            50.0506201
          ],
          [
            19.9486205,
            50.0506492
          ],
          [
            19.9486165,
            50.0506721
          ],
          [
            19.9485961,
            50.0508072
          ],
          [
            19.9485659,
            50.0509221
          ],
          [
            19.9485463,
            50.0509906
          ],
          [
            19.9485407,
            50.0510093
          ],
          [
            19.9485026,
            50.0510868
          ],
          [
            19.9484581,
            50.0511578
          ],
          [
            19.9484311,
            50.051195
          ]
        ]
      },
      "id": "way/119082020"
    },
    {
      "type": "Feature",
      "properties": {
        "@id": "way/122927005",
        "highway": "service",
        "lanes": "1",
        "lit": "yes",
        "maxspeed": "30",
        "source:maxspeed": "PL:zone30",
        "surface": "sett"
      },
      "geometry": {
        "type": "LineString",
        "coordinates": [
          [
            19.9309727,
            50.0685574
          ],
          [
            19.9309046,
            50.0685549
          ]
        ]
      },
      "id": "way/122927005"
    },
    {
      "type": "Feature",
      "properties": {
        "@id": "way/127193752",
        "highway": "service",
        "smoothness": "bad",
        "surface": "sett"
      },
      "geometry": {
        "type": "LineString",
        "coordinates": [
          [
            20.0340687,
            50.0769931
          ],
          [
            20.0340586,
            50.0769877
          ],
          [
            20.0337055,
            50.0767995
          ],
          [
            20.0336547,
            50.0767715
          ],
          [
            20.0336077,
            50.0767449
          ]
        ]
      },
      "id": "way/127193752"
    },
    {
      "type": "Feature",
      "properties": {
        "@id": "way/131032437",
        "highway": "footway",
        "surface": "sett"
      },
      "geometry": {
        "type": "LineString",
        "coordinates": [
          [
            19.9561254,
            50.0735825
          ],
          [
            19.9557832,
            50.0736964
          ]
        ]
      },
      "id": "way/131032437"
    },
    {
      "type": "Feature",
      "properties": {
        "@id": "way/131032487",
        "highway": "footway",
        "surface": "sett"
      },
      "geometry": {
        "type": "LineString",
        "coordinates": [
          [
            19.9565973,
            50.074188
          ],
          [
            19.9562457,
            50.0742987
          ],
          [
            19.95581,
            50.0744358
          ],
          [
            19.9552956,
            50.0745977
          ],
          [
            19.9550358,
            50.0746761
          ]
        ]
      },
      "id": "way/131032487"
    },
    {
      "type": "Feature",
      "properties": {
        "@id": "way/131317673",
        "highway": "footway",
        "lit": "yes",
        "surface": "sett"
      },
      "geometry": {
        "type": "LineString",
        "coordinates": [
          [
            19.956131,
            50.0732598
          ],
          [
            19.9561126,
            50.0732653
          ]
        ]
      },
      "id": "way/131317673"
    },
    {
      "type": "Feature",
      "properties": {
        "@id": "way/134198282",
        "highway": "service",
        "name": "Studzianki",
        "service": "driveway",
        "surface": "cobblestone"
      },
      "geometry": {
        "type": "LineString",
        "coordinates": [
          [
            19.9107624,
            50.0191667
          ],
          [
            19.9103672,
            50.019485
          ],
          [
            19.9103416,
            50.0195057
          ]
        ]
      },
      "id": "way/134198282"
    },
    {
      "type": "Feature",
      "properties": {
        "@id": "way/134198326",
        "highway": "service",
        "service": "driveway",
        "surface": "cobblestone"
      },
      "geometry": {
        "type": "LineString",
        "coordinates": [
          [
            19.9114659,
            50.0192589
          ],
          [
            19.911369,
            50.0194956
          ],
          [
            19.9112278,
            50.019661
          ],
          [
            19.910987,
            50.0199165
          ]
        ]
      },
      "id": "way/134198326"
    },
    {
      "type": "Feature",
      "properties": {
        "@id": "way/134198434",
        "highway": "service",
        "name": "Zalesie",
        "service": "driveway",
        "surface": "cobblestone"
      },
      "geometry": {
        "type": "LineString",
        "coordinates": [
          [
            19.911991,
            50.0195645
          ],
          [
            19.9116294,
            50.0199286
          ],
          [
            19.911429,
            50.0201671
          ]
        ]
      },
      "id": "way/134198434"
    },
    {
      "type": "Feature",
      "properties": {
        "@id": "way/136492256",
        "access": "customers",
        "highway": "footway",
        "surface": "sett"
      },
      "geometry": {
        "type": "LineString",
        "coordinates": [
          [
            19.8938607,
            50.0549453
          ],
          [
            19.8938503,
            50.0548829
          ],
          [
            19.8938178,
            50.0548112
          ],
          [
            19.8937723,
            50.0547581
          ],
          [
            19.8937334,
            50.0547208
          ],
          [
            19.8937188,
            50.0546712
          ],
          [
            19.8936769,
            50.0546462
          ],
          [
            19.8935623,
            50.0546225
          ],
          [
            19.8934008,
            50.0546082
          ],
          [
            19.8932902,
            50.0546105
          ],
          [
            19.8931833,
            50.0546246
          ],
          [
            19.8931316,
            50.0546486
          ],
          [
            19.8930626,
            50.0546825
          ],
          [
            19.8929998,
            50.054726
          ],
          [
            19.892949,
            50.0547808
          ],
          [
            19.8929236,
            50.0548333
          ],
          [
            19.8929174,
            50.0548883
          ]
        ]
      },
      "id": "way/136492256"
    },
    {
      "type": "Feature",
      "properties": {
        "@id": "way/136492257",
        "access": "customers",
        "highway": "footway",
        "surface": "sett"
      },
      "geometry": {
        "type": "LineString",
        "coordinates": [
          [
            19.8931282,
            50.0549038
          ],
          [
            19.8931402,
            50.0548548
          ],
          [
            19.8931962,
            50.0548041
          ],
          [
            19.8932727,
            50.0547681
          ],
          [
            19.8933609,
            50.0547551
          ],
          [
            19.8934612,
            50.0547617
          ],
          [
            19.8935411,
            50.0547869
          ],
          [
            19.893606,
            50.0548314
          ],
          [
            19.8936342,
            50.0548701
          ],
          [
            19.8936471,
            50.0549158
          ],
          [
            19.8936493,
            50.0549334
          ]
        ]
      },
      "id": "way/136492257"
    },
    {
      "type": "Feature",
      "properties": {
        "@id": "way/136492258",
        "access": "customers",
        "highway": "footway",
        "surface": "sett"
      },
      "geometry": {
        "type": "LineString",
        "coordinates": [
          [
            19.8929514,
            50.0548895
          ],
          [
            19.8929802,
            50.0548244
          ],
          [
            19.8930562,
            50.0547573
          ],
          [
            19.8931806,
            50.0547078
          ],
          [
            19.8932664,
            50.0546924
          ],
          [
            19.8933889,
            50.0546933
          ],
          [
            19.8934865,
            50.0547098
          ],
          [
            19.8935948,
            50.0547558
          ],
          [
            19.8936673,
            50.0548257
          ],
          [
            19.8936825,
            50.0548983
          ],
          [
            19.8936784,
            50.0549335
          ]
        ]
      },
      "id": "way/136492258"
    },
    {
      "type": "Feature",
      "properties": {
        "@id": "way/136492261",
        "access": "customers",
        "highway": "footway",
        "surface": "sett"
      },
      "geometry": {
        "type": "LineString",
        "coordinates": [
          [
            19.8934834,
            50.0549225
          ],
          [
            19.8934513,
            50.0549204
          ],
          [
            19.8934494,
            50.0549039
          ],
          [
            19.8934395,
            50.0548886
          ],
          [
            19.8934229,
            50.0548761
          ],
          [
            19.893401,
            50.0548675
          ],
          [
            19.8933761,
            50.0548636
          ],
          [
            19.8933505,
            50.054865
          ],
          [
            19.8933266,
            50.0548713
          ],
          [
            19.8933071,
            50.0548819
          ],
          [
            19.8932936,
            50.0548959
          ],
          [
            19.8932876,
            50.0549119
          ],
          [
            19.8932897,
            50.0549284
          ],
          [
            19.8932994,
            50.0549436
          ],
          [
            19.8933161,
            50.0549562
          ],
          [
            19.893338,
            50.0549648
          ],
          [
            19.893363,
            50.0549687
          ],
          [
            19.8933886,
            50.0549673
          ],
          [
            19.8934124,
            50.054961
          ],
          [
            19.8934319,
            50.0549504
          ],
          [
            19.8934453,
            50.0549363
          ],
          [
            19.8934513,
            50.0549204
          ]
        ]
      },
      "id": "way/136492261"
    },
    {
      "type": "Feature",
      "properties": {
        "@id": "way/136492262",
        "access": "customers",
        "highway": "footway",
        "surface": "sett"
      },
      "geometry": {
        "type": "LineString",
        "coordinates": [
          [
            19.8934834,
            50.0549225
          ],
          [
            19.8934713,
            50.0549523
          ],
          [
            19.8934453,
            50.0549794
          ],
          [
            19.8934076,
            50.055
          ],
          [
            19.8933616,
            50.0550122
          ],
          [
            19.8933121,
            50.0550147
          ],
          [
            19.8932639,
            50.0550072
          ],
          [
            19.8932216,
            50.0549906
          ],
          [
            19.8931894,
            50.0549663
          ],
          [
            19.8931704,
            50.0549369
          ],
          [
            19.8931571,
            50.0549055
          ],
          [
            19.8931282,
            50.0549038
          ],
          [
            19.8931341,
            50.0549526
          ],
          [
            19.8931632,
            50.0549978
          ],
          [
            19.8932127,
            50.0550351
          ],
          [
            19.8932776,
            50.0550607
          ],
          [
            19.8933518,
            50.0550721
          ],
          [
            19.8934277,
            50.0550684
          ],
          [
            19.8935035,
            50.0550552
          ],
          [
            19.8935718,
            50.0550273
          ],
          [
            19.8936292,
            50.05498
          ],
          [
            19.8936493,
            50.0549334
          ],
          [
            19.8936784,
            50.0549335
          ],
          [
            19.8936561,
            50.0550022
          ],
          [
            19.8935912,
            50.0550685
          ],
          [
            19.8934986,
            50.0551117
          ],
          [
            19.8933898,
            50.0551352
          ],
          [
            19.8932807,
            50.0551395
          ],
          [
            19.8931683,
            50.0551192
          ],
          [
            19.8930828,
            50.0550837
          ],
          [
            19.8930096,
            50.0550284
          ],
          [
            19.8929664,
            50.0549595
          ],
          [
            19.8929514,
            50.0548895
          ]
        ]
      },
      "id": "way/136492262"
    },
    {
      "type": "Feature",
      "properties": {
        "@id": "way/136550895",
        "fixme": "jaki tag smoothness tu powinien być?",
        "highway": "residential",
        "lit": "yes",
        "maxspeed": "30",
        "name": "Józefińska",
        "sidewalk:left": "no",
        "sidewalk:right": "separate",
        "source:maxspeed": "PL:zone30",
        "surface": "sett",
        "wikidata": "Q9365415",
        "wikipedia": "pl:Ulica Józefińska w Krakowie"
      },
      "geometry": {
        "type": "LineString",
        "coordinates": [
          [
            19.948325,
            50.0458869
          ],
          [
            19.948387,
            50.0459099
          ],
          [
            19.948481,
            50.0459083
          ],
          [
            19.9487429,
            50.0458856
          ],
          [
            19.9491086,
            50.0458861
          ],
          [
            19.9491893,
            50.0458902
          ]
        ]
      },
      "id": "way/136550895"
    },
    {
      "type": "Feature",
      "properties": {
        "@id": "way/136551820",
        "bicycle": "yes",
        "check_date:surface": "2021-06-19",
        "highway": "service",
        "lit": "yes",
        "maxspeed": "30",
        "source:maxspeed": "PL:zone30",
        "surface": "sett",
        "vehicle": "delivery"
      },
      "geometry": {
        "type": "LineString",
        "coordinates": [
          [
            19.9480978,
            50.0450912
          ],
          [
            19.9482037,
            50.0451333
          ],
          [
            19.9481898,
            50.045295
          ],
          [
            19.9482374,
            50.045596
          ],
          [
            19.9482912,
            50.0458065
          ],
          [
            19.9483069,
            50.0458678
          ],
          [
            19.948325,
            50.0458869
          ]
        ]
      },
      "id": "way/136551820"
    },
    {
      "type": "Feature",
      "properties": {
        "@id": "way/138025123",
        "access": "private",
        "foot": "yes",
        "highway": "service",
        "lit": "yes",
        "maxspeed": "20",
        "service": "parking_aisle",
        "source:maxspeed": "PL:living_street",
        "surface": "sett"
      },
      "geometry": {
        "type": "LineString",
        "coordinates": [
          [
            19.9423846,
            50.0643645
          ],
          [
            19.9424412,
            50.0643467
          ],
          [
            19.9424798,
            50.0643346
          ],
          [
            19.9428256,
            50.0642238
          ],
          [
            19.9435674,
            50.0639817
          ],
          [
            19.9436006,
            50.0639466
          ],
          [
            19.9435901,
            50.0639047
          ],
          [
            19.9433978,
            50.0636645
          ],
          [
            19.9433721,
            50.0636513
          ]
        ]
      },
      "id": "way/138025123"
    },
    {
      "type": "Feature",
      "properties": {
        "@id": "way/151427340",
        "highway": "service",
        "service": "driveway",
        "surface": "sett"
      },
      "geometry": {
        "type": "LineString",
        "coordinates": [
          [
            19.923004,
            50.0759902
          ],
          [
            19.922936,
            50.0759202
          ],
          [
            19.9229124,
            50.0758939
          ]
        ]
      },
      "id": "way/151427340"
    },
    {
      "type": "Feature",
      "properties": {
        "@id": "way/153783634",
        "access": "customers",
        "highway": "footway",
        "source": "bing",
        "surface": "cobblestone"
      },
      "geometry": {
        "type": "LineString",
        "coordinates": [
          [
            19.8938905,
            50.0546964
          ],
          [
            19.8939197,
            50.054734
          ],
          [
            19.8939652,
            50.054797
          ],
          [
            19.8939896,
            50.0548909
          ],
          [
            19.8939885,
            50.0549382
          ],
          [
            19.8939581,
            50.0549381
          ],
          [
            19.8939498,
            50.0549705
          ],
          [
            19.8939327,
            50.0549965
          ],
          [
            19.8938701,
            50.0550702
          ],
          [
            19.893808,
            50.0551251
          ],
          [
            19.8937554,
            50.0551576
          ],
          [
            19.893654,
            50.0551823
          ]
        ]
      },
      "id": "way/153783634"
    },
    {
      "type": "Feature",
      "properties": {
        "@id": "way/156130791",
        "access": "private",
        "highway": "residential",
        "lit": "yes",
        "noname": "yes",
        "surface": "sett"
      },
      "geometry": {
        "type": "LineString",
        "coordinates": [
          [
            19.9974605,
            50.0423366
          ],
          [
            19.9963837,
            50.0423744
          ]
        ]
      },
      "id": "way/156130791"
    },
    {
      "type": "Feature",
      "properties": {
        "@id": "way/156130793",
        "access": "private",
        "highway": "living_street",
        "lit": "yes",
        "noname": "yes",
        "surface": "sett"
      },
      "geometry": {
        "type": "LineString",
        "coordinates": [
          [
            19.9963795,
            50.0423588
          ],
          [
            19.99637,
            50.0423442
          ],
          [
            19.9963558,
            50.0423312
          ],
          [
            19.9963376,
            50.0423205
          ],
          [
            19.9963161,
            50.0423127
          ],
          [
            19.9962926,
            50.042308
          ],
          [
            19.996268,
            50.0423067
          ],
          [
            19.9962443,
            50.0423087
          ],
          [
            19.9962218,
            50.0423139
          ],
          [
            19.9962016,
            50.042322
          ],
          [
            19.9961844,
            50.0423327
          ],
          [
            19.9961712,
            50.0423455
          ],
          [
            19.9961624,
            50.0423597
          ],
          [
            19.9961585,
            50.0423749
          ],
          [
            19.9961596,
            50.0423902
          ],
          [
            19.9961653,
            50.0424044
          ],
          [
            19.9961754,
            50.0424175
          ],
          [
            19.9961894,
            50.0424291
          ],
          [
            19.9962067,
            50.0424386
          ],
          [
            19.9962266,
            50.0424457
          ],
          [
            19.9962483,
            50.0424501
          ],
          [
            19.996271,
            50.0424516
          ],
          [
            19.996294,
            50.0424501
          ],
          [
            19.9963159,
            50.0424456
          ],
          [
            19.996336,
            50.0424384
          ],
          [
            19.9963534,
            50.0424287
          ],
          [
            19.9963674,
            50.0424169
          ],
          [
            19.9963774,
            50.0424036
          ],
          [
            19.9963829,
            50.0423892
          ],
          [
            19.9963837,
            50.0423744
          ],
          [
            19.9963795,
            50.0423588
          ]
        ]
      },
      "id": "way/156130793"
    },
    {
      "type": "Feature",
      "properties": {
        "@id": "way/156359767",
        "highway": "footway",
        "surface": "sett"
      },
      "geometry": {
        "type": "LineString",
        "coordinates": [
          [
            19.8969183,
            50.0207946
          ],
          [
            19.8969696,
            50.0208407
          ],
          [
            19.8970251,
            50.0208832
          ]
        ]
      },
      "id": "way/156359767"
    },
    {
      "type": "Feature",
      "properties": {
        "@id": "way/158906495",
        "highway": "service",
        "service": "parking_aisle",
        "surface": "sett"
      },
      "geometry": {
        "type": "LineString",
        "coordinates": [
          [
            19.889094,
            50.098698
          ],
          [
            19.8890598,
            50.0986438
          ],
          [
            19.8890457,
            50.0986214
          ],
          [
            19.8889114,
            50.0985912
          ],
          [
            19.8886365,
            50.0978444
          ]
        ]
      },
      "id": "way/158906495"
    },
    {
      "type": "Feature",
      "properties": {
        "@id": "way/163405068",
        "highway": "service",
        "surface": "sett"
      },
      "geometry": {
        "type": "LineString",
        "coordinates": [
          [
            20.0121356,
            50.0668079
          ],
          [
            20.0121924,
            50.0667948
          ],
          [
            20.01221,
            50.0667911
          ],
          [
            20.0125498,
            50.0667191
          ]
        ]
      },
      "id": "way/163405068"
    },
    {
      "type": "Feature",
      "properties": {
        "@id": "way/166437487",
        "highway": "service",
        "oneway": "yes",
        "surface": "cobblestone"
      },
      "geometry": {
        "type": "LineString",
        "coordinates": [
          [
            19.9253505,
            50.033036
          ],
          [
            19.9254614,
            50.0330341
          ],
          [
            19.9255002,
            50.0330303
          ],
          [
            19.9255292,
            50.0330234
          ],
          [
            19.9255493,
            50.0330165
          ],
          [
            19.9255625,
            50.0330092
          ],
          [
            19.925571,
            50.0330027
          ],
          [
            19.925579,
            50.0329938
          ]
        ]
      },
      "id": "way/166437487"
    },
    {
      "type": "Feature",
      "properties": {
        "@id": "way/166437489",
        "highway": "service",
        "oneway": "yes",
        "surface": "cobblestone"
      },
      "geometry": {
        "type": "LineString",
        "coordinates": [
          [
            19.9254632,
            50.0332346
          ],
          [
            19.9254646,
            50.0332023
          ],
          [
            19.9254615,
            50.0331765
          ],
          [
            19.9254548,
            50.0331521
          ],
          [
            19.9254452,
            50.0331288
          ],
          [
            19.9254314,
            50.0331094
          ],
          [
            19.9254154,
            50.0330918
          ],
          [
            19.9253505,
            50.033036
          ]
        ]
      },
      "id": "way/166437489"
    },
    {
      "type": "Feature",
      "properties": {
        "@id": "way/166438150",
        "highway": "service",
        "oneway": "yes",
        "surface": "cobblestone"
      },
      "geometry": {
        "type": "LineString",
        "coordinates": [
          [
            19.9253158,
            50.0333595
          ],
          [
            19.925409,
            50.0333096
          ],
          [
            19.9254632,
            50.0332346
          ],
          [
            19.9254881,
            50.0331813
          ],
          [
            19.925579,
            50.0329938
          ],
          [
            19.925586,
            50.0329789
          ],
          [
            19.9256866,
            50.0327842
          ],
          [
            19.9257223,
            50.0326886
          ],
          [
            19.9257374,
            50.0326132
          ],
          [
            19.9258185,
            50.0325319
          ]
        ]
      },
      "id": "way/166438150"
    },
    {
      "type": "Feature",
      "properties": {
        "@id": "way/172718730",
        "cycleway:both": "no",
        "highway": "residential",
        "lanes": "1",
        "lit": "yes",
        "maxspeed:type": "PL:urban",
        "noname": "yes",
        "oneway": "no",
        "sidewalk": "no",
        "smoothness": "intermediate",
        "surface": "sett",
        "width": "3.3"
      },
      "geometry": {
        "type": "LineString",
        "coordinates": [
          [
            20.0394706,
            50.0730456
          ],
          [
            20.0395377,
            50.0730234
          ]
        ]
      },
      "id": "way/172718730"
    },
    {
      "type": "Feature",
      "properties": {
        "@id": "way/173129519",
        "handrail": "no",
        "highway": "steps",
        "incline": "up",
        "lit": "yes",
        "ramp": "no",
        "step_count": "30",
        "surface": "sett",
        "tactile_paving": "no"
      },
      "geometry": {
        "type": "LineString",
        "coordinates": [
          [
            19.9313012,
            50.0550277
          ],
          [
            19.9314263,
            50.0552314
          ]
        ]
      },
      "id": "way/173129519"
    },
    {
      "type": "Feature",
      "properties": {
        "@id": "way/180797862",
        "highway": "path",
        "surface": "sett"
      },
      "geometry": {
        "type": "LineString",
        "coordinates": [
          [
            19.9555102,
            50.068325
          ],
          [
            19.9554499,
            50.0683442
          ]
        ]
      },
      "id": "way/180797862"
    },
    {
      "type": "Feature",
      "properties": {
        "@id": "way/180931996",
        "highway": "footway",
        "lit": "yes",
        "name": "Pasaż Bielaka",
        "smoothness": "good",
        "surface": "sett"
      },
      "geometry": {
        "type": "LineString",
        "coordinates": [
          [
            19.9378743,
            50.0607604
          ],
          [
            19.9379815,
            50.0607248
          ],
          [
            19.9380183,
            50.0607126
          ]
        ]
      },
      "id": "way/180931996"
    },
    {
      "type": "Feature",
      "properties": {
        "@id": "way/180931997",
        "bicycle": "yes",
        "highway": "living_street",
        "lit": "yes",
        "maxspeed": "20",
        "name": "Rynek Główny",
        "name:be": "Галоўны рынак",
        "name:de": "Hauptmarkt",
        "name:en": "Main Market Square",
        "name:pl": "Rynek Główny",
        "smoothness": "good",
        "source:bicycle": "sign",
        "source:maxspeed": "PL:living_street",
        "surface": "sett"
      },
      "geometry": {
        "type": "LineString",
        "coordinates": [
          [
            19.9388825,
            50.0620135
          ],
          [
            19.9391928,
            50.0620218
          ]
        ]
      },
      "id": "way/180931997"
    },
    {
      "type": "Feature",
      "properties": {
        "@id": "way/181529480",
        "highway": "service",
        "maxheight:signed": "no",
        "surface": "sett"
      },
      "geometry": {
        "type": "LineString",
        "coordinates": [
          [
            19.9155633,
            50.0527773
          ],
          [
            19.915577,
            50.052705
          ],
          [
            19.9156258,
            50.052504
          ],
          [
            19.9157207,
            50.0520704
          ],
          [
            19.9156368,
            50.0520497
          ]
        ]
      },
      "id": "way/181529480"
    },
    {
      "type": "Feature",
      "properties": {
        "@id": "way/181557061",
        "highway": "footway",
        "lit": "yes",
        "surface": "sett"
      },
      "geometry": {
        "type": "LineString",
        "coordinates": [
          [
            19.9586414,
            50.0662215
          ],
          [
            19.9586596,
            50.0662248
          ],
          [
            19.9587909,
            50.0662497
          ],
          [
            19.9588896,
            50.0662705
          ]
        ]
      },
      "id": "way/181557061"
    },
    {
      "type": "Feature",
      "properties": {
        "@id": "way/181917528",
        "access": "private",
        "foot": "yes",
        "highway": "service",
        "smoothness": "intermediate",
        "surface": "sett"
      },
      "geometry": {
        "type": "LineString",
        "coordinates": [
          [
            20.0458205,
            50.0819269
          ],
          [
            20.0453525,
            50.0821271
          ],
          [
            20.0452993,
            50.0821491
          ]
        ]
      },
      "id": "way/181917528"
    },
    {
      "type": "Feature",
      "properties": {
        "@id": "way/182667922",
        "highway": "footway",
        "lit": "yes",
        "smoothness": "good",
        "surface": "sett"
      },
      "geometry": {
        "type": "LineString",
        "coordinates": [
          [
            19.9554375,
            50.0525107
          ],
          [
            19.9557913,
            50.052257
          ]
        ]
      },
      "id": "way/182667922"
    },
    {
      "type": "Feature",
      "properties": {
        "@id": "way/183678521",
        "highway": "service",
        "surface": "sett",
        "vehicle": "private"
      },
      "geometry": {
        "type": "LineString",
        "coordinates": [
          [
            19.949153,
            50.0652986
          ],
          [
            19.9490918,
            50.0653007
          ],
          [
            19.9488781,
            50.0653134
          ],
          [
            19.9486744,
            50.0653481
          ],
          [
            19.9486679,
            50.0655133
          ],
          [
            19.9486548,
            50.0658427
          ]
        ]
      },
      "id": "way/183678521"
    },
    {
      "type": "Feature",
      "properties": {
        "@id": "way/185716176",
        "bicycle": "yes",
        "highway": "pedestrian",
        "lit": "yes",
        "maxspeed": "20",
        "motor_vehicle": "permissive",
        "name": "Rynek Główny",
        "name:be": "Галоўны рынак",
        "name:de": "Hauptmarkt",
        "name:en": "Main Square",
        "name:pl": "Rynek Główny",
        "source:bicycle": "sign",
        "source:maxspeed": "PL:living_street",
        "surface": "sett"
      },
      "geometry": {
        "type": "LineString",
        "coordinates": [
          [
            19.935769,
            50.0614002
          ],
          [
            19.9354948,
            50.0613452
          ]
        ]
      },
      "id": "way/185716176"
    },
    {
      "type": "Feature",
      "properties": {
        "@id": "way/186239830",
        "highway": "footway",
        "lit": "no",
        "smoothness": "intermediate",
        "surface": "sett"
      },
      "geometry": {
        "type": "LineString",
        "coordinates": [
          [
            20.0510045,
            50.0697596
          ],
          [
            20.0510047,
            50.069834
          ],
          [
            20.0510226,
            50.06986
          ]
        ]
      },
      "id": "way/186239830"
    },
    {
      "type": "Feature",
      "properties": {
        "@id": "way/187904645",
        "highway": "footway",
        "surface": "sett"
      },
      "geometry": {
        "type": "LineString",
        "coordinates": [
          [
            19.95581,
            50.0744358
          ],
          [
            19.9555991,
            50.0741632
          ],
          [
            19.9554853,
            50.074016
          ]
        ]
      },
      "id": "way/187904645"
    },
    {
      "type": "Feature",
      "properties": {
        "@id": "way/189431314",
        "highway": "service",
        "service": "driveway",
        "surface": "sett"
      },
      "geometry": {
        "type": "LineString",
        "coordinates": [
          [
            19.8725217,
            50.0527059
          ],
          [
            19.8725992,
            50.052737
          ],
          [
            19.8727403,
            50.0527631
          ]
        ]
      },
      "id": "way/189431314"
    },
    {
      "type": "Feature",
      "properties": {
        "@id": "way/189431435",
        "access": "destination",
        "highway": "service",
        "surface": "sett"
      },
      "geometry": {
        "type": "LineString",
        "coordinates": [
          [
            19.8248281,
            50.0382348
          ],
          [
            19.8248296,
            50.0382117
          ],
          [
            19.8248494,
            50.03819
          ],
          [
            19.8249148,
            50.0381736
          ],
          [
            19.825104,
            50.0381592
          ],
          [
            19.8251563,
            50.0381499
          ]
        ]
      },
      "id": "way/189431435"
    },
    {
      "type": "Feature",
      "properties": {
        "@id": "way/189917359",
        "bicycle": "yes",
        "highway": "living_street",
        "lit": "yes",
        "maxspeed": "20",
        "name": "Lewkowa",
        "smoothness": "intermediate",
        "source:maxspeed": "PL:living_street",
        "surface": "sett",
        "taxi": "yes",
        "vehicle": "private",
        "vehicle:conditional": "delivery @ (00:00-12:00,16:00-20:00,23:00-24:00)"
      },
      "geometry": {
        "type": "LineString",
        "coordinates": [
          [
            19.9475584,
            50.052028
          ],
          [
            19.9476075,
            50.0518464
          ],
          [
            19.9476091,
            50.0518404
          ]
        ]
      },
      "id": "way/189917359"
    },
    {
      "type": "Feature",
      "properties": {
        "@id": "way/196629409",
        "bridge": "yes",
        "cycleway:both": "no",
        "hgv": "private",
        "highway": "residential",
        "lane_markings": "no",
        "layer": "1",
        "lit": "yes",
        "maxgcweight": "20",
        "maxspeed": "30",
        "maxweight": "20",
        "name": "Ludwinowska",
        "sidewalk": "both",
        "source:maxgcweight": "PL:sign_B-18",
        "source:maxspeed": "PL:zone30",
        "surface": "sett"
      },
      "geometry": {
        "type": "LineString",
        "coordinates": [
          [
            19.9403312,
            50.0440811
          ],
          [
            19.9408489,
            50.0437022
          ]
        ]
      },
      "id": "way/196629409"
    },
    {
      "type": "Feature",
      "properties": {
        "@id": "way/200178445",
        "highway": "footway",
        "surface": "sett"
      },
      "geometry": {
        "type": "LineString",
        "coordinates": [
          [
            19.9019904,
            50.020717
          ],
          [
            19.9019476,
            50.0206573
          ],
          [
            19.9019176,
            50.0206267
          ],
          [
            19.9017929,
            50.0204727
          ],
          [
            19.9018699,
            50.0204271
          ],
          [
            19.9018905,
            50.0203708
          ],
          [
            19.902001,
            50.0203373
          ],
          [
            19.9019546,
            50.0201799
          ]
        ]
      },
      "id": "way/200178445"
    },
    {
      "type": "Feature",
      "properties": {
        "@id": "way/200220470",
        "highway": "footway",
        "surface": "sett"
      },
      "geometry": {
        "type": "LineString",
        "coordinates": [
          [
            19.9019601,
            50.0200359
          ],
          [
            19.9019489,
            50.0201245
          ]
        ]
      },
      "id": "way/200220470"
    },
    {
      "type": "Feature",
      "properties": {
        "@id": "way/200220474",
        "bridge": "yes",
        "highway": "footway",
        "layer": "1",
        "surface": "sett"
      },
      "geometry": {
        "type": "LineString",
        "coordinates": [
          [
            19.9019489,
            50.0201245
          ],
          [
            19.9019546,
            50.0201799
          ]
        ]
      },
      "id": "way/200220474"
    },
    {
      "type": "Feature",
      "properties": {
        "@id": "way/200418476",
        "bicycle": "yes",
        "highway": "footway",
        "lit": "yes",
        "smoothness": "intermediate",
        "source": "Knowledge",
        "source:bicycle": "park_rules",
        "surface": "sett"
      },
      "geometry": {
        "type": "LineString",
        "coordinates": [
          [
            19.9342956,
            50.059949
          ],
          [
            19.9342513,
            50.0599661
          ]
        ]
      },
      "id": "way/200418476"
    },
    {
      "type": "Feature",
      "properties": {
        "@id": "way/201476211",
        "highway": "service",
        "lanes": "1",
        "source": "Knowledge",
        "surface": "sett"
      },
      "geometry": {
        "type": "LineString",
        "coordinates": [
          [
            19.9381559,
            50.0568047
          ],
          [
            19.9382586,
            50.0568073
          ],
          [
            19.9383408,
            50.056798
          ],
          [
            19.9384292,
            50.0567881
          ]
        ]
      },
      "id": "way/201476211"
    },
    {
      "type": "Feature",
      "properties": {
        "@id": "way/202185243",
        "cycleway:both": "no",
        "highway": "residential",
        "lit": "yes",
        "maxspeed": "30",
        "name": "Mostowa",
        "oneway": "yes",
        "oneway:bicycle": "no",
        "parking:condition:left": "no_stopping",
        "parking:lane:right": "parallel",
        "sidewalk": "separate",
        "source:maxspeed": "PL:zone30",
        "surface": "sett",
        "width": "5"
      },
      "geometry": {
        "type": "LineString",
        "coordinates": [
          [
            19.946178,
            50.0477991
          ],
          [
            19.946226,
            50.0477647
          ],
          [
            19.9466491,
            50.047362
          ],
          [
            19.9467668,
            50.0472611
          ]
        ]
      },
      "id": "way/202185243"
    },
    {
      "type": "Feature",
      "properties": {
        "@id": "way/202185252",
        "highway": "service",
        "service": "driveway",
        "surface": "cobblestone"
      },
      "geometry": {
        "type": "LineString",
        "coordinates": [
          [
            19.946472,
            50.0471128
          ],
          [
            19.94651,
            50.0470737
          ],
          [
            19.9465425,
            50.04704
          ]
        ]
      },
      "id": "way/202185252"
    },
    {
      "type": "Feature",
      "properties": {
        "@id": "way/203405046",
        "highway": "service",
        "sidewalk": "left",
        "smoothness": "intermediate",
        "surface": "sett"
      },
      "geometry": {
        "type": "LineString",
        "coordinates": [
          [
            19.9206186,
            50.063324
          ],
          [
            19.9206204,
            50.0632885
          ],
          [
            19.9206236,
            50.0632562
          ],
          [
            19.9206709,
            50.0629792
          ],
          [
            19.9206958,
            50.0628106
          ]
        ]
      },
      "id": "way/203405046"
    },
    {
      "type": "Feature",
      "properties": {
        "@id": "way/203558427",
        "foot": "permissive",
        "highway": "footway",
        "lit": "yes",
        "surface": "cobblestone"
      },
      "geometry": {
        "type": "LineString",
        "coordinates": [
          [
            19.938085,
            50.0481751
          ],
          [
            19.9380965,
            50.0481736
          ],
          [
            19.938259,
            50.0481486
          ]
        ]
      },
      "id": "way/203558427"
    },
    {
      "type": "Feature",
      "properties": {
        "@id": "way/203558429",
        "foot": "permissive",
        "highway": "footway",
        "lit": "no",
        "surface": "cobblestone"
      },
      "geometry": {
        "type": "LineString",
        "coordinates": [
          [
            19.9383728,
            50.0485
          ],
          [
            19.9383958,
            50.0487269
          ]
        ]
      },
      "id": "way/203558429"
    },
    {
      "type": "Feature",
      "properties": {
        "@id": "way/203558430",
        "foot": "permissive",
        "highway": "footway",
        "lit": "yes",
        "surface": "cobblestone"
      },
      "geometry": {
        "type": "LineString",
        "coordinates": [
          [
            19.938234,
            50.0480348
          ],
          [
            19.938259,
            50.0481486
          ],
          [
            19.9383322,
            50.0484088
          ],
          [
            19.9383346,
            50.0484093
          ],
          [
            19.9384106,
            50.0484241
          ]
        ]
      },
      "id": "way/203558430"
    },
    {
      "type": "Feature",
      "properties": {
        "@id": "way/203558432",
        "foot": "permissive",
        "highway": "footway",
        "lit": "yes",
        "surface": "cobblestone"
      },
      "geometry": {
        "type": "LineString",
        "coordinates": [
          [
            19.9381479,
            50.048416
          ],
          [
            19.9381175,
            50.0482827
          ],
          [
            19.9381124,
            50.048213
          ],
          [
            19.9380965,
            50.0481736
          ]
        ]
      },
      "id": "way/203558432"
    },
    {
      "type": "Feature",
      "properties": {
        "@id": "way/203558435",
        "foot": "permissive",
        "highway": "footway",
        "lit": "yes",
        "surface": "cobblestone"
      },
      "geometry": {
        "type": "LineString",
        "coordinates": [
          [
            19.937894,
            50.0485165
          ],
          [
            19.9380407,
            50.0485097
          ],
          [
            19.938031,
            50.0484207
          ]
        ]
      },
      "id": "way/203558435"
    },
    {
      "type": "Feature",
      "properties": {
        "@id": "way/203558438",
        "foot": "permissive",
        "highway": "footway",
        "lit": "yes",
        "surface": "cobblestone"
      },
      "geometry": {
        "type": "LineString",
        "coordinates": [
          [
            19.9382416,
            50.048413
          ],
          [
            19.9382459,
            50.0485029
          ],
          [
            19.9383728,
            50.0485
          ]
        ]
      },
      "id": "way/203558438"
    },
    {
      "type": "Feature",
      "properties": {
        "@id": "way/203558440",
        "foot": "permissive",
        "highway": "footway",
        "lit": "yes",
        "surface": "cobblestone"
      },
      "geometry": {
        "type": "LineString",
        "coordinates": [
          [
            19.9378578,
            50.0484311
          ],
          [
            19.938031,
            50.0484207
          ],
          [
            19.9381319,
            50.0484166
          ],
          [
            19.9381479,
            50.048416
          ],
          [
            19.9382416,
            50.048413
          ],
          [
            19.9383322,
            50.0484088
          ],
          [
            19.9383477,
            50.048436
          ],
          [
            19.9383655,
            50.0484606
          ],
          [
            19.9383728,
            50.0485
          ]
        ]
      },
      "id": "way/203558440"
    },
    {
      "type": "Feature",
      "properties": {
        "@id": "way/204493738",
        "footway": "crossing",
        "highway": "footway",
        "lit": "yes",
        "surface": "sett"
      },
      "geometry": {
        "type": "LineString",
        "coordinates": [
          [
            19.9463271,
            50.0496688
          ],
          [
            19.9462984,
            50.0497165
          ],
          [
            19.9462695,
            50.0497656
          ]
        ]
      },
      "id": "way/204493738"
    },
    {
      "type": "Feature",
      "properties": {
        "@id": "way/204493739",
        "footway": "crossing",
        "highway": "footway",
        "lit": "yes",
        "surface": "sett"
      },
      "geometry": {
        "type": "LineString",
        "coordinates": [
          [
            19.95119,
            50.0508458
          ],
          [
            19.9512107,
            50.0508174
          ],
          [
            19.9512276,
            50.050793
          ],
          [
            19.9512344,
            50.0507852
          ],
          [
            19.9512686,
            50.0507457
          ]
        ]
      },
      "id": "way/204493739"
    },
    {
      "type": "Feature",
      "properties": {
        "@id": "way/204493740",
        "footway": "crossing",
        "highway": "footway",
        "lit": "yes",
        "surface": "sett"
      },
      "geometry": {
        "type": "LineString",
        "coordinates": [
          [
            19.9495197,
            50.0505015
          ],
          [
            19.9495864,
            50.0505176
          ],
          [
            19.9496128,
            50.050524
          ],
          [
            19.9496454,
            50.0505319
          ],
          [
            19.9496803,
            50.0505402
          ]
        ]
      },
      "id": "way/204493740"
    },
    {
      "type": "Feature",
      "properties": {
        "@id": "way/204493742",
        "footway": "crossing",
        "highway": "footway",
        "lit": "yes",
        "surface": "sett"
      },
      "geometry": {
        "type": "LineString",
        "coordinates": [
          [
            19.9488245,
            50.0503423
          ],
          [
            19.9487656,
            50.0503297
          ],
          [
            19.9487157,
            50.0503211
          ]
        ]
      },
      "id": "way/204493742"
    },
    {
      "type": "Feature",
      "properties": {
        "@id": "way/204493743",
        "footway": "crossing",
        "highway": "footway",
        "lit": "yes",
        "surface": "sett"
      },
      "geometry": {
        "type": "LineString",
        "coordinates": [
          [
            19.9478053,
            50.0501234
          ],
          [
            19.9478843,
            50.0501396
          ],
          [
            19.9479333,
            50.0501491
          ]
        ]
      },
      "id": "way/204493743"
    },
    {
      "type": "Feature",
      "properties": {
        "@id": "way/208751170",
        "highway": "service",
        "lanes": "2",
        "smoothness": "intermediate",
        "surface": "sett"
      },
      "geometry": {
        "type": "LineString",
        "coordinates": [
          [
            19.9132362,
            50.0676062
          ],
          [
            19.9132482,
            50.067661
          ]
        ]
      },
      "id": "way/208751170"
    },
    {
      "type": "Feature",
      "properties": {
        "@id": "way/208751755",
        "check_date:smoothness": "2024-08-15",
        "highway": "footway",
        "lit": "yes",
        "smoothness": "intermediate",
        "surface": "sett"
      },
      "geometry": {
        "type": "LineString",
        "coordinates": [
          [
            19.9127416,
            50.06824
          ],
          [
            19.9127051,
            50.0682033
          ],
          [
            19.9126483,
            50.0681539
          ]
        ]
      },
      "id": "way/208751755"
    },
    {
      "type": "Feature",
      "properties": {
        "@id": "way/209178212",
        "highway": "service",
        "lanes": "1",
        "motor_vehicle": "private",
        "oneway": "yes",
        "smoothness": "intermediate",
        "surface": "sett"
      },
      "geometry": {
        "type": "LineString",
        "coordinates": [
          [
            19.9131336,
            50.0677144
          ],
          [
            19.9132574,
            50.0676982
          ]
        ]
      },
      "id": "way/209178212"
    },
    {
      "type": "Feature",
      "properties": {
        "@id": "way/227040703",
        "highway": "track",
        "mtb:scale": "0",
        "name": "Astronomów",
        "smoothness": "bad",
        "surface": "unhewn_cobblestone",
        "tracktype": "grade3"
      },
      "geometry": {
        "type": "LineString",
        "coordinates": [
          [
            19.836446,
            50.0542174
          ],
          [
            19.8360681,
            50.0544817
          ],
          [
            19.8358288,
            50.0546573
          ],
          [
            19.8355895,
            50.0547818
          ],
          [
            19.8355469,
            50.0548039
          ],
          [
            19.8347023,
            50.0550775
          ],
          [
            19.8345092,
            50.0551153
          ],
          [
            19.8343021,
            50.0551496
          ],
          [
            19.8342637,
            50.0551558
          ],
          [
            19.8341429,
            50.0551449
          ],
          [
            19.8340067,
            50.055077
          ],
          [
            19.8328175,
            50.0537062
          ],
          [
            19.8318883,
            50.0526374
          ],
          [
            19.8317572,
            50.0525838
          ],
          [
            19.831658,
            50.0525579
          ],
          [
            19.8314917,
            50.0525442
          ],
          [
            19.8312879,
            50.0525631
          ]
        ]
      },
      "id": "way/227040703"
    },
    {
      "type": "Feature",
      "properties": {
        "@id": "way/227963541",
        "highway": "footway",
        "surface": "sett"
      },
      "geometry": {
        "type": "LineString",
        "coordinates": [
          [
            20.1466588,
            50.0878873
          ],
          [
            20.146649,
            50.0878657
          ],
          [
            20.1466562,
            50.0878011
          ],
          [
            20.1466965,
            50.087768
          ],
          [
            20.1467505,
            50.0877507
          ],
          [
            20.1468502,
            50.0877187
          ],
          [
            20.1470716,
            50.0876476
          ],
          [
            20.1472342,
            50.0876506
          ],
          [
            20.1472635,
            50.0876748
          ],
          [
            20.14729,
            50.087735
          ],
          [
            20.1472847,
            50.0877632
          ],
          [
            20.1472165,
            50.0878525
          ],
          [
            20.1471787,
            50.0878793
          ],
          [
            20.1470764,
            50.0879222
          ],
          [
            20.1469444,
            50.0879635
          ],
          [
            20.1468309,
            50.0879752
          ],
          [
            20.1467731,
            50.0879635
          ],
          [
            20.1467087,
            50.0879349
          ]
        ]
      },
      "id": "way/227963541"
    },
    {
      "type": "Feature",
      "properties": {
        "@id": "way/227963542",
        "highway": "footway",
        "surface": "sett"
      },
      "geometry": {
        "type": "LineString",
        "coordinates": [
          [
            20.1471211,
            50.0878227
          ],
          [
            20.1471787,
            50.0878793
          ],
          [
            20.1472091,
            50.0879149
          ]
        ]
      },
      "id": "way/227963542"
    },
    {
      "type": "Feature",
      "properties": {
        "@id": "way/228553202",
        "cycleway:both": "no",
        "highway": "residential",
        "lane_markings": "no",
        "lit": "yes",
        "maxspeed:type": "PL:urban",
        "noname": "yes",
        "oneway": "no",
        "sidewalk": "no",
        "smoothness": "intermediate",
        "surface": "sett",
        "width": "3.3"
      },
      "geometry": {
        "type": "LineString",
        "coordinates": [
          [
            20.0409473,
            50.0734382
          ],
          [
            20.0410172,
            50.0734071
          ]
        ]
      },
      "id": "way/228553202"
    },
    {
      "type": "Feature",
      "properties": {
        "@id": "way/228553221",
        "highway": "service",
        "smoothness": "bad",
        "surface": "sett"
      },
      "geometry": {
        "type": "LineString",
        "coordinates": [
          [
            20.0440014,
            50.0723876
          ],
          [
            20.0441043,
            50.0726188
          ],
          [
            20.0441126,
            50.0726495
          ],
          [
            20.0441107,
            50.0726762
          ],
          [
            20.0441014,
            50.0727028
          ]
        ]
      },
      "id": "way/228553221"
    },
    {
      "type": "Feature",
      "properties": {
        "@id": "way/232097168",
        "bicycle": "yes",
        "highway": "living_street",
        "lanes": "1",
        "lit": "no",
        "maxspeed": "20",
        "maxweight": "2.5",
        "name": "Ciemna",
        "smoothness": "bad",
        "source:maxspeed": "PL:living_street",
        "surface": "sett",
        "taxi": "yes",
        "vehicle": "private",
        "vehicle:conditional": "delivery @ (00:00-12:00,16:00-20:00,23:00-24:00)"
      },
      "geometry": {
        "type": "LineString",
        "coordinates": [
          [
            19.9476091,
            50.0518404
          ],
          [
            19.9476242,
            50.0518079
          ],
          [
            19.9476561,
            50.0517395
          ],
          [
            19.9481692,
            50.0517954
          ]
        ]
      },
      "id": "way/232097168"
    },
    {
      "type": "Feature",
      "properties": {
        "@id": "way/232097169",
        "goods": "no",
        "goods:conditional": "delivery @ (00:00-12:00,16:00-20:00,23:00-24:00)",
        "highway": "living_street",
        "lit": "yes",
        "maxspeed": "20",
        "motor_vehicle": "private",
        "name": "Szeroka",
        "psv": "yes",
        "source:maxspeed": "PL:living_street",
        "surface": "sett"
      },
      "geometry": {
        "type": "LineString",
        "coordinates": [
          [
            19.9484298,
            50.0518529
          ],
          [
            19.9483777,
            50.0518472
          ],
          [
            19.9483084,
            50.0518396
          ],
          [
            19.9482871,
            50.0518917
          ],
          [
            19.9480451,
            50.0524831
          ],
          [
            19.9479318,
            50.0527056
          ]
        ]
      },
      "id": "way/232097169"
    },
    {
      "type": "Feature",
      "properties": {
        "@id": "way/232617979",
        "highway": "service",
        "service": "parking_aisle",
        "surface": "cobblestone"
      },
      "geometry": {
        "type": "LineString",
        "coordinates": [
          [
            19.9251361,
            50.0330267
          ],
          [
            19.9253505,
            50.033036
          ]
        ]
      },
      "id": "way/232617979"
    },
    {
      "type": "Feature",
      "properties": {
        "@id": "way/233044278",
        "highway": "footway",
        "lit": "yes",
        "surface": "sett"
      },
      "geometry": {
        "type": "LineString",
        "coordinates": [
          [
            19.8947184,
            50.0543714
          ],
          [
            19.8950063,
            50.0544109
          ],
          [
            19.8950038,
            50.0544524
          ],
          [
            19.8947906,
            50.0545807
          ],
          [
            19.894812,
            50.0546869
          ],
          [
            19.8948479,
            50.0548538
          ],
          [
            19.8948463,
            50.0549128
          ],
          [
            19.8948365,
            50.0549795
          ],
          [
            19.8947684,
            50.0550685
          ],
          [
            19.8943036,
            50.0555344
          ],
          [
            19.8942226,
            50.0555027
          ]
        ]
      },
      "id": "way/233044278"
    },
    {
      "type": "Feature",
      "properties": {
        "@id": "way/233046646",
        "check_date": "2024-10-19",
        "check_date:lit": "2024-10-19",
        "highway": "service",
        "lit": "yes",
        "name": "Jacka Malczewskiego",
        "service": "alley",
        "smoothness": "bad",
        "surface": "sett",
        "traffic_sign": "PL:B-1",
        "vehicle": "destination"
      },
      "geometry": {
        "type": "LineString",
        "coordinates": [
          [
            19.9012844,
            50.0540747
          ],
          [
            19.9012552,
            50.0540044
          ],
          [
            19.9011113,
            50.0536809
          ],
          [
            19.9010783,
            50.0536274
          ],
          [
            19.9010588,
            50.0535587
          ],
          [
            19.9010824,
            50.0535025
          ],
          [
            19.901113,
            50.0534546
          ],
          [
            19.9011136,
            50.0534146
          ]
        ]
      },
      "id": "way/233046646"
    },
    {
      "type": "Feature",
      "properties": {
        "@id": "way/233151872",
        "highway": "footway",
        "surface": "sett"
      },
      "geometry": {
        "type": "LineString",
        "coordinates": [
          [
            19.8619428,
            50.0640612
          ],
          [
            19.861941,
            50.0640461
          ]
        ]
      },
      "id": "way/233151872"
    },
    {
      "type": "Feature",
      "properties": {
        "@id": "way/234875262",
        "bicycle": "yes",
        "emergency": "yes",
        "foot": "yes",
        "highway": "living_street",
        "horse": "yes",
        "junction": "roundabout",
        "lit": "yes",
        "maxspeed": "20",
        "motor_vehicle": "permissive",
        "motor_vehicle:conditional": "delivery @ (23:00-10:00); disabled @ (06:00-12:00,18:00-20:00)",
        "name": "Rynek Główny",
        "name:be": "Галоўны рынак",
        "name:de": "Hauptmarkt",
        "name:en": "Main Market Square",
        "name:pl": "Rynek Główny",
        "name:ru": "Рыночная площадь",
        "oneway:foot": "no",
        "smoothness": "excellent",
        "source:bicycle": "sign",
        "source:maxspeed": "PL:living_street",
        "surface": "sett"
      },
      "geometry": {
        "type": "LineString",
        "coordinates": [
          [
            19.9376555,
            50.0604284
          ],
          [
            19.9376656,
            50.0604706
          ],
          [
            19.9376809,
            50.0605097
          ],
          [
            19.9377066,
            50.0605519
          ],
          [
            19.9377831,
            50.060647
          ],
          [
            19.9378743,
            50.0607604
          ],
          [
            19.9379097,
            50.0608049
          ],
          [
            19.938022,
            50.060941
          ],
          [
            19.9381474,
            50.061093
          ],
          [
            19.9383127,
            50.0612934
          ],
          [
            19.9384388,
            50.0614558
          ],
          [
            19.9385514,
            50.0616153
          ],
          [
            19.9388825,
            50.0620135
          ],
          [
            19.9379745,
            50.0623226
          ],
          [
            19.9369093,
            50.0626838
          ]
        ]
      },
      "id": "way/234875262"
    },
    {
      "type": "Feature",
      "properties": {
        "@id": "way/234875263",
        "bicycle": "yes",
        "goods": "delivery",
        "highway": "living_street",
        "lit": "yes",
        "maxspeed": "20",
        "motor_vehicle": "private",
        "name": "Stolarska",
        "name:de": "Tischnergasse",
        "name:pl": "Stolarska",
        "psv": "yes",
        "smoothness": "intermediate",
        "source:maxspeed": "PL:living_street",
        "source:width": "ARCore",
        "surface": "sett",
        "taxi": "yes",
        "width": "5.7",
        "wikidata": "Q9366014",
        "wikipedia": "pl:Ulica Stolarska w Krakowie"
      },
      "geometry": {
        "type": "LineString",
        "coordinates": [
          [
            19.9387057,
            50.0591032
          ],
          [
            19.938707,
            50.0591162
          ],
          [
            19.9387097,
            50.0591398
          ],
          [
            19.9387187,
            50.0592199
          ]
        ]
      },
      "id": "way/234875263"
    },
    {
      "type": "Feature",
      "properties": {
        "@id": "way/234875340",
        "bicycle": "yes",
        "cycleway": "opposite",
        "highway": "pedestrian",
        "lit": "yes",
        "maxspeed": "20",
        "motor_vehicle": "private",
        "name": "Grodzka",
        "name:be": "Гарадская вуліца",
        "name:pl": "Grodzka",
        "oneway": "yes",
        "oneway:bicycle": "no",
        "oneway:foot": "no",
        "smoothness": "excellent",
        "source:bicycle": "sign",
        "source:maxspeed": "PL:living_street",
        "surface": "sett"
      },
      "geometry": {
        "type": "LineString",
        "coordinates": [
          [
            19.9383315,
            50.0554003
          ],
          [
            19.9383739,
            50.0552452
          ],
          [
            19.938379,
            50.0551765
          ],
          [
            19.9383928,
            50.0550781
          ],
          [
            19.9384006,
            50.0550373
          ],
          [
            19.9384169,
            50.0549522
          ],
          [
            19.9384783,
            50.0547591
          ]
        ]
      },
      "id": "way/234875340"
    },
    {
      "type": "Feature",
      "properties": {
        "@id": "way/234876445",
        "bicycle": "yes",
        "cycleway": "opposite",
        "highway": "pedestrian",
        "lit": "yes",
        "maxspeed": "20",
        "name": "Kanonicza",
        "name:be": "Кананічная вуліца",
        "name:pl": "Kanonicza",
        "name:uk": "Каноніча",
        "oneway": "yes",
        "oneway:bicycle": "no",
        "smoothness": "intermediate",
        "source:bicycle": "sign",
        "source:maxspeed": "PL:living_street",
        "surface": "sett"
      },
      "geometry": {
        "type": "LineString",
        "coordinates": [
          [
            19.9369273,
            50.0556227
          ],
          [
            19.9368699,
            50.0555422
          ],
          [
            19.9368325,
            50.0554834
          ],
          [
            19.9368113,
            50.0554202
          ]
        ]
      },
      "id": "way/234876445"
    },
    {
      "type": "Feature",
      "properties": {
        "@id": "way/234974342",
        "bicycle": "no",
        "highway": "pedestrian",
        "lit": "yes",
        "name": "Floriańska",
        "name:de": "Floriangasse",
        "name:etymology:wikidata": "Q298845",
        "name:hu": "Flórián utca",
        "name:pl": "Floriańska",
        "name:ru": "Флорианская улица",
        "smoothness": "good",
        "source:bicycle": "sign",
        "surface": "sett",
        "tourism": "attraction",
        "tunnel": "building_passage",
        "wheelchair": "yes",
        "wikidata": "Q9365137",
        "wikipedia": "pl:Ulica Floriańska w Krakowie"
      },
      "geometry": {
        "type": "LineString",
        "coordinates": [
          [
            19.9413361,
            50.0648128
          ],
          [
            19.9413698,
            50.0649001
          ]
        ]
      },
      "id": "way/234974342"
    },
    {
      "type": "Feature",
      "properties": {
        "@id": "way/235928656",
        "highway": "living_street",
        "lit": "yes",
        "maxspeed": "20",
        "noname": "yes",
        "source:maxspeed": "PL:living_street",
        "surface": "sett",
        "vehicle": "private"
      },
      "geometry": {
        "type": "LineString",
        "coordinates": [
          [
            19.9368825,
            50.0592244
          ],
          [
            19.9368867,
            50.0592066
          ],
          [
            19.9369015,
            50.0591397
          ],
          [
            19.9369537,
            50.0590298
          ]
        ]
      },
      "id": "way/235928656"
    },
    {
      "type": "Feature",
      "properties": {
        "@id": "way/235931739",
        "highway": "service",
        "lit": "yes",
        "oneway": "no",
        "service": "driveway",
        "surface": "cobblestone",
        "width": "3"
      },
      "geometry": {
        "type": "LineString",
        "coordinates": [
          [
            19.9363925,
            50.0586528
          ],
          [
            19.9364714,
            50.0586399
          ],
          [
            19.9365155,
            50.0587081
          ],
          [
            19.936503,
            50.0588971
          ]
        ]
      },
      "id": "way/235931739"
    },
    {
      "type": "Feature",
      "properties": {
        "@id": "way/235931740",
        "highway": "footway",
        "lit": "yes",
        "surface": "sett"
      },
      "geometry": {
        "type": "LineString",
        "coordinates": [
          [
            19.9363325,
            50.0595056
          ],
          [
            19.9364149,
            50.0594893
          ],
          [
            19.9364518,
            50.0594795
          ],
          [
            19.9364983,
            50.0594671
          ],
          [
            19.9365351,
            50.0594563
          ],
          [
            19.9365746,
            50.059444
          ],
          [
            19.9366073,
            50.0594325
          ],
          [
            19.9366477,
            50.0594175
          ],
          [
            19.9366752,
            50.0594055
          ],
          [
            19.9367065,
            50.0593901
          ],
          [
            19.9367361,
            50.0593742
          ],
          [
            19.936767,
            50.0593586
          ],
          [
            19.9368457,
            50.0593261
          ],
          [
            19.9369269,
            50.0592957
          ],
          [
            19.9369571,
            50.0592854
          ],
          [
            19.9369879,
            50.0592768
          ],
          [
            19.937038,
            50.0592642
          ],
          [
            19.9370727,
            50.059256
          ],
          [
            19.9371104,
            50.0592494
          ],
          [
            19.9371547,
            50.059242
          ],
          [
            19.9372024,
            50.0592353
          ],
          [
            19.9372458,
            50.0592305
          ],
          [
            19.9372725,
            50.0592276
          ],
          [
            19.9373145,
            50.0592246
          ],
          [
            19.9373604,
            50.0592222
          ],
          [
            19.9374913,
            50.0592187
          ],
          [
            19.9375421,
            50.059218
          ],
          [
            19.9378346,
            50.0592169
          ]
        ]
      },
      "id": "way/235931740"
    },
    {
      "type": "Feature",
      "properties": {
        "@id": "way/237397734",
        "highway": "pedestrian",
        "lit": "yes",
        "noname": "yes",
        "smoothness": "good",
        "surface": "sett"
      },
      "geometry": {
        "type": "LineString",
        "coordinates": [
          [
            19.9363194,
            50.0620126
          ],
          [
            19.9371373,
            50.061779
          ]
        ]
      },
      "id": "way/237397734"
    },
    {
      "type": "Feature",
      "properties": {
        "@id": "way/237987917",
        "access": "private",
        "highway": "footway",
        "lit": "yes",
        "surface": "unhewn_cobblestone"
      },
      "geometry": {
        "type": "LineString",
        "coordinates": [
          [
            19.9439526,
            50.0677693
          ],
          [
            19.94399,
            50.0678979
          ],
          [
            19.9440573,
            50.0681291
          ],
          [
            19.9438804,
            50.0681565
          ]
        ]
      },
      "id": "way/237987917"
    },
    {
      "type": "Feature",
      "properties": {
        "@id": "way/238530374",
        "handrail": "no",
        "highway": "steps",
        "incline": "down",
        "lit": "yes",
        "ramp": "no",
        "source": "Geoportal, Knowledge",
        "step_count": "4",
        "surface": "sett",
        "tactile_paving": "no"
      },
      "geometry": {
        "type": "LineString",
        "coordinates": [
          [
            19.940318,
            50.0608236
          ],
          [
            19.940312,
            50.0608153
          ]
        ]
      },
      "id": "way/238530374"
    },
    {
      "type": "Feature",
      "properties": {
        "@id": "way/240866965",
        "bicycle": "yes",
        "highway": "footway",
        "lit": "yes",
        "smoothness": "intermediate",
        "source:bicycle": "park_rules",
        "surface": "sett"
      },
      "geometry": {
        "type": "LineString",
        "coordinates": [
          [
            19.9326776,
            50.0606433
          ],
          [
            19.9326083,
            50.0607029
          ]
        ]
      },
      "id": "way/240866965"
    },
    {
      "type": "Feature",
      "properties": {
        "@id": "way/240866967",
        "bicycle": "yes",
        "highway": "footway",
        "lit": "yes",
        "source": "Knowledge",
        "source:bicycle": "park_rules",
        "surface": "sett"
      },
      "geometry": {
        "type": "LineString",
        "coordinates": [
          [
            19.9343688,
            50.0599225
          ],
          [
            19.9342956,
            50.059949
          ]
        ]
      },
      "id": "way/240866967"
    },
    {
      "type": "Feature",
      "properties": {
        "@id": "way/240866975",
        "bicycle": "yes",
        "construction": "pedestrian",
        "cycleway:both": "no",
        "highway": "construction",
        "lit": "yes",
        "maxspeed": "30",
        "name": "Szewska",
        "name:de": "Schugasse",
        "name:fr": "Rue des Cordonniers",
        "name:pl": "Szewska",
        "oneway": "yes",
        "oneway:bicycle": "no",
        "opening_date": "2027-03-06",
        "smoothness": "bad",
        "source:bicycle": "sign",
        "source:maxspeed": "PL:zone30",
        "surface": "sett",
        "wikidata": "Q9366052",
        "wikipedia": "pl:Ulica Szewska w Krakowie"
      },
      "geometry": {
        "type": "LineString",
        "coordinates": [
          [
            19.9330239,
            50.0633755
          ],
          [
            19.9330091,
            50.0633859
          ],
          [
            19.9329801,
            50.0634063
          ],
          [
            19.9329681,
            50.0634159
          ]
        ]
      },
      "id": "way/240866975"
    },
    {
      "type": "Feature",
      "properties": {
        "@id": "way/240866978",
        "bicycle": "yes",
        "highway": "footway",
        "lit": "yes",
        "smoothness": "intermediate",
        "source": "Knowledge",
        "source:bicycle": "park_rules",
        "surface": "sett"
      },
      "geometry": {
        "type": "LineString",
        "coordinates": [
          [
            19.9342956,
            50.059949
          ],
          [
            19.9342617,
            50.0599075
          ]
        ]
      },
      "id": "way/240866978"
    },
    {
      "type": "Feature",
      "properties": {
        "@id": "way/242368428",
        "bicycle": "yes",
        "cycleway:both": "no",
        "goods": "delivery",
        "highway": "living_street",
        "lit": "yes",
        "maxspeed": "20",
        "motor_vehicle": "private",
        "name": "Mikołajska",
        "name:be": "Мікалаеўская вуліца",
        "name:de": "Nikolaigasse",
        "name:pl": "Mikołajska",
        "oneway": "yes",
        "psv": "yes",
        "source:maxspeed": "PL:living_street",
        "surface": "sett",
        "taxi": "yes"
      },
      "geometry": {
        "type": "LineString",
        "coordinates": [
          [
            19.9418048,
            50.0612924
          ],
          [
            19.9419064,
            50.0613419
          ],
          [
            19.9419511,
            50.0613592
          ],
          [
            19.9419938,
            50.0613744
          ],
          [
            19.9420455,
            50.0613895
          ],
          [
            19.9421055,
            50.0614032
          ],
          [
            19.9421614,
            50.0614127
          ],
          [
            19.9422225,
            50.0614199
          ],
          [
            19.9423275,
            50.0614288
          ],
          [
            19.942401,
            50.0614342
          ],
          [
            19.9425238,
            50.0614418
          ],
          [
            19.9425827,
            50.061444
          ],
          [
            19.9426687,
            50.0614452
          ],
          [
            19.9427235,
            50.0614449
          ],
          [
            19.9427688,
            50.0614412
          ],
          [
            19.9428247,
            50.0614346
          ],
          [
            19.9428729,
            50.0614267
          ],
          [
            19.9429226,
            50.061416
          ],
          [
            19.9431656,
            50.0613635
          ],
          [
            19.9432247,
            50.0613505
          ]
        ]
      },
      "id": "way/242368428"
    },
    {
      "type": "Feature",
      "properties": {
        "@id": "way/243025904",
        "bicycle": "yes",
        "check_date:smoothness": "2024-08-15",
        "foot": "yes",
        "highway": "service",
        "lanes": "2",
        "motor_vehicle": "private",
        "oneway": "no",
        "smoothness": "intermediate",
        "surface": "sett"
      },
      "geometry": {
        "type": "LineString",
        "coordinates": [
          [
            19.9132482,
            50.067661
          ],
          [
            19.9132574,
            50.0676982
          ],
          [
            19.9132658,
            50.0677239
          ],
          [
            19.913271,
            50.0677389
          ],
          [
            19.9132817,
            50.0677733
          ],
          [
            19.9133049,
            50.0678513
          ],
          [
            19.9126291,
            50.0681349
          ],
          [
            19.911979,
            50.0684006
          ],
          [
            19.9119533,
            50.0683755
          ],
          [
            19.9119476,
            50.0683685
          ]
        ]
      },
      "id": "way/243025904"
    },
    {
      "type": "Feature",
      "properties": {
        "@id": "way/243471430",
        "bicycle": "no",
        "highway": "footway",
        "horse": "no",
        "lit": "no",
        "surface": "sett"
      },
      "geometry": {
        "type": "LineString",
        "coordinates": [
          [
            19.9473742,
            50.0457058
          ],
          [
            19.9470681,
            50.0455768
          ],
          [
            19.947033,
            50.0455594
          ]
        ]
      },
      "id": "way/243471430"
    },
    {
      "type": "Feature",
      "properties": {
        "@id": "way/243471431",
        "bicycle": "yes",
        "highway": "footway",
        "lit": "yes",
        "smoothness": "good",
        "source:bicycle": "sign",
        "surface": "sett"
      },
      "geometry": {
        "type": "LineString",
        "coordinates": [
          [
            19.9500381,
            50.0467775
          ],
          [
            19.9495281,
            50.0465205
          ],
          [
            19.9488848,
            50.0462495
          ],
          [
            19.9487048,
            50.0461737
          ]
        ]
      },
      "id": "way/243471431"
    },
    {
      "type": "Feature",
      "properties": {
        "@id": "way/243471433",
        "bicycle": "yes",
        "highway": "footway",
        "lit": "yes",
        "source:bicycle": "sign",
        "surface": "sett"
      },
      "geometry": {
        "type": "LineString",
        "coordinates": [
          [
            19.9435273,
            50.0443425
          ],
          [
            19.9432063,
            50.0442819
          ],
          [
            19.9428703,
            50.0442327
          ],
          [
            19.9424425,
            50.0441952
          ],
          [
            19.9421576,
            50.0441811
          ],
          [
            19.9420452,
            50.0441676
          ],
          [
            19.9419856,
            50.0441283
          ]
        ]
      },
      "id": "way/243471433"
    },
    {
      "type": "Feature",
      "properties": {
        "@id": "way/243484788",
        "highway": "cycleway",
        "lit": "yes",
        "maxspeed": "50",
        "source:maxspeed": "PL:urban",
        "surface": "sett",
        "width": "3"
      },
      "geometry": {
        "type": "LineString",
        "coordinates": [
          [
            19.9480518,
            50.046008
          ],
          [
            19.9480682,
            50.0460007
          ]
        ]
      },
      "id": "way/243484788"
    },
    {
      "type": "Feature",
      "properties": {
        "@id": "way/243591254",
        "highway": "living_street",
        "lit": "yes",
        "maxspeed": "20",
        "motor_vehicle": "private",
        "name": "Plac Dominikański",
        "name:de": "Dominikanerplatz",
        "source:maxspeed": "PL:living_street",
        "surface": "sett",
        "taxi": "yes",
        "wikidata": "Q11819033",
        "wikipedia": "pl:Plac Dominikański w Krakowie"
      },
      "geometry": {
        "type": "LineString",
        "coordinates": [
          [
            19.937958,
            50.0591639
          ],
          [
            19.9378883,
            50.0591376
          ],
          [
            19.9378489,
            50.0591227
          ]
        ]
      },
      "id": "way/243591254"
    },
    {
      "type": "Feature",
      "properties": {
        "@id": "way/244622821",
        "bicycle": "yes",
        "highway": "pedestrian",
        "lit": "yes",
        "name": "Mały Rynek",
        "name:pl": "Mały Rynek",
        "smoothness": "good",
        "source:bicycle": "sign",
        "surface": "sett"
      },
      "geometry": {
        "type": "LineString",
        "coordinates": [
          [
            19.9402065,
            50.061313
          ],
          [
            19.9400891,
            50.0613488
          ]
        ]
      },
      "id": "way/244622821"
    },
    {
      "type": "Feature",
      "properties": {
        "@id": "way/247802008",
        "highway": "residential",
        "lit": "yes",
        "maxspeed": "30",
        "name": "Parkowa",
        "sidewalk": "separate",
        "source:maxspeed": "PL:zone30",
        "surface": "sett"
      },
      "geometry": {
        "type": "LineString",
        "coordinates": [
          [
            19.9512879,
            50.0422862
          ],
          [
            19.9513655,
            50.0422633
          ]
        ]
      },
      "id": "way/247802008"
    },
    {
      "type": "Feature",
      "properties": {
        "@id": "way/249428681",
        "highway": "pedestrian",
        "level": "0",
        "lit": "yes",
        "noname": "yes",
        "surface": "unhewn_cobblestone"
      },
      "geometry": {
        "type": "LineString",
        "coordinates": [
          [
            19.9469421,
            50.065986
          ],
          [
            19.9468192,
            50.0659031
          ],
          [
            19.9468285,
            50.0655925
          ],
          [
            19.9468366,
            50.0653711
          ],
          [
            19.9467634,
            50.0652679
          ]
        ]
      },
      "id": "way/249428681"
    },
    {
      "type": "Feature",
      "properties": {
        "@id": "way/249428684",
        "highway": "footway",
        "lit": "yes",
        "surface": "sett"
      },
      "geometry": {
        "type": "LineString",
        "coordinates": [
          [
            19.9455911,
            50.064953
          ],
          [
            19.9460321,
            50.0650152
          ],
          [
            19.9463943,
            50.0650711
          ]
        ]
      },
      "id": "way/249428684"
    },
    {
      "type": "Feature",
      "properties": {
        "@id": "way/251475658",
        "handrail": "yes",
        "highway": "steps",
        "step_count": "66",
        "surface": "cobblestone"
      },
      "geometry": {
        "type": "LineString",
        "coordinates": [
          [
            19.802634,
            50.0199056
          ],
          [
            19.8026632,
            50.0197695
          ],
          [
            19.80249,
            50.019511
          ]
        ]
      },
      "id": "way/251475658"
    },
    {
      "type": "Feature",
      "properties": {
        "@id": "way/252620216",
        "highway": "residential",
        "name": "Topografów",
        "surface": "cobblestone"
      },
      "geometry": {
        "type": "LineString",
        "coordinates": [
          [
            19.8815326,
            49.9842952
          ],
          [
            19.881183,
            49.9842388
          ],
          [
            19.881075,
            49.9842214
          ],
          [
            19.8808559,
            49.9841888
          ],
          [
            19.8803893,
            49.9841193
          ],
          [
            19.8802716,
            49.9841018
          ],
          [
            19.8802126,
            49.984093
          ],
          [
            19.879859,
            49.984023
          ],
          [
            19.8797076,
            49.9840052
          ],
          [
            19.8793071,
            49.983963
          ],
          [
            19.8791463,
            49.983946
          ],
          [
            19.8787893,
            49.9838889
          ],
          [
            19.8784676,
            49.9838296
          ],
          [
            19.8784003,
            49.9838172
          ],
          [
            19.878076,
            49.9837585
          ],
          [
            19.87806,
            49.9837556
          ],
          [
            19.8776634,
            49.9836991
          ],
          [
            19.8776482,
            49.9836973
          ],
          [
            19.8773333,
            49.9836592
          ],
          [
            19.8773045,
            49.9836557
          ],
          [
            19.8769394,
            49.9836002
          ],
          [
            19.8766404,
            49.9836132
          ],
          [
            19.8765135,
            49.9836406
          ],
          [
            19.8763736,
            49.9836885
          ]
        ]
      },
      "id": "way/252620216"
    },
    {
      "type": "Feature",
      "properties": {
        "@id": "way/253331593",
        "highway": "service",
        "maxheight": "below_default",
        "service": "driveway",
        "surface": "cobblestone",
        "tunnel": "building_passage"
      },
      "geometry": {
        "type": "LineString",
        "coordinates": [
          [
            19.8018743,
            50.0194185
          ],
          [
            19.8018176,
            50.0193344
          ]
        ]
      },
      "id": "way/253331593"
    },
    {
      "type": "Feature",
      "properties": {
        "@id": "way/253838552",
        "highway": "footway",
        "surface": "sett"
      },
      "geometry": {
        "type": "LineString",
        "coordinates": [
          [
            19.9344353,
            50.0531193
          ],
          [
            19.9346946,
            50.053009
          ],
          [
            19.9349628,
            50.0528904
          ],
          [
            19.9350117,
            50.0528872
          ],
          [
            19.9350324,
            50.0529005
          ],
          [
            19.935046,
            50.0529125
          ],
          [
            19.9350879,
            50.0528944
          ]
        ]
      },
      "id": "way/253838552"
    },
    {
      "type": "Feature",
      "properties": {
        "@id": "way/256367295",
        "bicycle": "yes",
        "bus": "yes",
        "cycleway:both": "no",
        "goods": "delivery",
        "highway": "residential",
        "lit": "yes",
        "maxspeed": "30",
        "motor_vehicle": "private",
        "name": "Dominikańska",
        "name:be": "Дамініканская вуліца",
        "name:de": "Dominikanergasse",
        "name:pl": "Dominikańska",
        "oneway": "yes",
        "oneway:bicycle": "no",
        "oneway:psv": "no",
        "parking:both": "no",
        "psv": "yes",
        "sidewalk:both": "separate",
        "smoothness": "intermediate",
        "source:maxspeed": "PL:zone30",
        "surface": "sett",
        "taxi": "yes",
        "wikidata": "Q9365074",
        "wikipedia": "pl:Ulica Dominikańska w Krakowie"
      },
      "geometry": {
        "type": "LineString",
        "coordinates": [
          [
            19.9387057,
            50.0591032
          ],
          [
            19.9397261,
            50.0590535
          ],
          [
            19.9404154,
            50.0590199
          ],
          [
            19.940755,
            50.059002
          ],
          [
            19.9408098,
            50.0589952
          ],
          [
            19.9408897,
            50.0589815
          ],
          [
            19.9409722,
            50.0589642
          ],
          [
            19.9411859,
            50.0589195
          ],
          [
            19.9412054,
            50.0589145
          ]
        ]
      },
      "id": "way/256367295"
    },
    {
      "type": "Feature",
      "properties": {
        "@id": "way/256368184",
        "bicycle": "yes",
        "highway": "pedestrian",
        "lit": "yes",
        "maxspeed": "20",
        "name": "Pijarska",
        "name:de": "Piaristengasse",
        "name:pl": "Pijarska",
        "smoothness": "excellent",
        "source:bicycle": "sign",
        "source:maxspeed": "PL:living_street",
        "surface": "sett"
      },
      "geometry": {
        "type": "LineString",
        "coordinates": [
          [
            19.940369,
            50.0648095
          ],
          [
            19.9405112,
            50.0648407
          ],
          [
            19.9405961,
            50.0648542
          ],
          [
            19.9407096,
            50.0648569
          ],
          [
            19.9411653,
            50.0648205
          ],
          [
            19.9412424,
            50.0648158
          ],
          [
            19.9413343,
            50.0648091
          ]
        ]
      },
      "id": "way/256368184"
    },
    {
      "type": "Feature",
      "properties": {
        "@id": "way/257803086",
        "highway": "living_street",
        "maxspeed": "20",
        "name": "Malachitowa",
        "oneway": "yes",
        "source:maxspeed": "PL:living_street",
        "surface": "sett"
      },
      "geometry": {
        "type": "LineString",
        "coordinates": [
          [
            20.0553186,
            50.0199786
          ],
          [
            20.0554385,
            50.0197802
          ],
          [
            20.0554293,
            50.0196285
          ],
          [
            20.0554218,
            50.0195316
          ],
          [
            20.05542,
            50.0195091
          ],
          [
            20.055411,
            50.0194101
          ],
          [
            20.0554031,
            50.0193011
          ],
          [
            20.0553984,
            50.0192402
          ],
          [
            20.0553949,
            50.0192034
          ],
          [
            20.0553898,
            50.019119
          ],
          [
            20.0553772,
            50.0190919
          ],
          [
            20.0553528,
            50.0190665
          ],
          [
            20.0553233,
            50.0190486
          ],
          [
            20.0552699,
            50.0190281
          ],
          [
            20.0551046,
            50.0190031
          ]
        ]
      },
      "id": "way/257803086"
    },
    {
      "type": "Feature",
      "properties": {
        "@id": "way/258143176",
        "bicycle": "yes",
        "cycleway:left": "no",
        "goods": "delivery",
        "highway": "living_street",
        "lit": "yes",
        "maxspeed": "20",
        "motor_vehicle": "private",
        "name": "Szpitalna",
        "name:be": "Шпітальная вуліца",
        "name:de": "Spitalgasse",
        "name:pl": "Szpitalna",
        "oneway": "yes",
        "oneway:bicycle": "no",
        "parking:left": "no",
        "parking:right": "lane",
        "parking:right:orientation": "parallel",
        "psv": "yes",
        "smoothness": "excellent",
        "source:maxspeed": "PL:living_street",
        "surface": "sett",
        "taxi": "yes",
        "width": "5"
      },
      "geometry": {
        "type": "LineString",
        "coordinates": [
          [
            19.9419159,
            50.0637116
          ],
          [
            19.9417759,
            50.0635139
          ],
          [
            19.9416843,
            50.0633886
          ],
          [
            19.9415954,
            50.063269
          ],
          [
            19.9415789,
            50.0632471
          ],
          [
            19.9415568,
            50.0632165
          ],
          [
            19.9410383,
            50.0625046
          ],
          [
            19.9410176,
            50.0624762
          ],
          [
            19.9409979,
            50.0624499
          ],
          [
            19.940467,
            50.0617404
          ],
          [
            19.9404616,
            50.0617332
          ],
          [
            19.9404579,
            50.0617282
          ],
          [
            19.9404504,
            50.0617165
          ],
          [
            19.9404459,
            50.0617054
          ],
          [
            19.9404439,
            50.061684
          ]
        ]
      },
      "id": "way/258143176"
    },
    {
      "type": "Feature",
      "properties": {
        "@id": "way/259241559",
        "bicycle": "yes",
        "goods": "delivery",
        "highway": "living_street",
        "lit": "yes",
        "maxspeed": "20",
        "motor_vehicle": "private",
        "name": "Bracka",
        "name:de": "Brudergasse",
        "name:pl": "Bracka",
        "parking:lane:left": "parallel",
        "parking:lane:right": "no",
        "smoothness": "good",
        "source:maxspeed": "PL:living_street",
        "surface": "sett"
      },
      "geometry": {
        "type": "LineString",
        "coordinates": [
          [
            19.9365749,
            50.0609428
          ],
          [
            19.9363883,
            50.0606938
          ],
          [
            19.9363618,
            50.0606548
          ],
          [
            19.9363451,
            50.060628
          ],
          [
            19.9363251,
            50.0605921
          ],
          [
            19.9363096,
            50.0605547
          ],
          [
            19.9362986,
            50.0605169
          ],
          [
            19.936286,
            50.0604681
          ],
          [
            19.9362765,
            50.060414
          ],
          [
            19.9362619,
            50.0603416
          ],
          [
            19.9362447,
            50.0602198
          ]
        ]
      },
      "id": "way/259241559"
    },
    {
      "type": "Feature",
      "properties": {
        "@id": "way/259241740",
        "bicycle": "yes",
        "goods": "delivery",
        "highway": "pedestrian",
        "lit": "yes",
        "maxspeed": "20",
        "motor_vehicle": "private",
        "name": "Świętego Jana",
        "name:be": "вуліца Святога Яна",
        "name:de": "Johannsgasse",
        "name:pl": "Świętego Jana",
        "psv": "yes",
        "smoothness": "intermediate",
        "source:maxspeed": "PL:living_street",
        "surface": "sett"
      },
      "geometry": {
        "type": "LineString",
        "coordinates": [
          [
            19.9380845,
            50.0624716
          ],
          [
            19.9380664,
            50.0624454
          ],
          [
            19.9379745,
            50.0623226
          ]
        ]
      },
      "id": "way/259241740"
    },
    {
      "type": "Feature",
      "properties": {
        "@id": "way/259697532",
        "foot": "permissive",
        "highway": "footway",
        "lit": "yes",
        "surface": "sett"
      },
      "geometry": {
        "type": "LineString",
        "coordinates": [
          [
            19.9378578,
            50.0484311
          ],
          [
            19.9378221,
            50.0484334
          ]
        ]
      },
      "id": "way/259697532"
    },
    {
      "type": "Feature",
      "properties": {
        "@id": "way/260580990",
        "highway": "service",
        "smoothness": "intermediate",
        "surface": "sett"
      },
      "geometry": {
        "type": "LineString",
        "coordinates": [
          [
            20.0466758,
            50.081443
          ],
          [
            20.0467363,
            50.0815069
          ],
          [
            20.0458817,
            50.0818682
          ],
          [
            20.0459296,
            50.0819151
          ]
        ]
      },
      "id": "way/260580990"
    },
    {
      "type": "Feature",
      "properties": {
        "@id": "way/262508864",
        "highway": "service",
        "maxheight": "below_default",
        "service": "driveway",
        "surface": "cobblestone",
        "tunnel": "building_passage"
      },
      "geometry": {
        "type": "LineString",
        "coordinates": [
          [
            19.8022722,
            50.0193825
          ],
          [
            19.8021372,
            50.0194062
          ]
        ]
      },
      "id": "way/262508864"
    },
    {
      "type": "Feature",
      "properties": {
        "@id": "way/262508868",
        "highway": "service",
        "service": "driveway",
        "surface": "cobblestone"
      },
      "geometry": {
        "type": "LineString",
        "coordinates": [
          [
            19.8021372,
            50.0194062
          ],
          [
            19.8019799,
            50.0194367
          ],
          [
            19.8019041,
            50.0194405
          ],
          [
            19.8018743,
            50.0194185
          ]
        ]
      },
      "id": "way/262508868"
    },
    {
      "type": "Feature",
      "properties": {
        "@id": "way/267214812",
        "access": "private",
        "highway": "service",
        "surface": "sett"
      },
      "geometry": {
        "type": "LineString",
        "coordinates": [
          [
            19.891748,
            50.0737166
          ],
          [
            19.8917671,
            50.0737896
          ],
          [
            19.8917664,
            50.0738018
          ],
          [
            19.8917642,
            50.0738095
          ],
          [
            19.8917589,
            50.0738171
          ],
          [
            19.8917489,
            50.0738262
          ],
          [
            19.8917377,
            50.0738332
          ],
          [
            19.891725,
            50.0738388
          ],
          [
            19.8917078,
            50.0738436
          ],
          [
            19.8916913,
            50.0738463
          ],
          [
            19.891476,
            50.0738711
          ]
        ]
      },
      "id": "way/267214812"
    },
    {
      "type": "Feature",
      "properties": {
        "@id": "way/269358091",
        "highway": "footway",
        "surface": "sett"
      },
      "geometry": {
        "type": "LineString",
        "coordinates": [
          [
            19.969648,
            50.0887846
          ],
          [
            19.9697926,
            50.0887915
          ],
          [
            19.9697815,
            50.0889068
          ],
          [
            19.9697077,
            50.0889019
          ],
          [
            19.9696259,
            50.0888965
          ],
          [
            19.9696381,
            50.0887841
          ],
          [
            19.969648,
            50.0887846
          ],
          [
            19.9696492,
            50.0887733
          ],
          [
            19.9696495,
            50.0887685
          ]
        ]
      },
      "id": "way/269358091"
    },
    {
      "type": "Feature",
      "properties": {
        "@id": "way/269358092",
        "highway": "footway",
        "surface": "sett"
      },
      "geometry": {
        "type": "LineString",
        "coordinates": [
          [
            19.9697095,
            50.0888779
          ],
          [
            19.9697077,
            50.0889019
          ]
        ]
      },
      "id": "way/269358092"
    },
    {
      "type": "Feature",
      "properties": {
        "@id": "way/270322778",
        "highway": "service",
        "service": "driveway",
        "surface": "cobblestone"
      },
      "geometry": {
        "type": "LineString",
        "coordinates": [
          [
            19.8015072,
            50.0187113
          ],
          [
            19.8016417,
            50.0187205
          ],
          [
            19.8017404,
            50.0187293
          ],
          [
            19.8017898,
            50.0187773
          ],
          [
            19.8018718,
            50.0189579
          ],
          [
            19.8018801,
            50.0189998
          ],
          [
            19.8018766,
            50.0190379
          ],
          [
            19.8018205,
            50.0191823
          ],
          [
            19.8018117,
            50.0193005
          ],
          [
            19.8018176,
            50.0193344
          ]
        ]
      },
      "id": "way/270322778"
    },
    {
      "type": "Feature",
      "properties": {
        "@id": "way/274258190",
        "bicycle": "yes",
        "highway": "service",
        "lit": "yes",
        "maxspeed": "20",
        "name": "Droga do Zamku",
        "name:hu": "Út a várhoz",
        "name:pl": "Droga do Zamku",
        "smoothness": "intermediate",
        "source:bicycle": "sign",
        "source:maxspeed": "PL:living_street",
        "surface": "sett",
        "wikidata": "Q9365079",
        "wikipedia": "pl:Ulica Droga do Zamku w Krakowie"
      },
      "geometry": {
        "type": "LineString",
        "coordinates": [
          [
            19.9381898,
            50.0540961
          ],
          [
            19.9379154,
            50.0539793
          ],
          [
            19.9366936,
            50.0536453
          ],
          [
            19.9359725,
            50.0534307
          ],
          [
            19.9358893,
            50.0533823
          ],
          [
            19.9358594,
            50.0533554
          ]
        ]
      },
      "id": "way/274258190"
    },
    {
      "type": "Feature",
      "properties": {
        "@id": "way/276854814",
        "highway": "service",
        "surface": "sett"
      },
      "geometry": {
        "type": "LineString",
        "coordinates": [
          [
            20.0453332,
            50.0657044
          ],
          [
            20.0453395,
            50.0656351
          ],
          [
            20.0453582,
            50.0653914
          ]
        ]
      },
      "id": "way/276854814"
    },
    {
      "type": "Feature",
      "properties": {
        "@id": "way/276854817",
        "highway": "service",
        "maxheight": "2.8",
        "surface": "sett",
        "tunnel": "building_passage"
      },
      "geometry": {
        "type": "LineString",
        "coordinates": [
          [
            20.0453284,
            50.0657646
          ],
          [
            20.0453332,
            50.0657044
          ]
        ]
      },
      "id": "way/276854817"
    },
    {
      "type": "Feature",
      "properties": {
        "@id": "way/279902330",
        "fixme": "jaki tag smoothness tu powinien być?",
        "highway": "residential",
        "lit": "yes",
        "maxspeed": "30",
        "maxspeed:type": "sign",
        "noname": "yes",
        "sidewalk:both": "separate",
        "surface": "sett"
      },
      "geometry": {
        "type": "LineString",
        "coordinates": [
          [
            19.9634139,
            50.0894891
          ],
          [
            19.9632682,
            50.0895272
          ],
          [
            19.9631255,
            50.0895706
          ],
          [
            19.9626969,
            50.0897008
          ],
          [
            19.962327,
            50.089812
          ],
          [
            19.9611437,
            50.0901929
          ],
          [
            19.9606791,
            50.0897289
          ]
        ]
      },
      "id": "way/279902330"
    },
    {
      "type": "Feature",
      "properties": {
        "@id": "way/282328434",
        "highway": "residential",
        "junction": "roundabout",
        "lanes": "1",
        "maxspeed": "50",
        "name": "Henryka i Karola Czeczów",
        "smoothness": "good",
        "source": "Yahoo",
        "source:maxspeed": "PL:urban",
        "surface": "sett"
      },
      "geometry": {
        "type": "LineString",
        "coordinates": [
          [
            20.0573274,
            50.0195353
          ],
          [
            20.0573292,
            50.0195307
          ],
          [
            20.0573316,
            50.0195262
          ],
          [
            20.0573345,
            50.0195219
          ],
          [
            20.0573379,
            50.0195178
          ],
          [
            20.0573418,
            50.0195138
          ],
          [
            20.0573462,
            50.01951
          ],
          [
            20.057351,
            50.0195065
          ],
          [
            20.0573563,
            50.0195032
          ],
          [
            20.0573619,
            50.0195002
          ],
          [
            20.0573679,
            50.0194975
          ],
          [
            20.0573742,
            50.0194951
          ],
          [
            20.0573808,
            50.0194931
          ],
          [
            20.0573876,
            50.0194914
          ],
          [
            20.0573947,
            50.01949
          ],
          [
            20.0574018,
            50.019489
          ],
          [
            20.0574091,
            50.0194883
          ],
          [
            20.0574164,
            50.0194881
          ],
          [
            20.0574237,
            50.0194882
          ],
          [
            20.057431,
            50.0194886
          ],
          [
            20.0574381,
            50.0194897
          ],
          [
            20.0574447,
            50.0194906
          ],
          [
            20.0574511,
            50.0194919
          ],
          [
            20.0574573,
            50.0194936
          ],
          [
            20.0574633,
            50.0194956
          ],
          [
            20.0574691,
            50.0194979
          ],
          [
            20.0574746,
            50.0195004
          ],
          [
            20.0574798,
            50.0195031
          ],
          [
            20.0574847,
            50.0195061
          ],
          [
            20.0574892,
            50.0195093
          ],
          [
            20.0574933,
            50.0195128
          ],
          [
            20.0574971,
            50.0195164
          ],
          [
            20.0575004,
            50.0195201
          ],
          [
            20.0575033,
            50.019524
          ],
          [
            20.0575058,
            50.0195281
          ],
          [
            20.0575077,
            50.0195322
          ],
          [
            20.0575092,
            50.0195365
          ],
          [
            20.0575103,
            50.0195407
          ],
          [
            20.0575108,
            50.0195451
          ],
          [
            20.0575109,
            50.0195494
          ],
          [
            20.0575104,
            50.0195537
          ],
          [
            20.0575089,
            50.0195592
          ],
          [
            20.057508,
            50.0195625
          ],
          [
            20.0575059,
            50.0195669
          ],
          [
            20.0575034,
            50.0195712
          ],
          [
            20.0575003,
            50.0195753
          ],
          [
            20.0574968,
            50.0195793
          ],
          [
            20.0574927,
            50.0195831
          ],
          [
            20.0574883,
            50.0195867
          ],
          [
            20.0574834,
            50.01959
          ],
          [
            20.0574781,
            50.0195931
          ],
          [
            20.0574725,
            50.019596
          ],
          [
            20.0574665,
            50.0195985
          ],
          [
            20.0574603,
            50.0196008
          ],
          [
            20.0574538,
            50.0196027
          ],
          [
            20.0574471,
            50.0196043
          ],
          [
            20.0574402,
            50.0196056
          ],
          [
            20.0574332,
            50.0196065
          ],
          [
            20.0574261,
            50.0196071
          ],
          [
            20.057419,
            50.0196073
          ],
          [
            20.0574119,
            50.0196071
          ],
          [
            20.0574048,
            50.0196067
          ],
          [
            20.0573978,
            50.0196057
          ],
          [
            20.0573899,
            50.0196045
          ],
          [
            20.0573824,
            50.0196027
          ],
          [
            20.057375,
            50.0196005
          ],
          [
            20.0573681,
            50.0195979
          ],
          [
            20.0573615,
            50.0195949
          ],
          [
            20.0573553,
            50.0195915
          ],
          [
            20.0573496,
            50.0195879
          ],
          [
            20.0573444,
            50.0195839
          ],
          [
            20.0573398,
            50.0195796
          ],
          [
            20.0573358,
            50.0195751
          ],
          [
            20.0573324,
            50.0195704
          ],
          [
            20.0573296,
            50.0195655
          ],
          [
            20.0573275,
            50.0195605
          ],
          [
            20.0573261,
            50.0195554
          ],
          [
            20.0573254,
            50.0195502
          ],
          [
            20.0573254,
            50.0195451
          ],
          [
            20.0573261,
            50.0195399
          ],
          [
            20.0573274,
            50.0195353
          ]
        ]
      },
      "id": "way/282328434"
    },
    {
      "type": "Feature",
      "properties": {
        "@id": "way/282679490",
        "access": "private",
        "highway": "footway",
        "surface": "unhewn_cobblestone"
      },
      "geometry": {
        "type": "LineString",
        "coordinates": [
          [
            19.8763829,
            50.0880681
          ],
          [
            19.876444,
            50.0880568
          ],
          [
            19.8764597,
            50.0881604
          ],
          [
            19.8764778,
            50.0881887
          ],
          [
            19.8766143,
            50.0881668
          ],
          [
            19.8768353,
            50.0881099
          ],
          [
            19.8768893,
            50.088096
          ],
          [
            19.8769595,
            50.0880805
          ],
          [
            19.8769856,
            50.0880522
          ],
          [
            19.8769374,
            50.0879904
          ]
        ]
      },
      "id": "way/282679490"
    },
    {
      "type": "Feature",
      "properties": {
        "@id": "way/282679495",
        "highway": "footway",
        "surface": "unhewn_cobblestone"
      },
      "geometry": {
        "type": "LineString",
        "coordinates": [
          [
            19.876444,
            50.0880568
          ],
          [
            19.8764738,
            50.0880239
          ]
        ]
      },
      "id": "way/282679495"
    },
    {
      "type": "Feature",
      "properties": {
        "@id": "way/282679496",
        "access": "private",
        "fixme": "confirm by survey",
        "highway": "footway",
        "surface": "unhewn_cobblestone"
      },
      "geometry": {
        "type": "LineString",
        "coordinates": [
          [
            19.8769374,
            50.0879904
          ],
          [
            19.8768712,
            50.0879144
          ],
          [
            19.876817,
            50.0878372
          ],
          [
            19.876821,
            50.0876839
          ],
          [
            19.8767939,
            50.0874701
          ]
        ]
      },
      "id": "way/282679496"
    },
    {
      "type": "Feature",
      "properties": {
        "@id": "way/287909467",
        "fixme": "jaki tag smoothness tu powinien być?",
        "highway": "footway",
        "lit": "yes",
        "surface": "sett"
      },
      "geometry": {
        "type": "LineString",
        "coordinates": [
          [
            19.9353418,
            50.0641027
          ],
          [
            19.9352884,
            50.0641394
          ],
          [
            19.935307,
            50.0641695
          ],
          [
            19.9353308,
            50.064208
          ]
        ]
      },
      "id": "way/287909467"
    },
    {
      "type": "Feature",
      "properties": {
        "@id": "way/288172971",
        "handrail": "yes",
        "highway": "steps",
        "incline": "up",
        "ramp": "no",
        "surface": "sett"
      },
      "geometry": {
        "type": "LineString",
        "coordinates": [
          [
            19.861941,
            50.0640461
          ],
          [
            19.8619481,
            50.0640308
          ]
        ]
      },
      "id": "way/288172971"
    },
    {
      "type": "Feature",
      "properties": {
        "@id": "way/289988306",
        "goods": "delivery",
        "highway": "living_street",
        "lanes": "2",
        "lit": "yes",
        "maxspeed": "20",
        "maxweight": "2.5",
        "motor_vehicle": "private",
        "name": "Szpitalna",
        "name:be": "Шпітальная вуліца",
        "name:de": "Spitalgasse",
        "name:pl": "Szpitalna",
        "psv": "yes",
        "smoothness": "excellent",
        "source:maxspeed": "PL:living_street",
        "surface": "sett",
        "taxi": "yes",
        "width": "6.5"
      },
      "geometry": {
        "type": "LineString",
        "coordinates": [
          [
            19.942475,
            50.0644923
          ],
          [
            19.942688,
            50.0647876
          ],
          [
            19.9429568,
            50.0651557
          ],
          [
            19.9430097,
            50.0652278
          ],
          [
            19.9430318,
            50.0652576
          ],
          [
            19.9430409,
            50.0652704
          ]
        ]
      },
      "id": "way/289988306"
    },
    {
      "type": "Feature",
      "properties": {
        "@id": "way/292164120",
        "bicycle": "yes",
        "goods": "delivery",
        "highway": "living_street",
        "lit": "yes",
        "maxspeed": "20",
        "motor_vehicle": "private",
        "name": "Świętego Marka",
        "name:be": "вуліца Святога Марка",
        "name:de": "Markusgasse",
        "name:pl": "Świętego Marka",
        "oneway": "yes",
        "psv": "yes",
        "source:maxspeed": "PL:living_street",
        "surface": "sett",
        "taxi": "yes"
      },
      "geometry": {
        "type": "LineString",
        "coordinates": [
          [
            19.9369067,
            50.0648387
          ],
          [
            19.9369396,
            50.0647946
          ],
          [
            19.9370549,
            50.0646841
          ],
          [
            19.9370785,
            50.0646616
          ],
          [
            19.937099,
            50.0646441
          ],
          [
            19.9371208,
            50.0646272
          ],
          [
            19.9371441,
            50.0646096
          ],
          [
            19.9372209,
            50.064554
          ]
        ]
      },
      "id": "way/292164120"
    },
    {
      "type": "Feature",
      "properties": {
        "@id": "way/292685756",
        "bicycle": "yes",
        "highway": "pedestrian",
        "lit": "yes",
        "maxspeed": "20",
        "motor_vehicle": "permissive",
        "name": "Sienna",
        "name:de": "Marktgasse",
        "name:pl": "Sienna",
        "smoothness": "intermediate",
        "source:bicycle": "sign",
        "source:maxspeed": "PL:living_street",
        "surface": "sett",
        "vehicle": "no",
        "wikidata": "Q9365941",
        "wikipedia": "pl:Ulica Sienna w Krakowie"
      },
      "geometry": {
        "type": "LineString",
        "coordinates": [
          [
            19.9385017,
            50.0612331
          ],
          [
            19.9393596,
            50.0609693
          ],
          [
            19.9394784,
            50.0609327
          ],
          [
            19.9397419,
            50.0608517
          ]
        ]
      },
      "id": "way/292685756"
    },
    {
      "type": "Feature",
      "properties": {
        "@id": "way/293903736",
        "highway": "footway",
        "surface": "sett"
      },
      "geometry": {
        "type": "LineString",
        "coordinates": [
          [
            19.9727547,
            50.0858735
          ],
          [
            19.9726575,
            50.0858401
          ]
        ]
      },
      "id": "way/293903736"
    },
    {
      "type": "Feature",
      "properties": {
        "@id": "way/293903738",
        "highway": "footway",
        "surface": "sett"
      },
      "geometry": {
        "type": "LineString",
        "coordinates": [
          [
            19.9729784,
            50.0856893
          ],
          [
            19.972889,
            50.0856352
          ]
        ]
      },
      "id": "way/293903738"
    },
    {
      "type": "Feature",
      "properties": {
        "@id": "way/294128564",
        "bicycle": "yes",
        "goods": "delivery",
        "highway": "living_street",
        "horse": "yes",
        "lit": "yes",
        "maxspeed": "20",
        "motor_vehicle": "private",
        "name": "Świętego Marka",
        "name:be": "вуліца Святога Марка",
        "name:de": "Markusgasse",
        "name:pl": "Świętego Marka",
        "oneway": "yes",
        "oneway:bicycle": "no",
        "psv": "yes",
        "source:maxspeed": "PL:living_street",
        "source:width": "ARCore",
        "surface": "sett",
        "taxi": "yes",
        "width": "4"
      },
      "geometry": {
        "type": "LineString",
        "coordinates": [
          [
            19.9372209,
            50.064554
          ],
          [
            19.9374249,
            50.0644817
          ],
          [
            19.9374596,
            50.0644697
          ],
          [
            19.9375919,
            50.0644334
          ],
          [
            19.9377928,
            50.0643737
          ],
          [
            19.9379608,
            50.0643245
          ],
          [
            19.9380137,
            50.0643085
          ]
        ]
      },
      "id": "way/294128564"
    },
    {
      "type": "Feature",
      "properties": {
        "@id": "way/294568853",
        "highway": "service",
        "maxheight": "below_default",
        "oneway": "no",
        "service": "driveway",
        "surface": "sett",
        "tunnel": "building_passage",
        "width": "2.88"
      },
      "geometry": {
        "type": "LineString",
        "coordinates": [
          [
            19.9423623,
            50.0511378
          ],
          [
            19.9423915,
            50.051144
          ]
        ]
      },
      "id": "way/294568853"
    },
    {
      "type": "Feature",
      "properties": {
        "@id": "way/294747846",
        "highway": "footway",
        "lit": "yes",
        "surface": "sett"
      },
      "geometry": {
        "type": "LineString",
        "coordinates": [
          [
            19.9464107,
            50.051094
          ],
          [
            19.9464117,
            50.0511243
          ],
          [
            19.9463325,
            50.0512839
          ],
          [
            19.9462664,
            50.0514123
          ],
          [
            19.9462508,
            50.0514043
          ]
        ]
      },
      "id": "way/294747846"
    },
    {
      "type": "Feature",
      "properties": {
        "@id": "way/294806183",
        "highway": "footway",
        "lit": "yes",
        "surface": "sett"
      },
      "geometry": {
        "type": "LineString",
        "coordinates": [
          [
            19.9464978,
            50.0511147
          ],
          [
            19.9464742,
            50.0511397
          ],
          [
            19.9463349,
            50.0514054
          ],
          [
            19.9463014,
            50.0514751
          ]
        ]
      },
      "id": "way/294806183"
    },
    {
      "type": "Feature",
      "properties": {
        "@id": "way/294958504",
        "highway": "footway",
        "lit": "yes",
        "surface": "sett"
      },
      "geometry": {
        "type": "LineString",
        "coordinates": [
          [
            19.9705811,
            50.0896218
          ],
          [
            19.9705744,
            50.0895868
          ]
        ]
      },
      "id": "way/294958504"
    },
    {
      "type": "Feature",
      "properties": {
        "@id": "way/294972663",
        "highway": "service",
        "service": "parking_aisle",
        "surface": "sett"
      },
      "geometry": {
        "type": "LineString",
        "coordinates": [
          [
            19.9333719,
            50.0742101
          ],
          [
            19.9333085,
            50.0742285
          ],
          [
            19.9329551,
            50.0743287
          ],
          [
            19.9329366,
            50.0743324
          ],
          [
            19.9328591,
            50.0743367
          ]
        ]
      },
      "id": "way/294972663"
    },
    {
      "type": "Feature",
      "properties": {
        "@id": "way/295068274",
        "bicycle": "designated",
        "foot": "designated",
        "highway": "path",
        "lit": "yes",
        "segregated": "no",
        "surface": "sett"
      },
      "geometry": {
        "type": "LineString",
        "coordinates": [
          [
            19.9460116,
            50.0466941
          ],
          [
            19.9458342,
            50.0466004
          ],
          [
            19.9453371,
            50.0464002
          ],
          [
            19.944917,
            50.0462262
          ],
          [
            19.9448658,
            50.0462042
          ]
        ]
      },
      "id": "way/295068274"
    },
    {
      "type": "Feature",
      "properties": {
        "@id": "way/295073918",
        "highway": "footway",
        "lit": "yes",
        "surface": "sett"
      },
      "geometry": {
        "type": "LineString",
        "coordinates": [
          [
            19.9469458,
            50.0471183
          ],
          [
            19.9468905,
            50.0471252
          ]
        ]
      },
      "id": "way/295073918"
    },
    {
      "type": "Feature",
      "properties": {
        "@id": "way/295276428",
        "bicycle": "yes",
        "highway": "footway",
        "lit": "yes",
        "source:bicycle": "park_rules",
        "surface": "sett"
      },
      "geometry": {
        "type": "LineString",
        "coordinates": [
          [
            19.9437459,
            50.0611995
          ],
          [
            19.9435983,
            50.0610446
          ],
          [
            19.943493,
            50.0609492
          ]
        ]
      },
      "id": "way/295276428"
    },
    {
      "type": "Feature",
      "properties": {
        "@id": "way/295356202",
        "bicycle": "yes",
        "goods": "delivery",
        "highway": "living_street",
        "lit": "yes",
        "maxspeed": "20",
        "motor_vehicle": "private",
        "name": "Poselska",
        "oneway": "yes",
        "psv": "yes",
        "source:maxspeed": "PL:living_street",
        "surface": "sett",
        "wikidata": "Q9365833",
        "wikipedia": "pl:Ulica Poselska w Krakowie"
      },
      "geometry": {
        "type": "LineString",
        "coordinates": [
          [
            19.9380029,
            50.0581401
          ],
          [
            19.938043,
            50.0581484
          ],
          [
            19.9380799,
            50.0581561
          ],
          [
            19.9381368,
            50.05816
          ],
          [
            19.9384916,
            50.0581679
          ],
          [
            19.9386852,
            50.0581736
          ],
          [
            19.9388195,
            50.0581781
          ],
          [
            19.9388675,
            50.0581801
          ],
          [
            19.9392535,
            50.058194
          ],
          [
            19.9393125,
            50.0581959
          ],
          [
            19.9393474,
            50.0581976
          ],
          [
            19.9393839,
            50.0582046
          ],
          [
            19.9394097,
            50.0582156
          ],
          [
            19.9394303,
            50.0582286
          ],
          [
            19.9394484,
            50.0582442
          ],
          [
            19.9394599,
            50.0582648
          ],
          [
            19.9394678,
            50.0582874
          ],
          [
            19.9394895,
            50.0584218
          ],
          [
            19.9394933,
            50.0584538
          ],
          [
            19.9394976,
            50.0584686
          ],
          [
            19.9395445,
            50.0585959
          ],
          [
            19.93971,
            50.0590138
          ],
          [
            19.9397209,
            50.0590406
          ],
          [
            19.9397261,
            50.0590535
          ]
        ]
      },
      "id": "way/295356202"
    },
    {
      "type": "Feature",
      "properties": {
        "@id": "way/295397509",
        "bicycle": "no",
        "highway": "service",
        "service": "driveway",
        "surface": "sett",
        "vehicle": "private"
      },
      "geometry": {
        "type": "LineString",
        "coordinates": [
          [
            19.9341294,
            50.0536477
          ],
          [
            19.9340191,
            50.0537111
          ],
          [
            19.9338862,
            50.0537874
          ]
        ]
      },
      "id": "way/295397509"
    },
    {
      "type": "Feature",
      "properties": {
        "@id": "way/295413430",
        "crossing:markings": "zebra",
        "footway": "crossing",
        "highway": "footway",
        "lit": "yes",
        "surface": "sett"
      },
      "geometry": {
        "type": "LineString",
        "coordinates": [
          [
            19.9326991,
            50.0552191
          ],
          [
            19.9326567,
            50.05523
          ],
          [
            19.9326056,
            50.0552432
          ]
        ]
      },
      "id": "way/295413430"
    },
    {
      "type": "Feature",
      "properties": {
        "@id": "way/295794533",
        "highway": "service",
        "service": "driveway",
        "surface": "sett"
      },
      "geometry": {
        "type": "LineString",
        "coordinates": [
          [
            19.9402065,
            50.0528199
          ],
          [
            19.9401282,
            50.0528147
          ],
          [
            19.9400907,
            50.0528115
          ]
        ]
      },
      "id": "way/295794533"
    },
    {
      "type": "Feature",
      "properties": {
        "@id": "way/295795341",
        "highway": "service",
        "lanes": "1",
        "lit": "yes",
        "service": "driveway",
        "surface": "sett"
      },
      "geometry": {
        "type": "LineString",
        "coordinates": [
          [
            19.9418511,
            50.0522621
          ],
          [
            19.9417565,
            50.0522942
          ],
          [
            19.9417254,
            50.0523047
          ]
        ]
      },
      "id": "way/295795341"
    },
    {
      "type": "Feature",
      "properties": {
        "@id": "way/295856447",
        "footway": "sidewalk",
        "highway": "footway",
        "lit": "yes",
        "surface": "sett"
      },
      "geometry": {
        "type": "LineString",
        "coordinates": [
          [
            19.9415795,
            50.0497868
          ],
          [
            19.942599,
            50.050046
          ]
        ]
      },
      "id": "way/295856447"
    },
    {
      "type": "Feature",
      "properties": {
        "@id": "way/295856454",
        "footway": "sidewalk",
        "highway": "footway",
        "lit": "yes",
        "surface": "sett"
      },
      "geometry": {
        "type": "LineString",
        "coordinates": [
          [
            19.9425605,
            50.0501126
          ],
          [
            19.9425805,
            50.0500888
          ],
          [
            19.9415521,
            50.0498357
          ]
        ]
      },
      "id": "way/295856454"
    },
    {
      "type": "Feature",
      "properties": {
        "@id": "way/297220646",
        "access": "customers",
        "highway": "footway",
        "maxheight": "below_default",
        "noname": "yes",
        "surface": "unhewn_cobblestone",
        "tunnel": "building_passage"
      },
      "geometry": {
        "type": "LineString",
        "coordinates": [
          [
            19.9415248,
            50.0655688
          ],
          [
            19.9414922,
            50.0655877
          ]
        ]
      },
      "id": "way/297220646"
    },
    {
      "type": "Feature",
      "properties": {
        "@id": "way/297220658",
        "access": "customers",
        "fixme": "Możliwość wjazdu, nawet ciężkich pojazdów, dla ogranizatorów niektórych imprez w środku Barbakanu.",
        "highway": "footway",
        "noname": "yes",
        "surface": "sett"
      },
      "geometry": {
        "type": "LineString",
        "coordinates": [
          [
            19.9415504,
            50.0653157
          ],
          [
            19.9416426,
            50.0655055
          ]
        ]
      },
      "id": "way/297220658"
    },
    {
      "type": "Feature",
      "properties": {
        "@id": "way/297976677",
        "footway": "crossing",
        "highway": "footway",
        "lit": "yes",
        "surface": "sett"
      },
      "geometry": {
        "type": "LineString",
        "coordinates": [
          [
            19.9415521,
            50.0498357
          ],
          [
            19.9415661,
            50.0498109
          ],
          [
            19.9415795,
            50.0497868
          ]
        ]
      },
      "id": "way/297976677"
    },
    {
      "type": "Feature",
      "properties": {
        "@id": "way/298141903",
        "footway": "crossing",
        "highway": "footway",
        "lit": "yes",
        "surface": "cobblestone"
      },
      "geometry": {
        "type": "LineString",
        "coordinates": [
          [
            19.9463014,
            50.0514751
          ],
          [
            19.9462889,
            50.0514932
          ],
          [
            19.9462744,
            50.0515141
          ]
        ]
      },
      "id": "way/298141903"
    },
    {
      "type": "Feature",
      "properties": {
        "@id": "way/298141905",
        "footway": "crossing",
        "highway": "footway",
        "lit": "yes",
        "surface": "cobblestone"
      },
      "geometry": {
        "type": "LineString",
        "coordinates": [
          [
            19.9462664,
            50.0514123
          ],
          [
            19.9462756,
            50.0514288
          ],
          [
            19.9463014,
            50.0514751
          ]
        ]
      },
      "id": "way/298141905"
    },
    {
      "type": "Feature",
      "properties": {
        "@id": "way/298141907",
        "footway": "crossing",
        "highway": "footway",
        "lit": "yes",
        "smoothness": "intermediate",
        "surface": "sett"
      },
      "geometry": {
        "type": "LineString",
        "coordinates": [
          [
            19.9469061,
            50.0515939
          ],
          [
            19.9469115,
            50.0515782
          ],
          [
            19.9469172,
            50.0515617
          ]
        ]
      },
      "id": "way/298141907"
    },
    {
      "type": "Feature",
      "properties": {
        "@id": "way/298232650",
        "highway": "pedestrian",
        "lit": "yes",
        "noname": "yes",
        "smoothness": "good",
        "surface": "sett"
      },
      "geometry": {
        "type": "LineString",
        "coordinates": [
          [
            19.9464276,
            50.0653562
          ],
          [
            19.9463005,
            50.0653394
          ]
        ]
      },
      "id": "way/298232650"
    },
    {
      "type": "Feature",
      "properties": {
        "@id": "way/298232658",
        "highway": "footway",
        "lit": "yes",
        "smoothness": "intermediate",
        "surface": "sett"
      },
      "geometry": {
        "type": "LineString",
        "coordinates": [
          [
            19.9460824,
            50.0648612
          ],
          [
            19.9460321,
            50.0650152
          ]
        ]
      },
      "id": "way/298232658"
    },
    {
      "type": "Feature",
      "properties": {
        "@id": "way/298560708",
        "footway": "crossing",
        "highway": "footway",
        "lit": "yes",
        "source": "Knowledge",
        "surface": "sett"
      },
      "geometry": {
        "type": "LineString",
        "coordinates": [
          [
            19.9329951,
            50.0587772
          ],
          [
            19.93304,
            50.0587203
          ],
          [
            19.9330581,
            50.0586974
          ],
          [
            19.9330717,
            50.0586801
          ],
          [
            19.9330977,
            50.0586472
          ],
          [
            19.933132,
            50.0586038
          ]
        ]
      },
      "id": "way/298560708"
    },
    {
      "type": "Feature",
      "properties": {
        "@id": "way/298575585",
        "highway": "footway",
        "surface": "cobblestone"
      },
      "geometry": {
        "type": "LineString",
        "coordinates": [
          [
            19.9082664,
            50.0264765
          ],
          [
            19.9082674,
            50.0264486
          ]
        ]
      },
      "id": "way/298575585"
    },
    {
      "type": "Feature",
      "properties": {
        "@id": "way/298575593",
        "highway": "steps",
        "step_count": "6",
        "surface": "cobblestone"
      },
      "geometry": {
        "type": "LineString",
        "coordinates": [
          [
            19.9082651,
            50.0265118
          ],
          [
            19.9082664,
            50.0264765
          ]
        ]
      },
      "id": "way/298575593"
    },
    {
      "type": "Feature",
      "properties": {
        "@id": "way/299858714",
        "highway": "footway",
        "lit": "yes",
        "surface": "sett"
      },
      "geometry": {
        "type": "LineString",
        "coordinates": [
          [
            19.9349551,
            50.0512509
          ],
          [
            19.9349933,
            50.0511988
          ]
        ]
      },
      "id": "way/299858714"
    },
    {
      "type": "Feature",
      "properties": {
        "@id": "way/302366538",
        "highway": "footway",
        "surface": "sett"
      },
      "geometry": {
        "type": "LineString",
        "coordinates": [
          [
            19.9677491,
            50.0872559
          ],
          [
            19.9674224,
            50.0872461
          ],
          [
            19.9670158,
            50.0872436
          ]
        ]
      },
      "id": "way/302366538"
    },
    {
      "type": "Feature",
      "properties": {
        "@id": "way/304049371",
        "bicycle": "no",
        "highway": "footway",
        "incline": "up",
        "source:bicycle": "cemetery_rules",
        "surface": "sett"
      },
      "geometry": {
        "type": "LineString",
        "coordinates": [
          [
            19.9543561,
            50.0738186
          ],
          [
            19.9543245,
            50.0738294
          ]
        ]
      },
      "id": "way/304049371"
    },
    {
      "type": "Feature",
      "properties": {
        "@id": "way/304110313",
        "highway": "footway",
        "lit": "yes",
        "surface": "sett"
      },
      "geometry": {
        "type": "LineString",
        "coordinates": [
          [
            19.9375378,
            50.0569412
          ],
          [
            19.9374694,
            50.0569442
          ]
        ]
      },
      "id": "way/304110313"
    },
    {
      "type": "Feature",
      "properties": {
        "@id": "way/304110315",
        "highway": "footway",
        "lit": "yes",
        "surface": "sett"
      },
      "geometry": {
        "type": "LineString",
        "coordinates": [
          [
            19.937504,
            50.0566195
          ],
          [
            19.9374423,
            50.0566297
          ]
        ]
      },
      "id": "way/304110315"
    },
    {
      "type": "Feature",
      "properties": {
        "@id": "way/304110318",
        "highway": "footway",
        "surface": "sett",
        "tunnel": "building_passage",
        "width": "1.81"
      },
      "geometry": {
        "type": "LineString",
        "coordinates": [
          [
            19.9368092,
            50.0577078
          ],
          [
            19.9368409,
            50.0577094
          ]
        ]
      },
      "id": "way/304110318"
    },
    {
      "type": "Feature",
      "properties": {
        "@id": "way/304110320",
        "highway": "footway",
        "service": "driveway",
        "surface": "sett"
      },
      "geometry": {
        "type": "LineString",
        "coordinates": [
          [
            19.9367499,
            50.0577048
          ],
          [
            19.9368092,
            50.0577078
          ]
        ]
      },
      "id": "way/304110320"
    },
    {
      "type": "Feature",
      "properties": {
        "@id": "way/304110321",
        "highway": "footway",
        "lit": "yes",
        "surface": "sett"
      },
      "geometry": {
        "type": "LineString",
        "coordinates": [
          [
            19.9375313,
            50.0573266
          ],
          [
            19.9374613,
            50.0573267
          ]
        ]
      },
      "id": "way/304110321"
    },
    {
      "type": "Feature",
      "properties": {
        "@id": "way/304110327",
        "highway": "footway",
        "lit": "yes",
        "surface": "sett"
      },
      "geometry": {
        "type": "LineString",
        "coordinates": [
          [
            19.9375332,
            50.0571619
          ],
          [
            19.937465,
            50.0571595
          ]
        ]
      },
      "id": "way/304110327"
    },
    {
      "type": "Feature",
      "properties": {
        "@id": "way/304110330",
        "highway": "footway",
        "lit": "yes",
        "surface": "sett"
      },
      "geometry": {
        "type": "LineString",
        "coordinates": [
          [
            19.9374836,
            50.056531
          ],
          [
            19.9374237,
            50.0565377
          ]
        ]
      },
      "id": "way/304110330"
    },
    {
      "type": "Feature",
      "properties": {
        "@id": "way/304141321",
        "highway": "footway",
        "lit": "yes",
        "surface": "sett"
      },
      "geometry": {
        "type": "LineString",
        "coordinates": [
          [
            19.9375309,
            50.0573644
          ],
          [
            19.9375916,
            50.0573632
          ]
        ]
      },
      "id": "way/304141321"
    },
    {
      "type": "Feature",
      "properties": {
        "@id": "way/304141322",
        "highway": "footway",
        "lit": "yes",
        "surface": "sett"
      },
      "geometry": {
        "type": "LineString",
        "coordinates": [
          [
            19.9370043,
            50.0557295
          ],
          [
            19.9370993,
            50.0557095
          ]
        ]
      },
      "id": "way/304141322"
    },
    {
      "type": "Feature",
      "properties": {
        "@id": "way/304141323",
        "highway": "footway",
        "lit": "yes",
        "surface": "sett"
      },
      "geometry": {
        "type": "LineString",
        "coordinates": [
          [
            19.9372194,
            50.0559995
          ],
          [
            19.937152,
            50.0560158
          ]
        ]
      },
      "id": "way/304141323"
    },
    {
      "type": "Feature",
      "properties": {
        "@id": "way/304141326",
        "highway": "footway",
        "lit": "yes",
        "surface": "sett"
      },
      "geometry": {
        "type": "LineString",
        "coordinates": [
          [
            19.9374051,
            50.0562683
          ],
          [
            19.9374688,
            50.0562601
          ]
        ]
      },
      "id": "way/304141326"
    },
    {
      "type": "Feature",
      "properties": {
        "@id": "way/304141330",
        "access": "customers",
        "highway": "footway",
        "lit": "yes",
        "surface": "unhewn_cobblestone",
        "tunnel": "building_passage",
        "width": "2.1"
      },
      "geometry": {
        "type": "LineString",
        "coordinates": [
          [
            19.9374688,
            50.0562601
          ],
          [
            19.937645,
            50.0562364
          ]
        ]
      },
      "id": "way/304141330"
    },
    {
      "type": "Feature",
      "properties": {
        "@id": "way/304141333",
        "highway": "footway",
        "lit": "yes",
        "surface": "sett"
      },
      "geometry": {
        "type": "LineString",
        "coordinates": [
          [
            19.9371365,
            50.0559068
          ],
          [
            19.9372183,
            50.055894
          ]
        ]
      },
      "id": "way/304141333"
    },
    {
      "type": "Feature",
      "properties": {
        "@id": "way/304141338",
        "highway": "footway",
        "lit": "yes",
        "surface": "sett"
      },
      "geometry": {
        "type": "LineString",
        "coordinates": [
          [
            19.9368699,
            50.0555422
          ],
          [
            19.9367769,
            50.0555654
          ]
        ]
      },
      "id": "way/304141338"
    },
    {
      "type": "Feature",
      "properties": {
        "@id": "way/304141339",
        "highway": "footway",
        "lit": "yes",
        "surface": "sett"
      },
      "geometry": {
        "type": "LineString",
        "coordinates": [
          [
            19.9369338,
            50.0556341
          ],
          [
            19.9368532,
            50.0556662
          ]
        ]
      },
      "id": "way/304141339"
    },
    {
      "type": "Feature",
      "properties": {
        "@id": "way/304141345",
        "highway": "footway",
        "lit": "yes",
        "surface": "sett"
      },
      "geometry": {
        "type": "LineString",
        "coordinates": [
          [
            19.9374648,
            50.0564635
          ],
          [
            19.9375205,
            50.0564585
          ]
        ]
      },
      "id": "way/304141345"
    },
    {
      "type": "Feature",
      "properties": {
        "@id": "way/304141346",
        "highway": "footway",
        "lit": "yes",
        "surface": "sett"
      },
      "geometry": {
        "type": "LineString",
        "coordinates": [
          [
            19.9370521,
            50.0557933
          ],
          [
            19.9369733,
            50.055819
          ]
        ]
      },
      "id": "way/304141346"
    },
    {
      "type": "Feature",
      "properties": {
        "@id": "way/304141350",
        "highway": "footway",
        "lit": "yes",
        "surface": "sett"
      },
      "geometry": {
        "type": "LineString",
        "coordinates": [
          [
            19.9372912,
            50.0560651
          ],
          [
            19.9373747,
            50.0560523
          ]
        ]
      },
      "id": "way/304141350"
    },
    {
      "type": "Feature",
      "properties": {
        "@id": "way/304141353",
        "highway": "living_street",
        "noname": "yes",
        "surface": "sett"
      },
      "geometry": {
        "type": "LineString",
        "coordinates": [
          [
            19.9374784,
            50.0552981
          ],
          [
            19.9376656,
            50.0553401
          ],
          [
            19.9377977,
            50.0553474
          ],
          [
            19.9377954,
            50.0554144
          ],
          [
            19.9377999,
            50.0554412
          ],
          [
            19.9378037,
            50.0554578
          ]
        ]
      },
      "id": "way/304141353"
    },
    {
      "type": "Feature",
      "properties": {
        "@id": "way/304188056",
        "access": "private",
        "highway": "service",
        "service": "driveway",
        "source": "Knowledge",
        "surface": "cobblestone"
      },
      "geometry": {
        "type": "LineString",
        "coordinates": [
          [
            19.9384292,
            50.0567881
          ],
          [
            19.9385051,
            50.0567823
          ],
          [
            19.9385415,
            50.0567701
          ],
          [
            19.9385824,
            50.0567467
          ],
          [
            19.938636,
            50.0567234
          ],
          [
            19.9387115,
            50.0567012
          ],
          [
            19.9392696,
            50.0566256
          ],
          [
            19.9392332,
            50.0565124
          ]
        ]
      },
      "id": "way/304188056"
    },
    {
      "type": "Feature",
      "properties": {
        "@id": "way/304209154",
        "highway": "footway",
        "lit": "yes",
        "surface": "sett",
        "tunnel": "building_passage",
        "width": "1.9"
      },
      "geometry": {
        "type": "LineString",
        "coordinates": [
          [
            19.9380192,
            50.0586152
          ],
          [
            19.9383216,
            50.0586354
          ]
        ]
      },
      "id": "way/304209154"
    },
    {
      "type": "Feature",
      "properties": {
        "@id": "way/304488635",
        "highway": "footway",
        "lit": "yes",
        "maxheight": "below_default",
        "surface": "sett",
        "tunnel": "building_passage",
        "width": "1.88"
      },
      "geometry": {
        "type": "LineString",
        "coordinates": [
          [
            19.9354483,
            50.0603159
          ],
          [
            19.9352958,
            50.060144
          ]
        ]
      },
      "id": "way/304488635"
    },
    {
      "type": "Feature",
      "properties": {
        "@id": "way/304542178",
        "bicycle": "yes",
        "emergency": "yes",
        "highway": "pedestrian",
        "horse": "yes",
        "lit": "yes",
        "maxspeed": "20",
        "motor_vehicle:conditional": "delivery @ (23:00-10:00); disabled @ (06:00-12:00,18:00-20:00)",
        "name": "Rynek Główny",
        "name:be": "Галоўны рынак",
        "name:de": "Hauptmarkt",
        "name:en": "Main Square",
        "name:pl": "Rynek Główny",
        "oneway": "yes",
        "oneway:bicycle": "no",
        "oneway:foot": "no",
        "smoothness": "excellent",
        "source:bicycle": "sign",
        "source:maxspeed": "PL:living_street",
        "surface": "sett"
      },
      "geometry": {
        "type": "LineString",
        "coordinates": [
          [
            19.9376555,
            50.0604284
          ],
          [
            19.9376572,
            50.0603752
          ],
          [
            19.9376612,
            50.0603325
          ],
          [
            19.9376795,
            50.060204
          ],
          [
            19.9376905,
            50.060129
          ]
        ]
      },
      "id": "way/304542178"
    },
    {
      "type": "Feature",
      "properties": {
        "@id": "way/304580102",
        "highway": "footway",
        "lit": "yes",
        "surface": "sett",
        "tunnel": "building_passage",
        "width": "2.3"
      },
      "geometry": {
        "type": "LineString",
        "coordinates": [
          [
            19.9382244,
            50.0609487
          ],
          [
            19.9384167,
            50.0608863
          ],
          [
            19.9383945,
            50.0608565
          ],
          [
            19.9384167,
            50.0608493
          ]
        ]
      },
      "id": "way/304580102"
    },
    {
      "type": "Feature",
      "properties": {
        "@id": "way/306843149",
        "highway": "footway",
        "lit": "yes",
        "smoothness": "intermediate",
        "surface": "sett"
      },
      "geometry": {
        "type": "LineString",
        "coordinates": [
          [
            19.9548154,
            50.0464538
          ],
          [
            19.9547471,
            50.0466324
          ]
        ]
      },
      "id": "way/306843149"
    },
    {
      "type": "Feature",
      "properties": {
        "@id": "way/306843156",
        "highway": "service",
        "surface": "sett"
      },
      "geometry": {
        "type": "LineString",
        "coordinates": [
          [
            19.9540651,
            50.0465483
          ],
          [
            19.9539869,
            50.0465448
          ],
          [
            19.9537914,
            50.0465364
          ],
          [
            19.9536491,
            50.0465317
          ]
        ]
      },
      "id": "way/306843156"
    },
    {
      "type": "Feature",
      "properties": {
        "@id": "way/306854845",
        "highway": "service",
        "service": "driveway",
        "surface": "sett"
      },
      "geometry": {
        "type": "LineString",
        "coordinates": [
          [
            19.951169,
            50.0459078
          ],
          [
            19.9511641,
            50.0458546
          ],
          [
            19.9511614,
            50.0458359
          ]
        ]
      },
      "id": "way/306854845"
    },
    {
      "type": "Feature",
      "properties": {
        "@id": "way/306875893",
        "highway": "service",
        "maxheight:signed": "no",
        "service": "driveway",
        "surface": "sett",
        "tunnel": "building_passage"
      },
      "geometry": {
        "type": "LineString",
        "coordinates": [
          [
            19.949464,
            50.0450126
          ],
          [
            19.9494362,
            50.0451225
          ]
        ]
      },
      "id": "way/306875893"
    },
    {
      "type": "Feature",
      "properties": {
        "@id": "way/306938373",
        "footway": "crossing",
        "highway": "footway",
        "lit": "yes",
        "surface": "sett"
      },
      "geometry": {
        "type": "LineString",
        "coordinates": [
          [
            19.9495169,
            50.0435565
          ],
          [
            19.9494553,
            50.0435735
          ],
          [
            19.9493918,
            50.043589
          ]
        ]
      },
      "id": "way/306938373"
    },
    {
      "type": "Feature",
      "properties": {
        "@id": "way/307419424",
        "highway": "residential",
        "junction": "circular",
        "name": "Jodłowa",
        "surface": "sett"
      },
      "geometry": {
        "type": "LineString",
        "coordinates": [
          [
            19.8664495,
            50.0485888
          ],
          [
            19.8664062,
            50.0485887
          ],
          [
            19.8663644,
            50.0485813
          ],
          [
            19.8663272,
            50.0485671
          ],
          [
            19.866297,
            50.0485471
          ],
          [
            19.8662761,
            50.0485228
          ],
          [
            19.8662658,
            50.0484958
          ],
          [
            19.8662668,
            50.048468
          ],
          [
            19.8662792,
            50.0484414
          ],
          [
            19.866302,
            50.0484177
          ],
          [
            19.8663336,
            50.0483988
          ],
          [
            19.8663719,
            50.0483858
          ],
          [
            19.8664141,
            50.0483797
          ],
          [
            19.8664532,
            50.0483804
          ],
          [
            19.8664908,
            50.0483871
          ],
          [
            19.8665249,
            50.0483993
          ],
          [
            19.8665535,
            50.0484163
          ],
          [
            19.8665751,
            50.0484372
          ],
          [
            19.8665883,
            50.0484608
          ],
          [
            19.8665925,
            50.0484857
          ],
          [
            19.8665875,
            50.0485105
          ],
          [
            19.8665734,
            50.0485339
          ],
          [
            19.8665511,
            50.0485544
          ],
          [
            19.8665218,
            50.048571
          ],
          [
            19.8664873,
            50.0485827
          ],
          [
            19.8664495,
            50.0485888
          ]
        ]
      },
      "id": "way/307419424"
    },
    {
      "type": "Feature",
      "properties": {
        "@id": "way/308397692",
        "handrail": "no",
        "highway": "steps",
        "incline": "up",
        "ramp": "no",
        "surface": "sett",
        "tactile_paving": "no",
        "width": "1.5"
      },
      "geometry": {
        "type": "LineString",
        "coordinates": [
          [
            19.9527771,
            50.0499677
          ],
          [
            19.9527034,
            50.0499289
          ]
        ]
      },
      "id": "way/308397692"
    },
    {
      "type": "Feature",
      "properties": {
        "@id": "way/308397709",
        "handrail": "yes",
        "highway": "steps",
        "incline": "up",
        "ramp": "no",
        "step_count": "40",
        "surface": "sett",
        "tactile_paving": "no",
        "width": "1.5"
      },
      "geometry": {
        "type": "LineString",
        "coordinates": [
          [
            19.9522375,
            50.0496782
          ],
          [
            19.9523877,
            50.0497627
          ]
        ]
      },
      "id": "way/308397709"
    },
    {
      "type": "Feature",
      "properties": {
        "@id": "way/308804987",
        "access": "private",
        "highway": "service",
        "surface": "cobblestone"
      },
      "geometry": {
        "type": "LineString",
        "coordinates": [
          [
            19.9474047,
            50.0384856
          ],
          [
            19.9466354,
            50.0387529
          ],
          [
            19.9465399,
            50.0388125
          ],
          [
            19.9468214,
            50.0391886
          ]
        ]
      },
      "id": "way/308804987"
    },
    {
      "type": "Feature",
      "properties": {
        "@id": "way/309929775",
        "footway": "crossing",
        "highway": "footway",
        "lit": "yes",
        "surface": "sett"
      },
      "geometry": {
        "type": "LineString",
        "coordinates": [
          [
            19.9503405,
            50.0433064
          ],
          [
            19.9504406,
            50.043323
          ]
        ]
      },
      "id": "way/309929775"
    },
    {
      "type": "Feature",
      "properties": {
        "@id": "way/311981034",
        "access": "private",
        "foot": "yes",
        "highway": "service",
        "oneway": "yes",
        "surface": "sett",
        "taxi": "yes"
      },
      "geometry": {
        "type": "LineString",
        "coordinates": [
          [
            19.9313406,
            50.0470891
          ],
          [
            19.9313789,
            50.0471022
          ],
          [
            19.9314385,
            50.0471225
          ],
          [
            19.9317245,
            50.0472157
          ],
          [
            19.9317734,
            50.0472341
          ],
          [
            19.9318747,
            50.0472723
          ],
          [
            19.9318408,
            50.0474437
          ],
          [
            19.9318355,
            50.0474753
          ]
        ]
      },
      "id": "way/311981034"
    },
    {
      "type": "Feature",
      "properties": {
        "@id": "way/312038003",
        "footway": "crossing",
        "highway": "footway",
        "lit": "yes",
        "surface": "sett"
      },
      "geometry": {
        "type": "LineString",
        "coordinates": [
          [
            19.9319388,
            50.0472574
          ],
          [
            19.932075,
            50.0472693
          ],
          [
            19.9321978,
            50.0472812
          ]
        ]
      },
      "id": "way/312038003"
    },
    {
      "type": "Feature",
      "properties": {
        "@id": "way/319192611",
        "highway": "service",
        "service": "parking_aisle",
        "surface": "sett"
      },
      "geometry": {
        "type": "LineString",
        "coordinates": [
          [
            19.9317939,
            50.075335
          ],
          [
            19.9318402,
            50.0751644
          ],
          [
            19.9318538,
            50.0751125
          ]
        ]
      },
      "id": "way/319192611"
    },
    {
      "type": "Feature",
      "properties": {
        "@id": "way/320532382",
        "highway": "footway",
        "lit": "yes",
        "surface": "sett"
      },
      "geometry": {
        "type": "LineString",
        "coordinates": [
          [
            19.937535,
            50.0570924
          ],
          [
            19.937595,
            50.0570965
          ]
        ]
      },
      "id": "way/320532382"
    },
    {
      "type": "Feature",
      "properties": {
        "@id": "way/321020956",
        "highway": "service",
        "service": "driveway",
        "surface": "sett"
      },
      "geometry": {
        "type": "LineString",
        "coordinates": [
          [
            19.9372209,
            50.064554
          ],
          [
            19.9372797,
            50.0645965
          ],
          [
            19.9372923,
            50.0646055
          ]
        ]
      },
      "id": "way/321020956"
    },
    {
      "type": "Feature",
      "properties": {
        "@id": "way/321020961",
        "access": "private",
        "highway": "footway",
        "lit": "yes",
        "surface": "sett",
        "tunnel": "building_passage"
      },
      "geometry": {
        "type": "LineString",
        "coordinates": [
          [
            19.9381681,
            50.0644023
          ],
          [
            19.9384895,
            50.0643203
          ],
          [
            19.9385053,
            50.0643423
          ]
        ]
      },
      "id": "way/321020961"
    },
    {
      "type": "Feature",
      "properties": {
        "@id": "way/321126307",
        "highway": "footway",
        "lit": "yes",
        "surface": "sett"
      },
      "geometry": {
        "type": "LineString",
        "coordinates": [
          [
            19.9384201,
            50.0650219
          ],
          [
            19.9384025,
            50.0650245
          ]
        ]
      },
      "id": "way/321126307"
    },
    {
      "type": "Feature",
      "properties": {
        "@id": "way/325406375",
        "highway": "footway",
        "lit": "yes",
        "surface": "sett",
        "tunnel": "building_passage",
        "width": "2.15"
      },
      "geometry": {
        "type": "LineString",
        "coordinates": [
          [
            19.939832,
            50.0634058
          ],
          [
            19.9401031,
            50.0633258
          ]
        ]
      },
      "id": "way/325406375"
    },
    {
      "type": "Feature",
      "properties": {
        "@id": "way/330603756",
        "crossing": "unmarked",
        "crossing:markings": "no",
        "footway": "crossing",
        "highway": "footway",
        "lit": "yes",
        "surface": "sett"
      },
      "geometry": {
        "type": "LineString",
        "coordinates": [
          [
            19.9326726,
            50.0772666
          ],
          [
            19.9326783,
            50.0772833
          ],
          [
            19.9326896,
            50.0773162
          ]
        ]
      },
      "id": "way/330603756"
    },
    {
      "type": "Feature",
      "properties": {
        "@id": "way/330943890",
        "access": "delivery",
        "highway": "living_street",
        "lit": "yes",
        "maxspeed": "20",
        "name": "Szeroka",
        "oneway": "yes",
        "source:maxspeed": "PL:living_street",
        "surface": "sett",
        "vehicle:conditional": "delivery @ (00:00-12:00,16:00-20:00,23:00-24:00)"
      },
      "geometry": {
        "type": "LineString",
        "coordinates": [
          [
            19.9480911,
            50.0527313
          ],
          [
            19.9484298,
            50.0518529
          ]
        ]
      },
      "id": "way/330943890"
    },
    {
      "type": "Feature",
      "properties": {
        "@id": "way/334298671",
        "highway": "living_street",
        "surface": "cobblestone"
      },
      "geometry": {
        "type": "LineString",
        "coordinates": [
          [
            19.8468087,
            50.0861498
          ],
          [
            19.8471248,
            50.0860925
          ]
        ]
      },
      "id": "way/334298671"
    },
    {
      "type": "Feature",
      "properties": {
        "@id": "way/334306403",
        "highway": "residential",
        "lit": "yes",
        "maxspeed": "30",
        "name": "Świętego Wawrzyńca",
        "oneway": "yes",
        "oneway:bicycle": "no",
        "parking:condition:left": "no_stopping",
        "parking:right": "yes",
        "parking:right:orientation": "parallel",
        "sidewalk:both": "separate",
        "source:maxspeed": "PL:zone30",
        "surface": "sett"
      },
      "geometry": {
        "type": "LineString",
        "coordinates": [
          [
            19.9496384,
            50.0504454
          ],
          [
            19.9495162,
            50.0504199
          ],
          [
            19.9494924,
            50.0504153
          ],
          [
            19.9487958,
            50.0502719
          ],
          [
            19.9486017,
            50.0502279
          ],
          [
            19.9484434,
            50.050192
          ],
          [
            19.9483789,
            50.0501773
          ],
          [
            19.947915,
            50.0500721
          ]
        ]
      },
      "id": "way/334306403"
    },
    {
      "type": "Feature",
      "properties": {
        "@id": "way/334525310",
        "highway": "service",
        "service": "parking_aisle",
        "surface": "sett"
      },
      "geometry": {
        "type": "LineString",
        "coordinates": [
          [
            19.9362769,
            50.0586083
          ],
          [
            19.9359028,
            50.0585816
          ]
        ]
      },
      "id": "way/334525310"
    },
    {
      "type": "Feature",
      "properties": {
        "@id": "way/336657979",
        "bicycle": "yes",
        "highway": "living_street",
        "lanes": "1",
        "lit": "yes",
        "maxspeed": "20",
        "name": "Szeroka",
        "smoothness": "intermediate",
        "source:maxspeed": "PL:living_street",
        "surface": "sett",
        "taxi": "yes",
        "vehicle": "private",
        "vehicle:conditional": "delivery @ (00:00-12:00,16:00-20:00,23:00-24:00)"
      },
      "geometry": {
        "type": "LineString",
        "coordinates": [
          [
            19.9481692,
            50.0517954
          ],
          [
            19.9483084,
            50.0518396
          ]
        ]
      },
      "id": "way/336657979"
    },
    {
      "type": "Feature",
      "properties": {
        "@id": "way/338041328",
        "highway": "footway",
        "surface": "sett"
      },
      "geometry": {
        "type": "LineString",
        "coordinates": [
          [
            20.1468502,
            50.0877187
          ],
          [
            20.1468739,
            50.0877427
          ]
        ]
      },
      "id": "way/338041328"
    },
    {
      "type": "Feature",
      "properties": {
        "@id": "way/338041329",
        "highway": "footway",
        "surface": "sett"
      },
      "geometry": {
        "type": "LineString",
        "coordinates": [
          [
            20.1467505,
            50.0877507
          ],
          [
            20.1467332,
            50.0878419
          ],
          [
            20.146757,
            50.0878863
          ]
        ]
      },
      "id": "way/338041329"
    },
    {
      "type": "Feature",
      "properties": {
        "@id": "way/338041330",
        "highway": "footway",
        "surface": "sett"
      },
      "geometry": {
        "type": "LineString",
        "coordinates": [
          [
            20.1469444,
            50.0879635
          ],
          [
            20.1468351,
            50.0879251
          ],
          [
            20.1467995,
            50.0879074
          ]
        ]
      },
      "id": "way/338041330"
    },
    {
      "type": "Feature",
      "properties": {
        "@id": "way/338096657",
        "highway": "service",
        "service": "driveway",
        "surface": "sett"
      },
      "geometry": {
        "type": "LineString",
        "coordinates": [
          [
            20.0035385,
            50.0147406
          ],
          [
            20.0035847,
            50.0147405
          ],
          [
            20.0036355,
            50.0147404
          ],
          [
            20.0038825,
            50.0147926
          ],
          [
            20.0042302,
            50.014715
          ],
          [
            20.004564,
            50.0146278
          ],
          [
            20.0047062,
            50.0145907
          ],
          [
            20.0047439,
            50.014596
          ]
        ]
      },
      "id": "way/338096657"
    },
    {
      "type": "Feature",
      "properties": {
        "@id": "way/338096660",
        "bicycle": "unknown",
        "foot": "yes",
        "highway": "footway",
        "horse": "no",
        "motor_vehicle": "private",
        "surface": "sett"
      },
      "geometry": {
        "type": "LineString",
        "coordinates": [
          [
            20.0050164,
            50.0145281
          ],
          [
            20.0050718,
            50.0145154
          ],
          [
            20.0051378,
            50.0145003
          ],
          [
            20.0054308,
            50.0145362
          ],
          [
            20.0055315,
            50.0145485
          ],
          [
            20.0056722,
            50.0145773
          ],
          [
            20.0057197,
            50.014626
          ],
          [
            20.0058238,
            50.0147566
          ],
          [
            20.0059044,
            50.0148577
          ]
        ]
      },
      "id": "way/338096660"
    },
    {
      "type": "Feature",
      "properties": {
        "@id": "way/338768598",
        "highway": "footway",
        "surface": "sett"
      },
      "geometry": {
        "type": "LineString",
        "coordinates": [
          [
            19.861964,
            50.0641122
          ],
          [
            19.8619527,
            50.0640849
          ]
        ]
      },
      "id": "way/338768598"
    },
    {
      "type": "Feature",
      "properties": {
        "@id": "way/338768599",
        "handrail": "yes",
        "highway": "steps",
        "incline": "up",
        "ramp": "no",
        "surface": "sett"
      },
      "geometry": {
        "type": "LineString",
        "coordinates": [
          [
            19.8620095,
            50.0642214
          ],
          [
            19.862003,
            50.0642057
          ]
        ]
      },
      "id": "way/338768599"
    },
    {
      "type": "Feature",
      "properties": {
        "@id": "way/338768601",
        "highway": "footway",
        "surface": "sett"
      },
      "geometry": {
        "type": "LineString",
        "coordinates": [
          [
            19.862003,
            50.0642057
          ],
          [
            19.8619861,
            50.0641651
          ]
        ]
      },
      "id": "way/338768601"
    },
    {
      "type": "Feature",
      "properties": {
        "@id": "way/338768602",
        "highway": "footway",
        "surface": "sett"
      },
      "geometry": {
        "type": "LineString",
        "coordinates": [
          [
            19.8620506,
            50.0643207
          ],
          [
            19.8620317,
            50.0642756
          ]
        ]
      },
      "id": "way/338768602"
    },
    {
      "type": "Feature",
      "properties": {
        "@id": "way/338768603",
        "handrail": "yes",
        "highway": "steps",
        "incline": "up",
        "ramp": "no",
        "surface": "sett"
      },
      "geometry": {
        "type": "LineString",
        "coordinates": [
          [
            19.8619861,
            50.0641651
          ],
          [
            19.8619813,
            50.0641535
          ]
        ]
      },
      "id": "way/338768603"
    },
    {
      "type": "Feature",
      "properties": {
        "@id": "way/338768604",
        "highway": "footway",
        "surface": "sett"
      },
      "geometry": {
        "type": "LineString",
        "coordinates": [
          [
            19.8619453,
            50.0640672
          ],
          [
            19.8619428,
            50.0640612
          ]
        ]
      },
      "id": "way/338768604"
    },
    {
      "type": "Feature",
      "properties": {
        "@id": "way/338768606",
        "highway": "footway",
        "surface": "sett"
      },
      "geometry": {
        "type": "LineString",
        "coordinates": [
          [
            19.8619813,
            50.0641535
          ],
          [
            19.8619694,
            50.064125
          ]
        ]
      },
      "id": "way/338768606"
    },
    {
      "type": "Feature",
      "properties": {
        "@id": "way/338768613",
        "handrail": "yes",
        "highway": "steps",
        "incline": "up",
        "ramp": "no",
        "surface": "sett"
      },
      "geometry": {
        "type": "LineString",
        "coordinates": [
          [
            19.8619527,
            50.0640849
          ],
          [
            19.8619453,
            50.0640672
          ]
        ]
      },
      "id": "way/338768613"
    },
    {
      "type": "Feature",
      "properties": {
        "@id": "way/338768615",
        "handrail": "yes",
        "highway": "steps",
        "incline": "up",
        "ramp": "no",
        "surface": "sett"
      },
      "geometry": {
        "type": "LineString",
        "coordinates": [
          [
            19.8619694,
            50.064125
          ],
          [
            19.861964,
            50.0641122
          ]
        ]
      },
      "id": "way/338768615"
    },
    {
      "type": "Feature",
      "properties": {
        "@id": "way/338768622",
        "highway": "footway",
        "surface": "sett"
      },
      "geometry": {
        "type": "LineString",
        "coordinates": [
          [
            19.8620317,
            50.0642756
          ],
          [
            19.8620281,
            50.0642668
          ],
          [
            19.8620095,
            50.0642214
          ]
        ]
      },
      "id": "way/338768622"
    },
    {
      "type": "Feature",
      "properties": {
        "@id": "way/339841647",
        "handrail": "yes",
        "handrail:left": "yes",
        "handrail:right": "yes",
        "highway": "steps",
        "incline": "up",
        "ramp": "no",
        "step_count": "12",
        "surface": "sett",
        "tactile_paving": "no"
      },
      "geometry": {
        "type": "LineString",
        "coordinates": [
          [
            19.9696525,
            50.0887118
          ],
          [
            19.9696495,
            50.0887685
          ]
        ]
      },
      "id": "way/339841647"
    },
    {
      "type": "Feature",
      "properties": {
        "@id": "way/340282030",
        "highway": "footway",
        "surface": "sett"
      },
      "geometry": {
        "type": "LineString",
        "coordinates": [
          [
            20.0519668,
            50.0655209
          ],
          [
            20.0519427,
            50.0655209
          ],
          [
            20.0518561,
            50.0655247
          ],
          [
            20.0517585,
            50.0655275
          ],
          [
            20.0516765,
            50.0655363
          ],
          [
            20.0516347,
            50.0655476
          ],
          [
            20.0515866,
            50.0655681
          ],
          [
            20.0515423,
            50.0655942
          ],
          [
            20.0515253,
            50.0656509
          ],
          [
            20.0515238,
            50.0656952
          ],
          [
            20.0515255,
            50.0657203
          ],
          [
            20.0515426,
            50.0657516
          ],
          [
            20.0516091,
            50.0657754
          ],
          [
            20.0516506,
            50.0657822
          ],
          [
            20.0516925,
            50.0657855
          ],
          [
            20.0518697,
            50.0657865
          ],
          [
            20.0519263,
            50.0657465
          ],
          [
            20.0519407,
            50.0657244
          ],
          [
            20.0519542,
            50.0656873
          ],
          [
            20.0519518,
            50.0656573
          ],
          [
            20.0519427,
            50.0655209
          ]
        ]
      },
      "id": "way/340282030"
    },
    {
      "type": "Feature",
      "properties": {
        "@id": "way/340319848",
        "highway": "footway",
        "lit": "no",
        "smoothness": "intermediate",
        "surface": "sett"
      },
      "geometry": {
        "type": "LineString",
        "coordinates": [
          [
            20.0510226,
            50.06986
          ],
          [
            20.0510994,
            50.0698363
          ]
        ]
      },
      "id": "way/340319848"
    },
    {
      "type": "Feature",
      "properties": {
        "@id": "way/340730261",
        "highway": "path",
        "lit": "yes",
        "surface": "sett"
      },
      "geometry": {
        "type": "LineString",
        "coordinates": [
          [
            19.9954237,
            50.0191144
          ],
          [
            19.9950763,
            50.0192013
          ]
        ]
      },
      "id": "way/340730261"
    },
    {
      "type": "Feature",
      "properties": {
        "@id": "way/340753771",
        "highway": "footway",
        "surface": "unhewn_cobblestone"
      },
      "geometry": {
        "type": "LineString",
        "coordinates": [
          [
            19.9571227,
            50.0432396
          ],
          [
            19.9571309,
            50.0432637
          ],
          [
            19.9571369,
            50.0432812
          ]
        ]
      },
      "id": "way/340753771"
    },
    {
      "type": "Feature",
      "properties": {
        "@id": "way/340753774",
        "highway": "footway",
        "surface": "sett"
      },
      "geometry": {
        "type": "LineString",
        "coordinates": [
          [
            19.9494768,
            50.0434169
          ],
          [
            19.9494938,
            50.0434126
          ],
          [
            19.9494384,
            50.0433622
          ],
          [
            19.9495017,
            50.0432698
          ],
          [
            19.9495234,
            50.0432005
          ],
          [
            19.9495405,
            50.0431623
          ]
        ]
      },
      "id": "way/340753774"
    },
    {
      "type": "Feature",
      "properties": {
        "@id": "way/348331797",
        "access": "customers",
        "highway": "footway",
        "surface": "sett"
      },
      "geometry": {
        "type": "LineString",
        "coordinates": [
          [
            19.9560199,
            50.0638201
          ],
          [
            19.9558312,
            50.0637416
          ],
          [
            19.9555078,
            50.0636071
          ],
          [
            19.9555175,
            50.063598
          ]
        ]
      },
      "id": "way/348331797"
    },
    {
      "type": "Feature",
      "properties": {
        "@id": "way/359169341",
        "bicycle": "no",
        "highway": "pedestrian",
        "lit": "yes",
        "name": "Floriańska",
        "name:de": "Floriangasse",
        "name:etymology:wikidata": "Q298845",
        "name:hu": "Flórián utca",
        "name:pl": "Floriańska",
        "name:ru": "Флорианская улица",
        "smoothness": "intermediate",
        "source:bicycle": "sign",
        "surface": "sett",
        "tourism": "attraction",
        "wheelchair": "yes",
        "wikidata": "Q9365137",
        "wikipedia": "pl:Ulica Floriańska w Krakowie"
      },
      "geometry": {
        "type": "LineString",
        "coordinates": [
          [
            19.9413698,
            50.0649001
          ],
          [
            19.941469,
            50.0651271
          ],
          [
            19.9414957,
            50.0651911
          ]
        ]
      },
      "id": "way/359169341"
    },
    {
      "type": "Feature",
      "properties": {
        "@id": "way/361211256",
        "highway": "footway",
        "lit": "yes",
        "motor_vehicle": "no",
        "surface": "cobblestone",
        "width": "1"
      },
      "geometry": {
        "type": "LineString",
        "coordinates": [
          [
            19.9313018,
            50.0083885
          ],
          [
            19.9313399,
            50.0083921
          ],
          [
            19.9313676,
            50.0083938
          ],
          [
            19.9314097,
            50.0083841
          ],
          [
            19.9314337,
            50.0083654
          ],
          [
            19.9314492,
            50.0083546
          ],
          [
            19.9315001,
            50.0083442
          ],
          [
            19.93154,
            50.0083302
          ]
        ]
      },
      "id": "way/361211256"
    },
    {
      "type": "Feature",
      "properties": {
        "@id": "way/361732821",
        "highway": "footway",
        "lit": "yes",
        "surface": "unhewn_cobblestone"
      },
      "geometry": {
        "type": "LineString",
        "coordinates": [
          [
            19.9590388,
            50.0659818
          ],
          [
            19.9590459,
            50.0660076
          ]
        ]
      },
      "id": "way/361732821"
    },
    {
      "type": "Feature",
      "properties": {
        "@id": "way/367139771",
        "highway": "pedestrian",
        "lit": "yes",
        "noname": "yes",
        "smoothness": "excellent",
        "surface": "sett"
      },
      "geometry": {
        "type": "LineString",
        "coordinates": [
          [
            19.9383127,
            50.0612934
          ],
          [
            19.937859,
            50.0614336
          ],
          [
            19.9376857,
            50.0616035
          ],
          [
            19.9375737,
            50.0616214
          ]
        ]
      },
      "id": "way/367139771"
    },
    {
      "type": "Feature",
      "properties": {
        "@id": "way/367295758",
        "highway": "footway",
        "surface": "sett"
      },
      "geometry": {
        "type": "LineString",
        "coordinates": [
          [
            19.9348139,
            50.0548533
          ],
          [
            19.934644,
            50.0548016
          ]
        ]
      },
      "id": "way/367295758"
    },
    {
      "type": "Feature",
      "properties": {
        "@id": "way/367295759",
        "highway": "footway",
        "surface": "unhewn_cobblestone"
      },
      "geometry": {
        "type": "LineString",
        "coordinates": [
          [
            19.9335167,
            50.0535449
          ],
          [
            19.9333641,
            50.0536062
          ]
        ]
      },
      "id": "way/367295759"
    },
    {
      "type": "Feature",
      "properties": {
        "@id": "way/367295762",
        "handrail": "yes",
        "highway": "steps",
        "incline": "down",
        "ramp": "no",
        "step_count": "12",
        "surface": "sett",
        "tactile_paving": "no"
      },
      "geometry": {
        "type": "LineString",
        "coordinates": [
          [
            19.9345778,
            50.05478
          ],
          [
            19.934644,
            50.0548016
          ]
        ]
      },
      "id": "way/367295762"
    },
    {
      "type": "Feature",
      "properties": {
        "@id": "way/368271512",
        "highway": "footway",
        "lit": "yes",
        "smoothness": "good",
        "surface": "sett"
      },
      "geometry": {
        "type": "LineString",
        "coordinates": [
          [
            19.9362232,
            50.0604827
          ],
          [
            19.936245,
            50.0604776
          ]
        ]
      },
      "id": "way/368271512"
    },
    {
      "type": "Feature",
      "properties": {
        "@id": "way/368325416",
        "bicycle": "yes",
        "cycleway:both": "no",
        "highway": "pedestrian",
        "lit": "yes",
        "maxspeed": "20",
        "motor_vehicle": "private",
        "name": "Grodzka",
        "name:be": "Гарадская вуліца",
        "name:pl": "Grodzka",
        "oneway": "yes",
        "oneway:bicycle": "no",
        "oneway:foot": "no",
        "smoothness": "excellent",
        "source:bicycle": "sign",
        "source:maxspeed": "PL:living_street",
        "surface": "sett"
      },
      "geometry": {
        "type": "LineString",
        "coordinates": [
          [
            19.9380029,
            50.0581401
          ],
          [
            19.938007,
            50.058114
          ],
          [
            19.9380248,
            50.0579994
          ],
          [
            19.9380774,
            50.0576649
          ]
        ]
      },
      "id": "way/368325416"
    },
    {
      "type": "Feature",
      "properties": {
        "@id": "way/368325424",
        "highway": "footway",
        "lit": "yes",
        "surface": "sett"
      },
      "geometry": {
        "type": "LineString",
        "coordinates": [
          [
            19.9336577,
            50.0603124
          ],
          [
            19.9336322,
            50.0602901
          ]
        ]
      },
      "id": "way/368325424"
    },
    {
      "type": "Feature",
      "properties": {
        "@id": "way/368325433",
        "bicycle": "yes",
        "emergency": "yes",
        "foot": "yes",
        "highway": "living_street",
        "lit": "yes",
        "maxspeed": "20",
        "motor_vehicle": "destination",
        "motor_vehicle:conditional": "delivery @ (Mo-Su 13:00-14:00, 20:00-23:59, 00:00-09:30)",
        "name": "Świętego Idziego",
        "name:de": "Sankt-Giles-Gasse",
        "name:pl": "Świętego Idziego",
        "oneway": "no",
        "oneway:bicycle": "no",
        "parking:condition:both": "no_stopping",
        "psv": "yes",
        "sidewalk": "separate",
        "source:maxspeed": "PL:living_street",
        "surface": "sett",
        "taxi": "yes",
        "unsigned_ref": "2257K",
        "wikidata": "Q9366386",
        "wikipedia": "pl:Ulica św. Idziego w Krakowie"
      },
      "geometry": {
        "type": "LineString",
        "coordinates": [
          [
            19.9386035,
            50.054397
          ],
          [
            19.9383639,
            50.0545596
          ]
        ]
      },
      "id": "way/368325433"
    },
    {
      "type": "Feature",
      "properties": {
        "@id": "way/368325434",
        "bicycle": "yes",
        "emergency": "yes",
        "foot": "yes",
        "highway": "living_street",
        "lit": "yes",
        "maxspeed": "20",
        "motor_vehicle": "destination",
        "motor_vehicle:conditional": "delivery @ (Mo-Su 13:00-14:00, 20:00-23:59, 00:00-09:30)",
        "name": "Świętego Idziego",
        "name:de": "Sankt-Giles-Gasse",
        "name:pl": "Świętego Idziego",
        "oneway": "no",
        "oneway:bicycle": "no",
        "parking:condition:both": "no_stopping",
        "psv": "yes",
        "sidewalk": "separate",
        "source:maxspeed": "PL:living_street",
        "surface": "sett",
        "taxi": "yes",
        "unsigned_ref": "2257K",
        "wikidata": "Q9366386",
        "wikipedia": "pl:Ulica św. Idziego w Krakowie"
      },
      "geometry": {
        "type": "LineString",
        "coordinates": [
          [
            19.9383639,
            50.0545596
          ],
          [
            19.9381933,
            50.0546675
          ],
          [
            19.9380119,
            50.0548159
          ]
        ]
      },
      "id": "way/368325434"
    },
    {
      "type": "Feature",
      "properties": {
        "@id": "way/371851116",
        "highway": "footway",
        "lit": "yes",
        "surface": "sett"
      },
      "geometry": {
        "type": "LineString",
        "coordinates": [
          [
            19.9484884,
            50.0446382
          ],
          [
            19.9485387,
            50.0446578
          ],
          [
            19.9486108,
            50.0446848
          ],
          [
            19.948584,
            50.0447215
          ],
          [
            19.9485648,
            50.0447474
          ]
        ]
      },
      "id": "way/371851116"
    },
    {
      "type": "Feature",
      "properties": {
        "@id": "way/372060524",
        "fixme": "jaki tag smoothness tu powinien być?",
        "highway": "footway",
        "lit": "yes",
        "smoothness": "intermediate",
        "surface": "sett"
      },
      "geometry": {
        "type": "LineString",
        "coordinates": [
          [
            19.9463005,
            50.0653394
          ],
          [
            19.9459353,
            50.0652841
          ],
          [
            19.9456364,
            50.0652369
          ],
          [
            19.9455685,
            50.0652299
          ]
        ]
      },
      "id": "way/372060524"
    },
    {
      "type": "Feature",
      "properties": {
        "@id": "way/372590734",
        "bicycle": "yes",
        "cycleway:left": "no",
        "goods": "delivery",
        "highway": "living_street",
        "lit": "yes",
        "maxspeed": "20",
        "motor_vehicle": "private",
        "name": "Świętego Tomasza",
        "name:be": "вуліца Святога Томаша",
        "name:de": "Thomasgasse",
        "name:etymology:wikidata": "Q9438",
        "name:pl": "Świętego Tomasza",
        "old_name": "Ludwika Solskiego",
        "oneway": "yes",
        "oneway:bicycle": "no",
        "psv": "yes",
        "smoothness": "intermediate",
        "source:maxspeed": "PL:living_street",
        "surface": "sett",
        "taxi": "yes",
        "width": "2.5"
      },
      "geometry": {
        "type": "LineString",
        "coordinates": [
          [
            19.9385948,
            50.0631776
          ],
          [
            19.9385486,
            50.0631926
          ],
          [
            19.9379674,
            50.0633808
          ],
          [
            19.9375232,
            50.0635302
          ],
          [
            19.9374734,
            50.0635483
          ],
          [
            19.9374145,
            50.0635731
          ],
          [
            19.9368674,
            50.0637594
          ],
          [
            19.9367983,
            50.0637812
          ],
          [
            19.9362693,
            50.0639442
          ],
          [
            19.9361602,
            50.0639732
          ]
        ]
      },
      "id": "way/372590734"
    },
    {
      "type": "Feature",
      "properties": {
        "@id": "way/372813351",
        "highway": "service",
        "note": "Znak zakaz ruchu, z tabliczką \"nie dotyczy dojazdu do szkoły\"",
        "surface": "sett",
        "vehicle": "destination"
      },
      "geometry": {
        "type": "LineString",
        "coordinates": [
          [
            19.918814,
            50.0689168
          ],
          [
            19.918662,
            50.0689261
          ],
          [
            19.9184094,
            50.0689436
          ],
          [
            19.9183304,
            50.0689499
          ]
        ]
      },
      "id": "way/372813351"
    },
    {
      "type": "Feature",
      "properties": {
        "@id": "way/372813710",
        "highway": "service",
        "service": "parking_aisle",
        "sport": "running",
        "surface": "sett",
        "vehicle": "destination"
      },
      "geometry": {
        "type": "LineString",
        "coordinates": [
          [
            19.918814,
            50.0689168
          ],
          [
            19.9187495,
            50.0683871
          ],
          [
            19.9187811,
            50.0683383
          ],
          [
            19.9187728,
            50.0682605
          ]
        ]
      },
      "id": "way/372813710"
    },
    {
      "type": "Feature",
      "properties": {
        "@id": "way/375594216",
        "footway": "sidewalk",
        "highway": "footway",
        "lit": "yes",
        "smoothness": "good",
        "surface": "sett"
      },
      "geometry": {
        "type": "LineString",
        "coordinates": [
          [
            19.9425689,
            50.0673045
          ],
          [
            19.9425952,
            50.0672796
          ],
          [
            19.9426642,
            50.0672282
          ],
          [
            19.9427682,
            50.067181
          ],
          [
            19.9427954,
            50.0671759
          ]
        ]
      },
      "id": "way/375594216"
    },
    {
      "type": "Feature",
      "properties": {
        "@id": "way/375927119",
        "highway": "service",
        "maxheight:signed": "no",
        "surface": "sett",
        "tunnel": "building_passage"
      },
      "geometry": {
        "type": "LineString",
        "coordinates": [
          [
            20.0334384,
            50.0769421
          ],
          [
            20.0333865,
            50.076983
          ]
        ]
      },
      "id": "way/375927119"
    },
    {
      "type": "Feature",
      "properties": {
        "@id": "way/375927120",
        "access": "private",
        "foot": "yes",
        "highway": "service",
        "smoothness": "intermediate",
        "surface": "sett"
      },
      "geometry": {
        "type": "LineString",
        "coordinates": [
          [
            20.0330332,
            50.0776612
          ],
          [
            20.0330766,
            50.0776289
          ],
          [
            20.0331469,
            50.077576
          ],
          [
            20.0326447,
            50.0773034
          ],
          [
            20.0325829,
            50.0773528
          ],
          [
            20.0325475,
            50.0773798
          ]
        ]
      },
      "id": "way/375927120"
    },
    {
      "type": "Feature",
      "properties": {
        "@id": "way/375927122",
        "access": "private",
        "highway": "service",
        "surface": "sett"
      },
      "geometry": {
        "type": "LineString",
        "coordinates": [
          [
            20.0333865,
            50.076983
          ],
          [
            20.0331104,
            50.0772001
          ],
          [
            20.0335152,
            50.0774122
          ],
          [
            20.0337066,
            50.0772617
          ]
        ]
      },
      "id": "way/375927122"
    },
    {
      "type": "Feature",
      "properties": {
        "@id": "way/376251388",
        "handrail": "no",
        "highway": "steps",
        "incline": "up",
        "lit": "no",
        "ramp": "no",
        "step_count": "8",
        "surface": "sett",
        "tactile_paving": "no"
      },
      "geometry": {
        "type": "LineString",
        "coordinates": [
          [
            20.0512488,
            50.0699548
          ],
          [
            20.0512112,
            50.069931
          ],
          [
            20.0511677,
            50.0698998
          ],
          [
            20.0510994,
            50.0698363
          ]
        ]
      },
      "id": "way/376251388"
    },
    {
      "type": "Feature",
      "properties": {
        "@id": "way/376630047",
        "foot": "permissive",
        "highway": "footway",
        "surface": "sett"
      },
      "geometry": {
        "type": "LineString",
        "coordinates": [
          [
            19.9469869,
            50.0503172
          ],
          [
            19.947026,
            50.050276
          ],
          [
            19.9470482,
            50.0502691
          ],
          [
            19.9471422,
            50.0502396
          ],
          [
            19.9472201,
            50.0501126
          ],
          [
            19.9473325,
            50.0500172
          ]
        ]
      },
      "id": "way/376630047"
    },
    {
      "type": "Feature",
      "properties": {
        "@id": "way/376885424",
        "handrail": "no",
        "highway": "steps",
        "incline": "down",
        "ramp": "no",
        "surface": "sett",
        "tactile_paving": "no"
      },
      "geometry": {
        "type": "LineString",
        "coordinates": [
          [
            19.9477174,
            50.0429725
          ],
          [
            19.9477229,
            50.0429893
          ],
          [
            19.9477257,
            50.0430049
          ],
          [
            19.9477718,
            50.0430291
          ],
          [
            19.9478005,
            50.0430417
          ],
          [
            19.9477618,
            50.0430507
          ],
          [
            19.9477058,
            50.0430561
          ]
        ]
      },
      "id": "way/376885424"
    },
    {
      "type": "Feature",
      "properties": {
        "@id": "way/377152331",
        "highway": "living_street",
        "noname": "yes",
        "service": "driveway",
        "surface": "sett"
      },
      "geometry": {
        "type": "LineString",
        "coordinates": [
          [
            19.949803,
            50.0639703
          ],
          [
            19.9489718,
            50.0638966
          ],
          [
            19.9489683,
            50.063908
          ],
          [
            19.948833,
            50.0645579
          ]
        ]
      },
      "id": "way/377152331"
    },
    {
      "type": "Feature",
      "properties": {
        "@id": "way/377698212",
        "access": "private",
        "foot": "no",
        "highway": "service",
        "horse": "no",
        "lit": "yes",
        "surface": "sett"
      },
      "geometry": {
        "type": "LineString",
        "coordinates": [
          [
            20.0402033,
            50.0232023
          ],
          [
            20.0401937,
            50.0231639
          ],
          [
            20.04018,
            50.0231065
          ],
          [
            20.0401882,
            50.0230652
          ],
          [
            20.0402412,
            50.0230099
          ],
          [
            20.0403629,
            50.022979
          ],
          [
            20.041126,
            50.0228819
          ],
          [
            20.0412221,
            50.0228938
          ],
          [
            20.0412833,
            50.0229214
          ],
          [
            20.0413296,
            50.0229568
          ],
          [
            20.0413445,
            50.0230136
          ],
          [
            20.0413268,
            50.0230748
          ]
        ]
      },
      "id": "way/377698212"
    },
    {
      "type": "Feature",
      "properties": {
        "@id": "way/377698214",
        "access": "private",
        "foot": "no",
        "highway": "service",
        "horse": "no",
        "lit": "yes",
        "surface": "sett"
      },
      "geometry": {
        "type": "LineString",
        "coordinates": [
          [
            20.0398436,
            50.0229356
          ],
          [
            20.0399381,
            50.0232207
          ],
          [
            20.0392146,
            50.0233155
          ],
          [
            20.0390724,
            50.0233769
          ],
          [
            20.0388464,
            50.0237732
          ],
          [
            20.0393919,
            50.0253646
          ]
        ]
      },
      "id": "way/377698214"
    },
    {
      "type": "Feature",
      "properties": {
        "@id": "way/377698215",
        "access": "private",
        "foot": "no",
        "highway": "service",
        "horse": "no",
        "lit": "yes",
        "surface": "sett"
      },
      "geometry": {
        "type": "LineString",
        "coordinates": [
          [
            20.0399381,
            50.0232207
          ],
          [
            20.0400889,
            50.0232156
          ],
          [
            20.0402033,
            50.0232023
          ],
          [
            20.0413268,
            50.0230748
          ],
          [
            20.0419867,
            50.0250675
          ],
          [
            20.0417063,
            50.025133
          ],
          [
            20.0396301,
            50.025404
          ],
          [
            20.0393919,
            50.0253646
          ]
        ]
      },
      "id": "way/377698215"
    },
    {
      "type": "Feature",
      "properties": {
        "@id": "way/389291282",
        "access": "customers",
        "highway": "footway",
        "surface": "sett"
      },
      "geometry": {
        "type": "LineString",
        "coordinates": [
          [
            19.8931833,
            50.0546246
          ],
          [
            19.8931177,
            50.0546331
          ],
          [
            19.8930337,
            50.0546663
          ],
          [
            19.8929618,
            50.0547021
          ],
          [
            19.8929027,
            50.0547476
          ],
          [
            19.8928727,
            50.0547838
          ],
          [
            19.892855,
            50.0548173
          ],
          [
            19.8928415,
            50.0548538
          ],
          [
            19.8928378,
            50.0549082
          ],
          [
            19.8928499,
            50.054965
          ],
          [
            19.8928708,
            50.0550159
          ],
          [
            19.8929145,
            50.0550799
          ],
          [
            19.8929578,
            50.0551249
          ],
          [
            19.8930025,
            50.0551544
          ],
          [
            19.8930539,
            50.0551753
          ],
          [
            19.893114,
            50.0551855
          ]
        ]
      },
      "id": "way/389291282"
    },
    {
      "type": "Feature",
      "properties": {
        "@id": "way/389291283",
        "access": "customers",
        "highway": "footway",
        "surface": "sett"
      },
      "geometry": {
        "type": "LineString",
        "coordinates": [
          [
            19.8932876,
            50.0549119
          ],
          [
            19.8933202,
            50.0549133
          ]
        ]
      },
      "id": "way/389291283"
    },
    {
      "type": "Feature",
      "properties": {
        "@id": "way/389291287",
        "access": "customers",
        "highway": "footway",
        "surface": "cobblestone"
      },
      "geometry": {
        "type": "LineString",
        "coordinates": [
          [
            19.8937188,
            50.0546712
          ],
          [
            19.8937594,
            50.0546919
          ],
          [
            19.8937965,
            50.0547104
          ],
          [
            19.8938359,
            50.0547366
          ],
          [
            19.893901,
            50.0548033
          ],
          [
            19.8939316,
            50.0548501
          ],
          [
            19.8939511,
            50.0548915
          ],
          [
            19.8939581,
            50.0549381
          ]
        ]
      },
      "id": "way/389291287"
    },
    {
      "type": "Feature",
      "properties": {
        "@id": "way/394968019",
        "covered": "yes",
        "highway": "footway",
        "lit": "yes",
        "smoothness": "intermediate",
        "surface": "sett"
      },
      "geometry": {
        "type": "LineString",
        "coordinates": [
          [
            19.9329142,
            50.063659
          ],
          [
            19.9330173,
            50.063652
          ]
        ]
      },
      "id": "way/394968019"
    },
    {
      "type": "Feature",
      "properties": {
        "@id": "way/395982452",
        "handrail": "yes",
        "highway": "steps",
        "incline": "down",
        "lit": "yes",
        "ramp": "separate",
        "ramp:wheelchair": "separate",
        "step_count": "81",
        "surface": "sett",
        "tactile_paving": "no"
      },
      "geometry": {
        "type": "LineString",
        "coordinates": [
          [
            19.9352923,
            50.0550985
          ],
          [
            19.9364054,
            50.055353
          ]
        ]
      },
      "id": "way/395982452"
    },
    {
      "type": "Feature",
      "properties": {
        "@id": "way/395982453",
        "highway": "footway",
        "surface": "sett"
      },
      "geometry": {
        "type": "LineString",
        "coordinates": [
          [
            19.9349198,
            50.0545915
          ],
          [
            19.9349296,
            50.054567
          ]
        ]
      },
      "id": "way/395982453"
    },
    {
      "type": "Feature",
      "properties": {
        "@id": "way/395982454",
        "highway": "footway",
        "incline": "up",
        "surface": "sett"
      },
      "geometry": {
        "type": "LineString",
        "coordinates": [
          [
            19.934833,
            50.0547319
          ],
          [
            19.9348578,
            50.0547357
          ]
        ]
      },
      "id": "way/395982454"
    },
    {
      "type": "Feature",
      "properties": {
        "@id": "way/395982455",
        "highway": "footway",
        "surface": "sett"
      },
      "geometry": {
        "type": "LineString",
        "coordinates": [
          [
            19.934752,
            50.0545948
          ],
          [
            19.9348578,
            50.0546507
          ]
        ]
      },
      "id": "way/395982455"
    },
    {
      "type": "Feature",
      "properties": {
        "@id": "way/395982459",
        "handrail": "no",
        "highway": "steps",
        "incline": "down",
        "lit": "yes",
        "ramp": "separate",
        "ramp:wheelchair": "separate",
        "step_count": "93",
        "surface": "sett",
        "tactile_paving": "no"
      },
      "geometry": {
        "type": "LineString",
        "coordinates": [
          [
            19.9353127,
            50.0550606
          ],
          [
            19.9364267,
            50.0553152
          ]
        ]
      },
      "id": "way/395982459"
    },
    {
      "type": "Feature",
      "properties": {
        "@id": "way/395982460",
        "handrail": "no",
        "highway": "steps",
        "incline": "up",
        "ramp": "separate",
        "ramp:wheelchair": "separate",
        "step_count": "15",
        "surface": "sett",
        "tactile_paving": "no"
      },
      "geometry": {
        "type": "LineString",
        "coordinates": [
          [
            19.9348674,
            50.0547374
          ],
          [
            19.9349198,
            50.0545915
          ]
        ]
      },
      "id": "way/395982460"
    },
    {
      "type": "Feature",
      "properties": {
        "@id": "way/395982462",
        "highway": "footway",
        "incline": "up",
        "surface": "sett"
      },
      "geometry": {
        "type": "LineString",
        "coordinates": [
          [
            19.9348517,
            50.0548161
          ],
          [
            19.9348121,
            50.0548008
          ]
        ]
      },
      "id": "way/395982462"
    },
    {
      "type": "Feature",
      "properties": {
        "@id": "way/395982463",
        "highway": "footway",
        "surface": "sett"
      },
      "geometry": {
        "type": "LineString",
        "coordinates": [
          [
            19.9349296,
            50.054567
          ],
          [
            19.9348894,
            50.0545603
          ]
        ]
      },
      "id": "way/395982463"
    },
    {
      "type": "Feature",
      "properties": {
        "@id": "way/395982464",
        "highway": "footway",
        "smoothness": "intermediate",
        "surface": "sett"
      },
      "geometry": {
        "type": "LineString",
        "coordinates": [
          [
            19.9351622,
            50.055048
          ],
          [
            19.9351176,
            50.0550137
          ]
        ]
      },
      "id": "way/395982464"
    },
    {
      "type": "Feature",
      "properties": {
        "@id": "way/395982467",
        "highway": "footway",
        "surface": "sett"
      },
      "geometry": {
        "type": "LineString",
        "coordinates": [
          [
            19.9351622,
            50.055048
          ],
          [
            19.9352365,
            50.0550478
          ],
          [
            19.9353127,
            50.0550606
          ]
        ]
      },
      "id": "way/395982467"
    },
    {
      "type": "Feature",
      "properties": {
        "@id": "way/395982468",
        "highway": "footway",
        "lit": "yes",
        "smoothness": "good",
        "surface": "sett"
      },
      "geometry": {
        "type": "LineString",
        "coordinates": [
          [
            19.9351622,
            50.055048
          ],
          [
            19.9352073,
            50.0550749
          ],
          [
            19.9352923,
            50.0550985
          ]
        ]
      },
      "id": "way/395982468"
    },
    {
      "type": "Feature",
      "properties": {
        "@id": "way/395982470",
        "handrail": "no",
        "highway": "steps",
        "incline": "up",
        "ramp": "no",
        "step_count": "31",
        "surface": "sett",
        "tactile_paving": "no"
      },
      "geometry": {
        "type": "LineString",
        "coordinates": [
          [
            19.9351176,
            50.0550137
          ],
          [
            19.9350076,
            50.0549888
          ],
          [
            19.9349837,
            50.0549788
          ],
          [
            19.9349522,
            50.0549608
          ],
          [
            19.9349262,
            50.0549389
          ],
          [
            19.9349202,
            50.0549317
          ],
          [
            19.9348517,
            50.0548161
          ]
        ]
      },
      "id": "way/395982470"
    },
    {
      "type": "Feature",
      "properties": {
        "@id": "way/396026146",
        "highway": "footway",
        "surface": "sett"
      },
      "geometry": {
        "type": "LineString",
        "coordinates": [
          [
            19.9348756,
            50.0547452
          ],
          [
            19.9348779,
            50.0547392
          ]
        ]
      },
      "id": "way/396026146"
    },
    {
      "type": "Feature",
      "properties": {
        "@id": "way/396358196",
        "highway": "service",
        "service": "parking_aisle",
        "surface": "sett"
      },
      "geometry": {
        "type": "LineString",
        "coordinates": [
          [
            19.9347914,
            50.0598807
          ],
          [
            19.9348754,
            50.0598875
          ],
          [
            19.935105,
            50.0598595
          ],
          [
            19.9351029,
            50.0598452
          ],
          [
            19.9351284,
            50.0598144
          ],
          [
            19.9351518,
            50.0598138
          ],
          [
            19.9351975,
            50.0598363
          ],
          [
            19.9352011,
            50.0598462
          ],
          [
            19.9352188,
            50.0598458
          ],
          [
            19.9353794,
            50.0598329
          ],
          [
            19.9354027,
            50.0598165
          ],
          [
            19.9353985,
            50.0596718
          ],
          [
            19.935156,
            50.0596598
          ],
          [
            19.9348567,
            50.0596442
          ],
          [
            19.9348126,
            50.05968
          ],
          [
            19.9347924,
            50.0597455
          ],
          [
            19.9347733,
            50.0598356
          ],
          [
            19.9347914,
            50.0598807
          ]
        ]
      },
      "id": "way/396358196"
    },
    {
      "type": "Feature",
      "properties": {
        "@id": "way/396358199",
        "highway": "service",
        "service": "parking_aisle",
        "surface": "sett"
      },
      "geometry": {
        "type": "LineString",
        "coordinates": [
          [
            19.9351518,
            50.0598138
          ],
          [
            19.9351518,
            50.0597457
          ],
          [
            19.935156,
            50.0596598
          ],
          [
            19.9351575,
            50.0596388
          ]
        ]
      },
      "id": "way/396358199"
    },
    {
      "type": "Feature",
      "properties": {
        "@id": "way/396358200",
        "highway": "service",
        "service": "parking_aisle",
        "surface": "sett"
      },
      "geometry": {
        "type": "LineString",
        "coordinates": [
          [
            19.935105,
            50.0598595
          ],
          [
            19.9351476,
            50.0598738
          ],
          [
            19.9351699,
            50.0598731
          ],
          [
            19.9352011,
            50.0598462
          ]
        ]
      },
      "id": "way/396358200"
    },
    {
      "type": "Feature",
      "properties": {
        "@id": "way/398824804",
        "access": "customers",
        "highway": "footway",
        "surface": "sett"
      },
      "geometry": {
        "type": "LineString",
        "coordinates": [
          [
            19.9375476,
            50.0546828
          ],
          [
            19.9375098,
            50.0546781
          ]
        ]
      },
      "id": "way/398824804"
    },
    {
      "type": "Feature",
      "properties": {
        "@id": "way/398824808",
        "access": "customers",
        "highway": "footway",
        "lit": "yes",
        "surface": "sett"
      },
      "geometry": {
        "type": "LineString",
        "coordinates": [
          [
            19.9375034,
            50.0546009
          ],
          [
            19.9375444,
            50.0546066
          ]
        ]
      },
      "id": "way/398824808"
    },
    {
      "type": "Feature",
      "properties": {
        "@id": "way/398924317",
        "highway": "footway",
        "surface": "sett"
      },
      "geometry": {
        "type": "LineString",
        "coordinates": [
          [
            19.9372188,
            50.0549832
          ],
          [
            19.9370202,
            50.0550053
          ],
          [
            19.9368759,
            50.0550188
          ],
          [
            19.9366835,
            50.0550307
          ],
          [
            19.9364544,
            50.0550369
          ],
          [
            19.9360682,
            50.0550384
          ],
          [
            19.9359654,
            50.05503
          ],
          [
            19.9357057,
            50.0549989
          ],
          [
            19.9354919,
            50.0549725
          ],
          [
            19.9352646,
            50.0549319
          ],
          [
            19.9351783,
            50.0549164
          ]
        ]
      },
      "id": "way/398924317"
    },
    {
      "type": "Feature",
      "properties": {
        "@id": "way/400582434",
        "highway": "footway",
        "surface": "sett"
      },
      "geometry": {
        "type": "LineString",
        "coordinates": [
          [
            19.911853,
            50.0534636
          ],
          [
            19.9119832,
            50.0534214
          ],
          [
            19.9120923,
            50.0533902
          ],
          [
            19.9121252,
            50.0533788
          ],
          [
            19.9121497,
            50.0533832
          ],
          [
            19.9121614,
            50.0533495
          ],
          [
            19.9122108,
            50.0533148
          ],
          [
            19.9122297,
            50.0532962
          ],
          [
            19.9122674,
            50.0532507
          ],
          [
            19.9123836,
            50.053082
          ],
          [
            19.912386,
            50.0530751
          ],
          [
            19.9124049,
            50.0530496
          ],
          [
            19.912422,
            50.0530058
          ],
          [
            19.9124491,
            50.0529423
          ],
          [
            19.9124544,
            50.0529292
          ]
        ]
      },
      "id": "way/400582434"
    },
    {
      "type": "Feature",
      "properties": {
        "@id": "way/400582437",
        "highway": "footway",
        "surface": "sett"
      },
      "geometry": {
        "type": "LineString",
        "coordinates": [
          [
            19.9125452,
            50.0533605
          ],
          [
            19.9126615,
            50.0531414
          ]
        ]
      },
      "id": "way/400582437"
    },
    {
      "type": "Feature",
      "properties": {
        "@id": "way/401458852",
        "footway": "crossing",
        "highway": "footway",
        "lit": "yes",
        "smoothness": "intermediate",
        "surface": "sett"
      },
      "geometry": {
        "type": "LineString",
        "coordinates": [
          [
            19.9540062,
            50.0471432
          ],
          [
            19.9539697,
            50.0471381
          ],
          [
            19.9539203,
            50.0471311
          ]
        ]
      },
      "id": "way/401458852"
    },
    {
      "type": "Feature",
      "properties": {
        "@id": "way/403265380",
        "highway": "pedestrian",
        "lit": "yes",
        "noname": "yes",
        "smoothness": "intermediate",
        "surface": "sett"
      },
      "geometry": {
        "type": "LineString",
        "coordinates": [
          [
            19.9353729,
            50.0640746
          ],
          [
            19.9351183,
            50.0639196
          ],
          [
            19.9350338,
            50.0635967
          ],
          [
            19.9355241,
            50.0637739
          ],
          [
            19.9360427,
            50.0639032
          ],
          [
            19.936112,
            50.0639207
          ]
        ]
      },
      "id": "way/403265380"
    },
    {
      "type": "Feature",
      "properties": {
        "@id": "way/403275113",
        "highway": "pedestrian",
        "lit": "yes",
        "noname": "yes",
        "smoothness": "good",
        "surface": "sett"
      },
      "geometry": {
        "type": "LineString",
        "coordinates": [
          [
            19.940785,
            50.0615414
          ],
          [
            19.9402065,
            50.061313
          ]
        ]
      },
      "id": "way/403275113"
    },
    {
      "type": "Feature",
      "properties": {
        "@id": "way/403275114",
        "highway": "footway",
        "lit": "yes",
        "surface": "sett"
      },
      "geometry": {
        "type": "LineString",
        "coordinates": [
          [
            19.9401776,
            50.0606976
          ],
          [
            19.9402062,
            50.060738
          ],
          [
            19.9402447,
            50.0607884
          ],
          [
            19.940274,
            50.0608267
          ]
        ]
      },
      "id": "way/403275114"
    },
    {
      "type": "Feature",
      "properties": {
        "@id": "way/403276361",
        "highway": "service",
        "lit": "yes",
        "service": "driveway",
        "surface": "sett"
      },
      "geometry": {
        "type": "LineString",
        "coordinates": [
          [
            19.9388471,
            50.0596503
          ],
          [
            19.9389192,
            50.0596424
          ],
          [
            19.9390104,
            50.0596325
          ]
        ]
      },
      "id": "way/403276361"
    },
    {
      "type": "Feature",
      "properties": {
        "@id": "way/403276367",
        "highway": "pedestrian",
        "lit": "yes",
        "noname": "yes",
        "smoothness": "intermediate",
        "surface": "sett"
      },
      "geometry": {
        "type": "LineString",
        "coordinates": [
          [
            19.9355917,
            50.0633486
          ],
          [
            19.9355729,
            50.0634171
          ],
          [
            19.9355963,
            50.0634865
          ],
          [
            19.9355241,
            50.0637739
          ],
          [
            19.9353729,
            50.0640746
          ],
          [
            19.9353418,
            50.0641027
          ]
        ]
      },
      "id": "way/403276367"
    },
    {
      "type": "Feature",
      "properties": {
        "@id": "way/403292808",
        "highway": "footway",
        "lit": "yes",
        "surface": "sett"
      },
      "geometry": {
        "type": "LineString",
        "coordinates": [
          [
            19.9483206,
            50.0442843
          ],
          [
            19.9484077,
            50.0443315
          ]
        ]
      },
      "id": "way/403292808"
    },
    {
      "type": "Feature",
      "properties": {
        "@id": "way/403298306",
        "handrail": "yes",
        "highway": "steps",
        "incline": "up",
        "lit": "yes",
        "ramp": "no",
        "step_count": "13",
        "surface": "sett",
        "tactile_paving": "no"
      },
      "geometry": {
        "type": "LineString",
        "coordinates": [
          [
            19.9482351,
            50.0458317
          ],
          [
            19.9482363,
            50.0458746
          ]
        ]
      },
      "id": "way/403298306"
    },
    {
      "type": "Feature",
      "properties": {
        "@id": "way/403303857",
        "footway": "crossing",
        "highway": "footway",
        "lit": "yes",
        "surface": "sett"
      },
      "geometry": {
        "type": "LineString",
        "coordinates": [
          [
            19.9513782,
            50.0423237
          ],
          [
            19.9512879,
            50.0422862
          ],
          [
            19.9512272,
            50.0422593
          ]
        ]
      },
      "id": "way/403303857"
    },
    {
      "type": "Feature",
      "properties": {
        "@id": "way/403949064",
        "addr:city": "Kraków",
        "bicycle": "yes",
        "construction": "pedestrian",
        "cycleway:both": "no",
        "highway": "construction",
        "lit": "yes",
        "maxspeed": "20",
        "name": "Szewska",
        "name:de": "Schugasse",
        "name:fr": "Rue des Cordonniers",
        "name:pl": "Szewska",
        "oneway": "yes",
        "oneway:bicycle": "no",
        "opening_date": "2027-03-06",
        "smoothness": "excellent",
        "source:bicycle": "sign",
        "source:maxspeed": "PL:living_street",
        "surface": "sett",
        "wikidata": "Q9366052",
        "wikipedia": "pl:Ulica Szewska w Krakowie"
      },
      "geometry": {
        "type": "LineString",
        "coordinates": [
          [
            19.9331597,
            50.0632911
          ],
          [
            19.9330699,
            50.0633476
          ],
          [
            19.9330239,
            50.0633755
          ]
        ]
      },
      "id": "way/403949064"
    },
    {
      "type": "Feature",
      "properties": {
        "@id": "way/403949067",
        "bicycle": "designated",
        "foot": "designated",
        "highway": "path",
        "lit": "yes",
        "oneway:bicycle": "no",
        "segregated": "no",
        "smoothness": "bad",
        "surface": "sett"
      },
      "geometry": {
        "type": "LineString",
        "coordinates": [
          [
            19.9326918,
            50.063325
          ],
          [
            19.9326512,
            50.0635242
          ],
          [
            19.9325643,
            50.0635221
          ]
        ]
      },
      "id": "way/403949067"
    },
    {
      "type": "Feature",
      "properties": {
        "@id": "way/403949071",
        "check_date": "2026-09-27",
        "construction": "footway",
        "crossing": "uncontrolled",
        "footway": "crossing",
        "highway": "construction",
        "lit": "yes",
        "surface": "sett"
      },
      "geometry": {
        "type": "LineString",
        "coordinates": [
          [
            19.9326166,
            50.0636166
          ],
          [
            19.9327018,
            50.0636496
          ],
          [
            19.9327195,
            50.0636564
          ],
          [
            19.9327388,
            50.0636638
          ],
          [
            19.9327399,
            50.0636642
          ],
          [
            19.9328146,
            50.0636935
          ]
        ]
      },
      "id": "way/403949071"
    },
    {
      "type": "Feature",
      "properties": {
        "@id": "way/404433592",
        "crossing": "uncontrolled",
        "crossing:markings": "zebra",
        "footway": "crossing",
        "highway": "footway",
        "lit": "yes",
        "surface": "sett"
      },
      "geometry": {
        "type": "LineString",
        "coordinates": [
          [
            19.9311978,
            50.0649541
          ],
          [
            19.9311586,
            50.0649928
          ],
          [
            19.9311195,
            50.0650312
          ]
        ]
      },
      "id": "way/404433592"
    },
    {
      "type": "Feature",
      "properties": {
        "@id": "way/404591800",
        "highway": "service",
        "lit": "yes",
        "maxspeed": "20",
        "motor_vehicle": "private",
        "noname": "yes",
        "service": "driveway",
        "surface": "sett"
      },
      "geometry": {
        "type": "LineString",
        "coordinates": [
          [
            19.933522,
            50.0620565
          ],
          [
            19.9335647,
            50.0621051
          ],
          [
            19.9335958,
            50.0621364
          ]
        ]
      },
      "id": "way/404591800"
    },
    {
      "type": "Feature",
      "properties": {
        "@id": "way/404591804",
        "highway": "footway",
        "lit": "yes",
        "surface": "sett"
      },
      "geometry": {
        "type": "LineString",
        "coordinates": [
          [
            19.9372458,
            50.0592305
          ],
          [
            19.9372489,
            50.0592552
          ]
        ]
      },
      "id": "way/404591804"
    },
    {
      "type": "Feature",
      "properties": {
        "@id": "way/404591810",
        "highway": "living_street",
        "lit": "yes",
        "maxspeed": "20",
        "motor_vehicle": "private",
        "noname": "yes",
        "surface": "sett"
      },
      "geometry": {
        "type": "LineString",
        "coordinates": [
          [
            19.9336054,
            50.0620224
          ],
          [
            19.9335894,
            50.0620041
          ],
          [
            19.9335788,
            50.0619919
          ]
        ]
      },
      "id": "way/404591810"
    },
    {
      "type": "Feature",
      "properties": {
        "@id": "way/404591814",
        "highway": "service",
        "lit": "yes",
        "service": "driveway",
        "surface": "sett"
      },
      "geometry": {
        "type": "LineString",
        "coordinates": [
          [
            19.9364668,
            50.059406
          ],
          [
            19.9364743,
            50.0594204
          ],
          [
            19.9364983,
            50.0594671
          ],
          [
            19.9365058,
            50.0594823
          ]
        ]
      },
      "id": "way/404591814"
    },
    {
      "type": "Feature",
      "properties": {
        "@id": "way/404610101",
        "highway": "footway",
        "lit": "yes",
        "surface": "sett"
      },
      "geometry": {
        "type": "LineString",
        "coordinates": [
          [
            19.9374549,
            50.0564269
          ],
          [
            19.9373987,
            50.0564333
          ]
        ]
      },
      "id": "way/404610101"
    },
    {
      "type": "Feature",
      "properties": {
        "@id": "way/404610102",
        "highway": "footway",
        "lit": "yes",
        "surface": "sett"
      },
      "geometry": {
        "type": "LineString",
        "coordinates": [
          [
            19.9373927,
            50.0562354
          ],
          [
            19.9373242,
            50.0562461
          ]
        ]
      },
      "id": "way/404610102"
    },
    {
      "type": "Feature",
      "properties": {
        "@id": "way/404610109",
        "footway": "crossing",
        "highway": "footway",
        "lit": "yes",
        "surface": "sett"
      },
      "geometry": {
        "type": "LineString",
        "coordinates": [
          [
            19.9402756,
            50.0524905
          ],
          [
            19.9402387,
            50.0524852
          ],
          [
            19.9402051,
            50.0524809
          ]
        ]
      },
      "id": "way/404610109"
    },
    {
      "type": "Feature",
      "properties": {
        "@id": "way/404610110",
        "crossing": "unmarked",
        "crossing:markings": "no",
        "footway": "crossing",
        "highway": "footway",
        "lit": "yes",
        "surface": "sett"
      },
      "geometry": {
        "type": "LineString",
        "coordinates": [
          [
            19.9346716,
            50.0553015
          ],
          [
            19.9346821,
            50.0552803
          ],
          [
            19.9346995,
            50.0552456
          ]
        ]
      },
      "id": "way/404610110"
    },
    {
      "type": "Feature",
      "properties": {
        "@id": "way/404610116",
        "crossing": "unmarked",
        "crossing:markings": "no",
        "footway": "crossing",
        "highway": "footway",
        "surface": "sett"
      },
      "geometry": {
        "type": "LineString",
        "coordinates": [
          [
            19.9339592,
            50.056934
          ],
          [
            19.9339431,
            50.0569657
          ],
          [
            19.9339281,
            50.0569954
          ]
        ]
      },
      "id": "way/404610116"
    },
    {
      "type": "Feature",
      "properties": {
        "@id": "way/404610119",
        "highway": "footway",
        "lit": "yes",
        "surface": "sett"
      },
      "geometry": {
        "type": "LineString",
        "coordinates": [
          [
            19.9387151,
            50.0542559
          ],
          [
            19.9386153,
            50.0542267
          ],
          [
            19.9386217,
            50.0541845
          ],
          [
            19.9387128,
            50.0541618
          ],
          [
            19.9388144,
            50.0541904
          ]
        ]
      },
      "id": "way/404610119"
    },
    {
      "type": "Feature",
      "properties": {
        "@id": "way/404633943",
        "highway": "cycleway",
        "lit": "yes",
        "surface": "sett"
      },
      "geometry": {
        "type": "LineString",
        "coordinates": [
          [
            19.9386424,
            50.0546517
          ],
          [
            19.9384983,
            50.0546428
          ]
        ]
      },
      "id": "way/404633943"
    },
    {
      "type": "Feature",
      "properties": {
        "@id": "way/404633946",
        "highway": "cycleway",
        "lit": "yes",
        "surface": "sett"
      },
      "geometry": {
        "type": "LineString",
        "coordinates": [
          [
            19.9388713,
            50.0543527
          ],
          [
            19.938951,
            50.0543908
          ]
        ]
      },
      "id": "way/404633946"
    },
    {
      "type": "Feature",
      "properties": {
        "@id": "way/404687467",
        "footway": "crossing",
        "highway": "footway",
        "lit": "yes",
        "surface": "sett"
      },
      "geometry": {
        "type": "LineString",
        "coordinates": [
          [
            19.9428278,
            50.0392898
          ],
          [
            19.9428122,
            50.0392502
          ],
          [
            19.9427976,
            50.0392132
          ]
        ]
      },
      "id": "way/404687467"
    },
    {
      "type": "Feature",
      "properties": {
        "@id": "way/404687472",
        "footway": "crossing",
        "highway": "footway",
        "lit": "yes",
        "surface": "sett"
      },
      "geometry": {
        "type": "LineString",
        "coordinates": [
          [
            19.9424458,
            50.0385358
          ],
          [
            19.9423975,
            50.0385477
          ],
          [
            19.9423297,
            50.0385644
          ]
        ]
      },
      "id": "way/404687472"
    },
    {
      "type": "Feature",
      "properties": {
        "@id": "way/404687475",
        "footway": "crossing",
        "highway": "footway",
        "lit": "yes",
        "surface": "sett"
      },
      "geometry": {
        "type": "LineString",
        "coordinates": [
          [
            19.9421333,
            50.0367666
          ],
          [
            19.9421353,
            50.0367902
          ],
          [
            19.9421375,
            50.0368186
          ]
        ]
      },
      "id": "way/404687475"
    },
    {
      "type": "Feature",
      "properties": {
        "@id": "way/404724872",
        "highway": "service",
        "surface": "sett"
      },
      "geometry": {
        "type": "LineString",
        "coordinates": [
          [
            20.0372793,
            50.0138573
          ],
          [
            20.0373023,
            50.013856
          ],
          [
            20.0373276,
            50.0138546
          ],
          [
            20.0373702,
            50.0138513
          ],
          [
            20.0376257,
            50.0138375
          ],
          [
            20.0377025,
            50.0138444
          ],
          [
            20.0377637,
            50.0138358
          ],
          [
            20.0378017,
            50.0138185
          ],
          [
            20.0378185,
            50.0137836
          ],
          [
            20.0380979,
            50.0131641
          ]
        ]
      },
      "id": "way/404724872"
    },
    {
      "type": "Feature",
      "properties": {
        "@id": "way/405372966",
        "highway": "service",
        "service": "driveway",
        "surface": "sett"
      },
      "geometry": {
        "type": "LineString",
        "coordinates": [
          [
            20.0420391,
            50.018694
          ],
          [
            20.0420086,
            50.0186663
          ],
          [
            20.0419945,
            50.0186546
          ]
        ]
      },
      "id": "way/405372966"
    },
    {
      "type": "Feature",
      "properties": {
        "@id": "way/406015869",
        "cycleway:both": "no",
        "highway": "residential",
        "lane_markings": "no",
        "maxspeed": "40",
        "maxspeed:type": "PL:zone40",
        "name": "Jeleniowa",
        "parking:lane:both": "no",
        "sidewalk": "no",
        "surface": "sett"
      },
      "geometry": {
        "type": "LineString",
        "coordinates": [
          [
            19.8688553,
            50.0611291
          ],
          [
            19.8690213,
            50.0610824
          ],
          [
            19.8691413,
            50.0610259
          ]
        ]
      },
      "id": "way/406015869"
    },
    {
      "type": "Feature",
      "properties": {
        "@id": "way/407388312",
        "highway": "service",
        "maxspeed": "30",
        "surface": "sett"
      },
      "geometry": {
        "type": "LineString",
        "coordinates": [
          [
            19.8683139,
            49.9966912
          ],
          [
            19.8677427,
            49.9966963
          ],
          [
            19.8677427,
            49.9963209
          ],
          [
            19.8687585,
            49.9964711
          ],
          [
            19.8693109,
            49.9964743
          ]
        ]
      },
      "id": "way/407388312"
    },
    {
      "type": "Feature",
      "properties": {
        "@id": "way/408467683",
        "highway": "footway",
        "lit": "yes",
        "surface": "sett"
      },
      "geometry": {
        "type": "LineString",
        "coordinates": [
          [
            19.9614697,
            50.0645353
          ],
          [
            19.9614586,
            50.0646843
          ],
          [
            19.9614958,
            50.0647121
          ],
          [
            19.9615246,
            50.0648984
          ],
          [
            19.961551,
            50.0652418
          ],
          [
            19.9615585,
            50.065299
          ],
          [
            19.9615903,
            50.0653035
          ],
          [
            19.9616272,
            50.0653088
          ],
          [
            19.9626151,
            50.0654479
          ],
          [
            19.962753,
            50.0645499
          ],
          [
            19.9628204,
            50.0645547
          ]
        ]
      },
      "id": "way/408467683"
    },
    {
      "type": "Feature",
      "properties": {
        "@id": "way/409033809",
        "bicycle": "yes",
        "covered": "yes",
        "highway": "pedestrian",
        "lit": "yes",
        "maxspeed": "20",
        "name": "Pijarska",
        "name:de": "Piaristengasse",
        "smoothness": "intermediate",
        "source:bicycle": "sign",
        "source:maxspeed": "PL:living_street",
        "surface": "sett"
      },
      "geometry": {
        "type": "LineString",
        "coordinates": [
          [
            19.9403092,
            50.064805
          ],
          [
            19.940369,
            50.0648095
          ]
        ]
      },
      "id": "way/409033809"
    },
    {
      "type": "Feature",
      "properties": {
        "@id": "way/409033811",
        "highway": "footway",
        "layer": "1",
        "lit": "yes",
        "surface": "sett"
      },
      "geometry": {
        "type": "LineString",
        "coordinates": [
          [
            19.9412802,
            50.0648594
          ],
          [
            19.9412851,
            50.0648721
          ]
        ]
      },
      "id": "way/409033811"
    },
    {
      "type": "Feature",
      "properties": {
        "@id": "way/409033814",
        "highway": "footway",
        "lit": "yes",
        "surface": "cobblestone"
      },
      "geometry": {
        "type": "LineString",
        "coordinates": [
          [
            19.9399541,
            50.0651111
          ],
          [
            19.94004,
            50.0650873
          ],
          [
            19.9403173,
            50.0650306
          ]
        ]
      },
      "id": "way/409033814"
    },
    {
      "type": "Feature",
      "properties": {
        "@id": "way/409051332",
        "highway": "footway",
        "lit": "yes",
        "surface": "sett"
      },
      "geometry": {
        "type": "LineString",
        "coordinates": [
          [
            19.9415801,
            50.0650973
          ],
          [
            19.9415151,
            50.0650273
          ],
          [
            19.9414585,
            50.0648858
          ],
          [
            19.941448,
            50.0648597
          ]
        ]
      },
      "id": "way/409051332"
    },
    {
      "type": "Feature",
      "properties": {
        "@id": "way/409051334",
        "highway": "footway",
        "lit": "yes",
        "smoothness": "intermediate",
        "surface": "sett",
        "tunnel": "building_passage"
      },
      "geometry": {
        "type": "LineString",
        "coordinates": [
          [
            19.941448,
            50.0648597
          ],
          [
            19.9414347,
            50.0648237
          ]
        ]
      },
      "id": "way/409051334"
    },
    {
      "type": "Feature",
      "properties": {
        "@id": "way/409056953",
        "highway": "footway",
        "lit": "yes",
        "noname": "yes",
        "smoothness": "good",
        "surface": "sett"
      },
      "geometry": {
        "type": "LineString",
        "coordinates": [
          [
            19.9413042,
            50.0657051
          ],
          [
            19.9413343,
            50.0656857
          ],
          [
            19.9413367,
            50.0656842
          ]
        ]
      },
      "id": "way/409056953"
    },
    {
      "type": "Feature",
      "properties": {
        "@id": "way/409056956",
        "access": "customers",
        "highway": "footway",
        "lit": "yes",
        "maxheight": "below_default",
        "noname": "yes",
        "smoothness": "intermediate",
        "surface": "sett",
        "tunnel": "building_passage"
      },
      "geometry": {
        "type": "LineString",
        "coordinates": [
          [
            19.9415432,
            50.0653015
          ],
          [
            19.9415504,
            50.0653157
          ]
        ]
      },
      "id": "way/409056956"
    },
    {
      "type": "Feature",
      "properties": {
        "@id": "way/414860799",
        "bicycle": "yes",
        "highway": "living_street",
        "lit": "yes",
        "maxspeed": "20",
        "motor_vehicle": "private",
        "name": "Jagiellońska",
        "name:be": "Ягелонская вуліца",
        "name:de": "Jagiellonengasse",
        "name:pl": "Jagiellońska",
        "oneway": "yes",
        "source:bicycle": "sign",
        "source:maxspeed": "PL:zone20",
        "surface": "sett"
      },
      "geometry": {
        "type": "LineString",
        "coordinates": [
          [
            19.9336966,
            50.061016
          ],
          [
            19.9336715,
            50.0609856
          ],
          [
            19.933292,
            50.0605253
          ],
          [
            19.9332765,
            50.0605065
          ],
          [
            19.9332711,
            50.060494
          ],
          [
            19.9332721,
            50.0604848
          ],
          [
            19.9332796,
            50.0604754
          ],
          [
            19.9332918,
            50.0604667
          ],
          [
            19.9333107,
            50.0604592
          ]
        ]
      },
      "id": "way/414860799"
    },
    {
      "type": "Feature",
      "properties": {
        "@id": "way/414860804",
        "highway": "footway",
        "lit": "yes",
        "surface": "sett"
      },
      "geometry": {
        "type": "LineString",
        "coordinates": [
          [
            19.9340637,
            50.0601377
          ],
          [
            19.9340417,
            50.0601154
          ]
        ]
      },
      "id": "way/414860804"
    },
    {
      "type": "Feature",
      "properties": {
        "@id": "way/414860807",
        "highway": "footway",
        "lit": "yes",
        "surface": "sett"
      },
      "geometry": {
        "type": "LineString",
        "coordinates": [
          [
            19.9337134,
            50.0609823
          ],
          [
            19.9337077,
            50.0609749
          ],
          [
            19.9333795,
            50.0605525
          ],
          [
            19.9333458,
            50.0605067
          ],
          [
            19.9333107,
            50.0604592
          ],
          [
            19.9332863,
            50.0604286
          ]
        ]
      },
      "id": "way/414860807"
    },
    {
      "type": "Feature",
      "properties": {
        "@id": "way/414860808",
        "highway": "footway",
        "lit": "yes",
        "surface": "unhewn_cobblestone"
      },
      "geometry": {
        "type": "LineString",
        "coordinates": [
          [
            19.9340278,
            50.0601015
          ],
          [
            19.9339936,
            50.0600675
          ]
        ]
      },
      "id": "way/414860808"
    },
    {
      "type": "Feature",
      "properties": {
        "@id": "way/414860814",
        "highway": "footway",
        "lit": "yes",
        "surface": "sett"
      },
      "geometry": {
        "type": "LineString",
        "coordinates": [
          [
            19.933185,
            50.0604706
          ],
          [
            19.9332024,
            50.0604883
          ],
          [
            19.9332487,
            50.0605404
          ],
          [
            19.9336153,
            50.0610019
          ],
          [
            19.9336222,
            50.0610104
          ]
        ]
      },
      "id": "way/414860814"
    },
    {
      "type": "Feature",
      "properties": {
        "@id": "way/415287200",
        "crossing": "uncontrolled",
        "footway": "crossing",
        "highway": "footway",
        "lit": "yes",
        "surface": "sett"
      },
      "geometry": {
        "type": "LineString",
        "coordinates": [
          [
            19.9291863,
            50.0669527
          ],
          [
            19.9292095,
            50.0669059
          ],
          [
            19.9292354,
            50.0668528
          ]
        ]
      },
      "id": "way/415287200"
    },
    {
      "type": "Feature",
      "properties": {
        "@id": "way/415287201",
        "crossing": "uncontrolled",
        "footway": "crossing",
        "highway": "footway",
        "lit": "yes",
        "surface": "sett"
      },
      "geometry": {
        "type": "LineString",
        "coordinates": [
          [
            19.9289866,
            50.0667728
          ],
          [
            19.9290308,
            50.0667398
          ],
          [
            19.9290797,
            50.0667032
          ]
        ]
      },
      "id": "way/415287201"
    },
    {
      "type": "Feature",
      "properties": {
        "@id": "way/415287202",
        "footway": "crossing",
        "highway": "footway",
        "lit": "yes",
        "smoothness": "good",
        "surface": "sett"
      },
      "geometry": {
        "type": "LineString",
        "coordinates": [
          [
            19.9283724,
            50.0673281
          ],
          [
            19.9283257,
            50.0673692
          ],
          [
            19.9282847,
            50.0674064
          ]
        ]
      },
      "id": "way/415287202"
    },
    {
      "type": "Feature",
      "properties": {
        "@id": "way/415287204",
        "footway": "crossing",
        "highway": "footway",
        "lit": "yes",
        "surface": "sett"
      },
      "geometry": {
        "type": "LineString",
        "coordinates": [
          [
            19.9284426,
            50.0675194
          ],
          [
            19.9285196,
            50.0674617
          ],
          [
            19.9285711,
            50.0674231
          ]
        ]
      },
      "id": "way/415287204"
    },
    {
      "type": "Feature",
      "properties": {
        "@id": "way/416476017",
        "highway": "service",
        "name": "Jacka Malczewskiego",
        "service": "driveway",
        "surface": "sett",
        "vehicle": "destination"
      },
      "geometry": {
        "type": "LineString",
        "coordinates": [
          [
            19.9014956,
            50.0541296
          ],
          [
            19.9014066,
            50.054109
          ],
          [
            19.9012844,
            50.0540747
          ]
        ]
      },
      "id": "way/416476017"
    },
    {
      "type": "Feature",
      "properties": {
        "@id": "way/416758250",
        "crossing": "marked",
        "footway": "crossing",
        "highway": "footway",
        "lit": "yes",
        "surface": "sett",
        "traffic_calming": "table"
      },
      "geometry": {
        "type": "LineString",
        "coordinates": [
          [
            19.9496255,
            50.0436511
          ],
          [
            19.9495829,
            50.0437172
          ],
          [
            19.9495528,
            50.0437645
          ]
        ]
      },
      "id": "way/416758250"
    },
    {
      "type": "Feature",
      "properties": {
        "@id": "way/417865204",
        "access": "customers",
        "highway": "footway",
        "surface": "sett"
      },
      "geometry": {
        "type": "LineString",
        "coordinates": [
          [
            19.8931571,
            50.0549055
          ],
          [
            19.8931694,
            50.054875
          ],
          [
            19.8931954,
            50.0548479
          ],
          [
            19.8932331,
            50.0548272
          ],
          [
            19.8932791,
            50.054815
          ],
          [
            19.8933301,
            50.0548084
          ],
          [
            19.8933812,
            50.0548158
          ],
          [
            19.893422,
            50.054832
          ],
          [
            19.8934609,
            50.0548591
          ],
          [
            19.8934798,
            50.0548878
          ],
          [
            19.8934834,
            50.0549225
          ]
        ]
      },
      "id": "way/417865204"
    },
    {
      "type": "Feature",
      "properties": {
        "@id": "way/418307253",
        "highway": "footway",
        "lit": "yes",
        "surface": "sett"
      },
      "geometry": {
        "type": "LineString",
        "coordinates": [
          [
            19.9330717,
            50.0586801
          ],
          [
            19.9330428,
            50.0586682
          ]
        ]
      },
      "id": "way/418307253"
    },
    {
      "type": "Feature",
      "properties": {
        "@id": "way/418307256",
        "footway": "crossing",
        "highway": "footway",
        "surface": "sett"
      },
      "geometry": {
        "type": "LineString",
        "coordinates": [
          [
            19.9308953,
            50.057671
          ],
          [
            19.9308635,
            50.0576979
          ],
          [
            19.9308492,
            50.05771
          ],
          [
            19.9308394,
            50.0577184
          ],
          [
            19.9308007,
            50.0577513
          ]
        ]
      },
      "id": "way/418307256"
    },
    {
      "type": "Feature",
      "properties": {
        "@id": "way/418307260",
        "crossing": "unmarked",
        "crossing:markings": "no",
        "footway": "crossing",
        "highway": "footway",
        "surface": "sett"
      },
      "geometry": {
        "type": "LineString",
        "coordinates": [
          [
            19.9324009,
            50.0567614
          ],
          [
            19.9323809,
            50.056743
          ],
          [
            19.9323619,
            50.0567256
          ]
        ]
      },
      "id": "way/418307260"
    },
    {
      "type": "Feature",
      "properties": {
        "@id": "way/418325296",
        "highway": "footway",
        "lit": "yes",
        "surface": "sett"
      },
      "geometry": {
        "type": "LineString",
        "coordinates": [
          [
            19.9258665,
            50.0592948
          ],
          [
            19.9258505,
            50.0593336
          ],
          [
            19.9258422,
            50.059393
          ]
        ]
      },
      "id": "way/418325296"
    },
    {
      "type": "Feature",
      "properties": {
        "@id": "way/420591895",
        "highway": "footway",
        "surface": "sett"
      },
      "geometry": {
        "type": "LineString",
        "coordinates": [
          [
            19.9494153,
            50.0650708
          ],
          [
            19.9494484,
            50.0651934
          ]
        ]
      },
      "id": "way/420591895"
    },
    {
      "type": "Feature",
      "properties": {
        "@id": "way/420896090",
        "footway": "crossing",
        "highway": "footway",
        "lit": "yes",
        "surface": "sett"
      },
      "geometry": {
        "type": "LineString",
        "coordinates": [
          [
            19.9490923,
            50.0519528
          ],
          [
            19.9491058,
            50.0519172
          ],
          [
            19.9491224,
            50.0518766
          ]
        ]
      },
      "id": "way/420896090"
    },
    {
      "type": "Feature",
      "properties": {
        "@id": "way/422382999",
        "highway": "service",
        "service": "driveway",
        "surface": "sett"
      },
      "geometry": {
        "type": "LineString",
        "coordinates": [
          [
            19.9176916,
            50.0910551
          ],
          [
            19.9173199,
            50.0915626
          ]
        ]
      },
      "id": "way/422382999"
    },
    {
      "type": "Feature",
      "properties": {
        "@id": "way/429006782",
        "handrail": "no",
        "highway": "steps",
        "incline": "down",
        "lit": "no",
        "ramp": "no",
        "step_count": "10",
        "surface": "sett",
        "tactile_paving": "no"
      },
      "geometry": {
        "type": "LineString",
        "coordinates": [
          [
            19.8616688,
            50.0588212
          ],
          [
            19.861659,
            50.0588785
          ]
        ]
      },
      "id": "way/429006782"
    },
    {
      "type": "Feature",
      "properties": {
        "@id": "way/429377551",
        "highway": "pedestrian",
        "surface": "sett"
      },
      "geometry": {
        "type": "LineString",
        "coordinates": [
          [
            19.937615,
            50.0125358
          ],
          [
            19.9376017,
            50.0125629
          ],
          [
            19.9375937,
            50.0125852
          ],
          [
            19.9375379,
            50.0127551
          ],
          [
            19.9375186,
            50.0127999
          ],
          [
            19.9374843,
            50.012871
          ],
          [
            19.9374553,
            50.0129274
          ],
          [
            19.9374153,
            50.0129865
          ],
          [
            19.937368,
            50.0130474
          ],
          [
            19.9373103,
            50.0131123
          ],
          [
            19.9372559,
            50.0131663
          ],
          [
            19.9371961,
            50.0132231
          ],
          [
            19.9371558,
            50.0132541
          ],
          [
            19.937095,
            50.0133018
          ],
          [
            19.9367786,
            50.0135229
          ]
        ]
      },
      "id": "way/429377551"
    },
    {
      "type": "Feature",
      "properties": {
        "@id": "way/429402057",
        "highway": "footway",
        "surface": "sett"
      },
      "geometry": {
        "type": "LineString",
        "coordinates": [
          [
            19.9355933,
            50.0132571
          ],
          [
            19.9360568,
            50.0135341
          ],
          [
            19.9360717,
            50.013543
          ]
        ]
      },
      "id": "way/429402057"
    },
    {
      "type": "Feature",
      "properties": {
        "@id": "way/429972243",
        "highway": "footway",
        "lit": "yes",
        "surface": "sett"
      },
      "geometry": {
        "type": "LineString",
        "coordinates": [
          [
            19.9440311,
            50.0714897
          ],
          [
            19.9441307,
            50.0714591
          ]
        ]
      },
      "id": "way/429972243"
    },
    {
      "type": "Feature",
      "properties": {
        "@id": "way/444788874",
        "bicycle": "no",
        "highway": "pedestrian",
        "lit": "yes",
        "noname": "yes",
        "source": "gps",
        "surface": "sett",
        "vehicle": "private"
      },
      "geometry": {
        "type": "LineString",
        "coordinates": [
          [
            19.9341876,
            50.0536926
          ],
          [
            19.9346782,
            50.0534788
          ],
          [
            19.9347412,
            50.0534455
          ],
          [
            19.9347824,
            50.0534193
          ],
          [
            19.9348318,
            50.0533765
          ],
          [
            19.934859,
            50.053353
          ],
          [
            19.9349076,
            50.0533213
          ],
          [
            19.9349607,
            50.0532991
          ],
          [
            19.9349814,
            50.0532933
          ],
          [
            19.9350236,
            50.0532816
          ],
          [
            19.9351489,
            50.0532576
          ],
          [
            19.9353147,
            50.0532044
          ]
        ]
      },
      "id": "way/444788874"
    },
    {
      "type": "Feature",
      "properties": {
        "@id": "way/448570458",
        "highway": "service",
        "surface": "sett",
        "vehicle": "private"
      },
      "geometry": {
        "type": "LineString",
        "coordinates": [
          [
            19.9282381,
            50.0007927
          ],
          [
            19.9284899,
            50.0008683
          ],
          [
            19.9300758,
            50.0016413
          ]
        ]
      },
      "id": "way/448570458"
    },
    {
      "type": "Feature",
      "properties": {
        "@id": "way/451121146",
        "cycleway:both": "no",
        "highway": "residential",
        "lanes": "1",
        "lit": "yes",
        "maxspeed": "30",
        "name": "Rynek Podgórski",
        "oneway": "yes",
        "sidewalk": "separate",
        "source:maxspeed": "PL:zone30",
        "source:oneway:bicycle": "T-22",
        "surface": "sett",
        "width": "8"
      },
      "geometry": {
        "type": "LineString",
        "coordinates": [
          [
            19.9495004,
            50.043692
          ],
          [
            19.9495829,
            50.0437172
          ],
          [
            19.9496659,
            50.0437415
          ]
        ]
      },
      "id": "way/451121146"
    },
    {
      "type": "Feature",
      "properties": {
        "@id": "way/456684425",
        "highway": "residential",
        "name": "Erazma i Stanisława Fabijańskich",
        "surface": "sett"
      },
      "geometry": {
        "type": "LineString",
        "coordinates": [
          [
            19.8921966,
            50.0599761
          ],
          [
            19.8923062,
            50.0599639
          ],
          [
            19.8924073,
            50.0600015
          ],
          [
            19.8925339,
            50.0600525
          ],
          [
            19.8925913,
            50.0600854
          ],
          [
            19.8926329,
            50.0601225
          ],
          [
            19.892665,
            50.0601689
          ],
          [
            19.8926629,
            50.0602307
          ],
          [
            19.8926421,
            50.0602828
          ],
          [
            19.8925692,
            50.0603919
          ],
          [
            19.8924371,
            50.0605678
          ],
          [
            19.8924139,
            50.0606238
          ],
          [
            19.8924222,
            50.0606686
          ]
        ]
      },
      "id": "way/456684425"
    },
    {
      "type": "Feature",
      "properties": {
        "@id": "way/478206808",
        "highway": "service",
        "service": "driveway",
        "surface": "sett",
        "tracktype": "grade1"
      },
      "geometry": {
        "type": "LineString",
        "coordinates": [
          [
            19.871007,
            50.0550935
          ],
          [
            19.8709217,
            50.0549543
          ],
          [
            19.8706086,
            50.0547684
          ],
          [
            19.8702887,
            50.0546616
          ],
          [
            19.8700259,
            50.054597
          ],
          [
            19.869873,
            50.0545583
          ]
        ]
      },
      "id": "way/478206808"
    },
    {
      "type": "Feature",
      "properties": {
        "@id": "way/493028462",
        "access": "customers",
        "bicycle": "no",
        "highway": "footway",
        "smoothness": "bad",
        "surface": "sett"
      },
      "geometry": {
        "type": "LineString",
        "coordinates": [
          [
            19.9981146,
            50.0686597
          ],
          [
            19.9979147,
            50.0685827
          ]
        ]
      },
      "id": "way/493028462"
    },
    {
      "type": "Feature",
      "properties": {
        "@id": "way/495251785",
        "highway": "service",
        "service": "parking_aisle",
        "surface": "sett"
      },
      "geometry": {
        "type": "LineString",
        "coordinates": [
          [
            20.0036355,
            50.0147404
          ],
          [
            20.0040241,
            50.0146349
          ]
        ]
      },
      "id": "way/495251785"
    },
    {
      "type": "Feature",
      "properties": {
        "@id": "way/495251787",
        "highway": "service",
        "service": "parking_aisle",
        "surface": "sett"
      },
      "geometry": {
        "type": "LineString",
        "coordinates": [
          [
            20.0038825,
            50.0147926
          ],
          [
            20.0039746,
            50.0149191
          ]
        ]
      },
      "id": "way/495251787"
    },
    {
      "type": "Feature",
      "properties": {
        "@id": "way/501242041",
        "highway": "track",
        "surface": "sett",
        "tracktype": "grade1"
      },
      "geometry": {
        "type": "LineString",
        "coordinates": [
          [
            19.8259497,
            50.0512808
          ],
          [
            19.8256264,
            50.051274
          ]
        ]
      },
      "id": "way/501242041"
    },
    {
      "type": "Feature",
      "properties": {
        "@id": "way/501617627",
        "highway": "footway",
        "lit": "yes",
        "surface": "sett",
        "tunnel": "building_passage"
      },
      "geometry": {
        "type": "LineString",
        "coordinates": [
          [
            19.9319646,
            50.0642604
          ],
          [
            19.9317985,
            50.0641991
          ]
        ]
      },
      "id": "way/501617627"
    },
    {
      "type": "Feature",
      "properties": {
        "@id": "way/501617632",
        "highway": "footway",
        "lit": "yes",
        "surface": "sett"
      },
      "geometry": {
        "type": "LineString",
        "coordinates": [
          [
            19.9319836,
            50.0642694
          ],
          [
            19.9319646,
            50.0642604
          ]
        ]
      },
      "id": "way/501617632"
    },
    {
      "type": "Feature",
      "properties": {
        "@id": "way/504838292",
        "highway": "footway",
        "lit": "yes",
        "smoothness": "intermediate",
        "surface": "sett"
      },
      "geometry": {
        "type": "LineString",
        "coordinates": [
          [
            19.9364054,
            50.055353
          ],
          [
            19.9364161,
            50.0553341
          ],
          [
            19.9364267,
            50.0553152
          ]
        ]
      },
      "id": "way/504838292"
    },
    {
      "type": "Feature",
      "properties": {
        "@id": "way/506297120",
        "highway": "service",
        "service": "driveway",
        "surface": "sett"
      },
      "geometry": {
        "type": "LineString",
        "coordinates": [
          [
            19.8921348,
            50.0731483
          ],
          [
            19.8921164,
            50.0730958
          ],
          [
            19.8920517,
            50.07292
          ]
        ]
      },
      "id": "way/506297120"
    },
    {
      "type": "Feature",
      "properties": {
        "@id": "way/513395750",
        "highway": "service",
        "lanes": "2",
        "smoothness": "intermediate",
        "surface": "sett"
      },
      "geometry": {
        "type": "LineString",
        "coordinates": [
          [
            19.9095898,
            50.0664469
          ],
          [
            19.9095756,
            50.0663932
          ],
          [
            19.9095747,
            50.0663766
          ],
          [
            19.9095803,
            50.0663601
          ],
          [
            19.909592,
            50.0663398
          ],
          [
            19.9097073,
            50.0662161
          ],
          [
            19.9097273,
            50.0662013
          ],
          [
            19.9097472,
            50.0661927
          ],
          [
            19.9097737,
            50.0661857
          ],
          [
            19.9103412,
            50.0660992
          ],
          [
            19.9103801,
            50.0660955
          ],
          [
            19.9104146,
            50.0660969
          ],
          [
            19.9104479,
            50.0661023
          ],
          [
            19.9105791,
            50.0661514
          ],
          [
            19.910634,
            50.0661781
          ],
          [
            19.9106769,
            50.0662012
          ],
          [
            19.9107057,
            50.0662209
          ],
          [
            19.910766,
            50.0662657
          ]
        ]
      },
      "id": "way/513395750"
    },
    {
      "type": "Feature",
      "properties": {
        "@id": "way/536200287",
        "highway": "service",
        "surface": "sett"
      },
      "geometry": {
        "type": "LineString",
        "coordinates": [
          [
            19.9398318,
            50.0877639
          ],
          [
            19.9398233,
            50.0877727
          ],
          [
            19.9398175,
            50.087782
          ],
          [
            19.9398151,
            50.0877972
          ],
          [
            19.9398153,
            50.0878129
          ]
        ]
      },
      "id": "way/536200287"
    },
    {
      "type": "Feature",
      "properties": {
        "@id": "way/536371129",
        "highway": "service",
        "motor_vehicle": "private",
        "oneway": "no",
        "service": "parking_aisle",
        "surface": "sett"
      },
      "geometry": {
        "type": "LineString",
        "coordinates": [
          [
            19.950252,
            50.0582746
          ],
          [
            19.9501829,
            50.0582997
          ],
          [
            19.9500919,
            50.0583273
          ],
          [
            19.9499568,
            50.0583646
          ],
          [
            19.9499201,
            50.0583739
          ],
          [
            19.9498582,
            50.0583863
          ],
          [
            19.9497938,
            50.0583982
          ],
          [
            19.9497393,
            50.0584065
          ],
          [
            19.9496796,
            50.0584141
          ],
          [
            19.9496057,
            50.0584217
          ],
          [
            19.9495402,
            50.0584264
          ],
          [
            19.9495123,
            50.0584281
          ]
        ]
      },
      "id": "way/536371129"
    },
    {
      "type": "Feature",
      "properties": {
        "@id": "way/540401750",
        "highway": "service",
        "service": "parking_aisle",
        "surface": "cobblestone"
      },
      "geometry": {
        "type": "LineString",
        "coordinates": [
          [
            19.9712155,
            50.0671215
          ],
          [
            19.9712166,
            50.0670871
          ],
          [
            19.9712172,
            50.0670667
          ]
        ]
      },
      "id": "way/540401750"
    },
    {
      "type": "Feature",
      "properties": {
        "@id": "way/543003678",
        "highway": "living_street",
        "maxspeed": "20",
        "name": "Malachitowa",
        "source:maxspeed": "PL:living_street",
        "surface": "sett"
      },
      "geometry": {
        "type": "LineString",
        "coordinates": [
          [
            20.0553186,
            50.0199786
          ],
          [
            20.0552317,
            50.0199818
          ],
          [
            20.0551259,
            50.0199856
          ]
        ]
      },
      "id": "way/543003678"
    },
    {
      "type": "Feature",
      "properties": {
        "@id": "way/543003679",
        "highway": "living_street",
        "maxspeed": "20",
        "name": "Malachitowa",
        "source:maxspeed": "PL:living_street",
        "surface": "sett"
      },
      "geometry": {
        "type": "LineString",
        "coordinates": [
          [
            20.0547772,
            50.0190145
          ],
          [
            20.05486,
            50.0190106
          ],
          [
            20.0551046,
            50.0190031
          ]
        ]
      },
      "id": "way/543003679"
    },
    {
      "type": "Feature",
      "properties": {
        "@id": "way/543048081",
        "highway": "living_street",
        "maxspeed": "20",
        "name": "Malachitowa",
        "source:maxspeed": "PL:living_street",
        "surface": "sett"
      },
      "geometry": {
        "type": "LineString",
        "coordinates": [
          [
            20.0541936,
            50.0190345
          ],
          [
            20.0543349,
            50.0190297
          ],
          [
            20.0547772,
            50.0190145
          ]
        ]
      },
      "id": "way/543048081"
    },
    {
      "type": "Feature",
      "properties": {
        "@id": "way/548990618",
        "crossing": "uncontrolled",
        "footway": "crossing",
        "highway": "footway",
        "lit": "yes",
        "surface": "sett"
      },
      "geometry": {
        "type": "LineString",
        "coordinates": [
          [
            19.9273752,
            50.0684837
          ],
          [
            19.9274234,
            50.0684474
          ],
          [
            19.9274541,
            50.0684207
          ]
        ]
      },
      "id": "way/548990618"
    },
    {
      "type": "Feature",
      "properties": {
        "@id": "way/549162768",
        "highway": "footway",
        "lit": "yes",
        "surface": "sett"
      },
      "geometry": {
        "type": "LineString",
        "coordinates": [
          [
            19.9354483,
            50.0603159
          ],
          [
            19.935459,
            50.0603275
          ]
        ]
      },
      "id": "way/549162768"
    },
    {
      "type": "Feature",
      "properties": {
        "@id": "way/549162774",
        "highway": "service",
        "service": "driveway",
        "surface": "sett"
      },
      "geometry": {
        "type": "LineString",
        "coordinates": [
          [
            19.9361188,
            50.0556094
          ],
          [
            19.9361026,
            50.0555764
          ],
          [
            19.9360684,
            50.055505
          ]
        ]
      },
      "id": "way/549162774"
    },
    {
      "type": "Feature",
      "properties": {
        "@id": "way/562871680",
        "highway": "footway",
        "lit": "yes",
        "surface": "sett"
      },
      "geometry": {
        "type": "LineString",
        "coordinates": [
          [
            19.9561703,
            50.0551162
          ],
          [
            19.9574736,
            50.054924
          ],
          [
            19.9575376,
            50.0549145
          ],
          [
            19.9575988,
            50.0549055
          ],
          [
            19.9584214,
            50.0547842
          ]
        ]
      },
      "id": "way/562871680"
    },
    {
      "type": "Feature",
      "properties": {
        "@id": "way/577466661",
        "highway": "service",
        "service": "parking_aisle",
        "surface": "sett"
      },
      "geometry": {
        "type": "LineString",
        "coordinates": [
          [
            19.947124,
            50.0454298
          ],
          [
            19.9471821,
            50.0454868
          ],
          [
            19.9473231,
            50.0455617
          ],
          [
            19.9475099,
            50.045386
          ]
        ]
      },
      "id": "way/577466661"
    },
    {
      "type": "Feature",
      "properties": {
        "@id": "way/577466665",
        "highway": "footway",
        "lit": "yes",
        "surface": "sett"
      },
      "geometry": {
        "type": "LineString",
        "coordinates": [
          [
            19.9471821,
            50.0454868
          ],
          [
            19.9470681,
            50.0455768
          ]
        ]
      },
      "id": "way/577466665"
    },
    {
      "type": "Feature",
      "properties": {
        "@id": "way/577762722",
        "access": "customers",
        "bicycle": "no",
        "highway": "footway",
        "smoothness": "bad",
        "surface": "sett"
      },
      "geometry": {
        "type": "LineString",
        "coordinates": [
          [
            19.9967463,
            50.0691784
          ],
          [
            19.9965629,
            50.0691785
          ],
          [
            19.9965192,
            50.0691818
          ],
          [
            19.9964504,
            50.0691994
          ],
          [
            19.9963791,
            50.06924
          ]
        ]
      },
      "id": "way/577762722"
    },
    {
      "type": "Feature",
      "properties": {
        "@id": "way/577762725",
        "access": "customers",
        "bicycle": "no",
        "highway": "footway",
        "smoothness": "bad",
        "surface": "sett"
      },
      "geometry": {
        "type": "LineString",
        "coordinates": [
          [
            19.9969619,
            50.06857
          ],
          [
            19.9969125,
            50.0685682
          ],
          [
            19.9968244,
            50.0686136
          ]
        ]
      },
      "id": "way/577762725"
    },
    {
      "type": "Feature",
      "properties": {
        "@id": "way/577762732",
        "access": "customers",
        "bicycle": "no",
        "highway": "footway",
        "smoothness": "bad",
        "surface": "sett"
      },
      "geometry": {
        "type": "LineString",
        "coordinates": [
          [
            19.9967887,
            50.0690248
          ],
          [
            19.9965702,
            50.0690341
          ]
        ]
      },
      "id": "way/577762732"
    },
    {
      "type": "Feature",
      "properties": {
        "@id": "way/577793337",
        "access": "permissive",
        "bicycle": "yes",
        "goods": "delivery",
        "highway": "living_street",
        "horse": "yes",
        "lit": "yes",
        "maxspeed": "20",
        "motor_vehicle": "private",
        "name": "Świętego Marka",
        "name:be": "вуліца Святога Марка",
        "name:de": "Markusgasse",
        "name:pl": "Świętego Marka",
        "oneway": "yes",
        "psv": "yes",
        "source:maxspeed": "PL:living_street",
        "surface": "sett",
        "taxi": "yes"
      },
      "geometry": {
        "type": "LineString",
        "coordinates": [
          [
            19.9437889,
            50.0625797
          ],
          [
            19.9437712,
            50.0625477
          ],
          [
            19.9435606,
            50.0621675
          ],
          [
            19.9433822,
            50.0619507
          ],
          [
            19.9433815,
            50.0618603
          ],
          [
            19.9433803,
            50.0618415
          ],
          [
            19.9433763,
            50.0618266
          ],
          [
            19.9433675,
            50.061813
          ],
          [
            19.9433448,
            50.0617919
          ]
        ]
      },
      "id": "way/577793337"
    },
    {
      "type": "Feature",
      "properties": {
        "@id": "way/586201246",
        "footway": "sidewalk",
        "highway": "footway",
        "lit": "yes",
        "smoothness": "intermediate",
        "surface": "sett"
      },
      "geometry": {
        "type": "LineString",
        "coordinates": [
          [
            19.9376427,
            50.066157
          ],
          [
            19.9363428,
            50.0661172
          ],
          [
            19.9362807,
            50.0661135
          ],
          [
            19.9362249,
            50.0661077
          ],
          [
            19.9361819,
            50.0661009
          ],
          [
            19.9361103,
            50.066083
          ],
          [
            19.9360552,
            50.0660615
          ],
          [
            19.9360063,
            50.0660356
          ],
          [
            19.9359732,
            50.0660164
          ],
          [
            19.9359408,
            50.0659916
          ],
          [
            19.9354239,
            50.06554
          ]
        ]
      },
      "id": "way/586201246"
    },
    {
      "type": "Feature",
      "properties": {
        "@id": "way/586817080",
        "highway": "service",
        "lit": "yes",
        "maxheight": "3",
        "motor_vehicle": "private",
        "service": "driveway",
        "surface": "sett",
        "tunnel": "building_passage",
        "width": "2.5"
      },
      "geometry": {
        "type": "LineString",
        "coordinates": [
          [
            19.9360451,
            50.0629734
          ],
          [
            19.935994,
            50.0629229
          ]
        ]
      },
      "id": "way/586817080"
    },
    {
      "type": "Feature",
      "properties": {
        "@id": "way/586817081",
        "highway": "service",
        "lit": "yes",
        "oneway": "no",
        "service": "driveway",
        "surface": "sett",
        "width": "2.5"
      },
      "geometry": {
        "type": "LineString",
        "coordinates": [
          [
            19.9361631,
            50.0630963
          ],
          [
            19.9361221,
            50.0630555
          ],
          [
            19.9361079,
            50.0630413
          ]
        ]
      },
      "id": "way/586817081"
    },
    {
      "type": "Feature",
      "properties": {
        "@id": "way/586817082",
        "highway": "service",
        "lit": "yes",
        "maxheight": "3",
        "motor_vehicle": "private",
        "oneway": "no",
        "service": "driveway",
        "surface": "sett",
        "tunnel": "building_passage",
        "width": "2.5"
      },
      "geometry": {
        "type": "LineString",
        "coordinates": [
          [
            19.9361079,
            50.0630413
          ],
          [
            19.9360451,
            50.0629734
          ]
        ]
      },
      "id": "way/586817082"
    },
    {
      "type": "Feature",
      "properties": {
        "@id": "way/592270653",
        "highway": "footway",
        "surface": "sett"
      },
      "geometry": {
        "type": "LineString",
        "coordinates": [
          [
            19.9503052,
            50.0640842
          ],
          [
            19.9502959,
            50.0640809
          ],
          [
            19.9502847,
            50.0640793
          ],
          [
            19.9499683,
            50.0640525
          ],
          [
            19.9498559,
            50.064043
          ],
          [
            19.9498394,
            50.0640416
          ]
        ]
      },
      "id": "way/592270653"
    },
    {
      "type": "Feature",
      "properties": {
        "@id": "way/592270654",
        "highway": "service",
        "surface": "sett"
      },
      "geometry": {
        "type": "LineString",
        "coordinates": [
          [
            19.9503977,
            50.0640373
          ],
          [
            19.9503353,
            50.0640265
          ],
          [
            19.9502751,
            50.0640181
          ],
          [
            19.950231,
            50.0640125
          ],
          [
            19.9501112,
            50.0639999
          ],
          [
            19.949803,
            50.0639703
          ]
        ]
      },
      "id": "way/592270654"
    },
    {
      "type": "Feature",
      "properties": {
        "@id": "way/592272292",
        "highway": "service",
        "surface": "sett"
      },
      "geometry": {
        "type": "LineString",
        "coordinates": [
          [
            19.9489718,
            50.0638966
          ],
          [
            19.9484108,
            50.0638479
          ],
          [
            19.9479326,
            50.0638151
          ],
          [
            19.9478485,
            50.0641838
          ],
          [
            19.947858,
            50.0643684
          ],
          [
            19.9478721,
            50.0646854
          ]
        ]
      },
      "id": "way/592272292"
    },
    {
      "type": "Feature",
      "properties": {
        "@id": "way/595318766",
        "footway": "crossing",
        "highway": "footway",
        "lit": "yes",
        "smoothness": "good",
        "surface": "sett"
      },
      "geometry": {
        "type": "LineString",
        "coordinates": [
          [
            19.9375744,
            50.0675971
          ],
          [
            19.9375921,
            50.0675691
          ],
          [
            19.9376024,
            50.0675515
          ]
        ]
      },
      "id": "way/595318766"
    },
    {
      "type": "Feature",
      "properties": {
        "@id": "way/595318771",
        "footway": "crossing",
        "highway": "footway",
        "lit": "yes",
        "surface": "sett"
      },
      "geometry": {
        "type": "LineString",
        "coordinates": [
          [
            19.9374141,
            50.0678601
          ],
          [
            19.9374329,
            50.0678278
          ],
          [
            19.9374459,
            50.0678061
          ]
        ]
      },
      "id": "way/595318771"
    },
    {
      "type": "Feature",
      "properties": {
        "@id": "way/595318776",
        "footway": "sidewalk",
        "highway": "footway",
        "lit": "yes",
        "surface": "sett"
      },
      "geometry": {
        "type": "LineString",
        "coordinates": [
          [
            19.9359646,
            50.0673795
          ],
          [
            19.935992,
            50.0673821
          ],
          [
            19.9360919,
            50.067392
          ],
          [
            19.9376091,
            50.0675438
          ]
        ]
      },
      "id": "way/595318776"
    },
    {
      "type": "Feature",
      "properties": {
        "@id": "way/595318779",
        "footway": "sidewalk",
        "highway": "footway",
        "lit": "yes",
        "surface": "sett"
      },
      "geometry": {
        "type": "LineString",
        "coordinates": [
          [
            19.9374141,
            50.0678601
          ],
          [
            19.9371448,
            50.0678244
          ],
          [
            19.9362041,
            50.0676951
          ],
          [
            19.9360001,
            50.067668
          ],
          [
            19.9356804,
            50.0676257
          ],
          [
            19.9349565,
            50.0675306
          ],
          [
            19.9347943,
            50.0675074
          ],
          [
            19.934772,
            50.067503
          ],
          [
            19.9347552,
            50.067497
          ],
          [
            19.9347366,
            50.0674882
          ],
          [
            19.9346508,
            50.0674339
          ],
          [
            19.9346327,
            50.0674243
          ],
          [
            19.934611,
            50.0674166
          ],
          [
            19.9345867,
            50.0674109
          ],
          [
            19.9345675,
            50.0674086
          ],
          [
            19.9340345,
            50.0673447
          ]
        ]
      },
      "id": "way/595318779"
    },
    {
      "type": "Feature",
      "properties": {
        "@id": "way/595318782",
        "footway": "sidewalk",
        "highway": "footway",
        "lit": "yes",
        "smoothness": "good",
        "surface": "sett"
      },
      "geometry": {
        "type": "LineString",
        "coordinates": [
          [
            19.9375744,
            50.0675971
          ],
          [
            19.9375699,
            50.0676045
          ],
          [
            19.9374521,
            50.067796
          ],
          [
            19.9374459,
            50.0678061
          ]
        ]
      },
      "id": "way/595318782"
    },
    {
      "type": "Feature",
      "properties": {
        "@id": "way/595318786",
        "highway": "footway",
        "lit": "yes",
        "surface": "sett"
      },
      "geometry": {
        "type": "LineString",
        "coordinates": [
          [
            19.9371645,
            50.0677692
          ],
          [
            19.9371584,
            50.0677852
          ],
          [
            19.9371448,
            50.0678244
          ],
          [
            19.9371389,
            50.0678409
          ]
        ]
      },
      "id": "way/595318786"
    },
    {
      "type": "Feature",
      "properties": {
        "@id": "way/599581612",
        "highway": "residential",
        "maxspeed:type": "PL:urban",
        "name": "Niebyła",
        "surface": "sett"
      },
      "geometry": {
        "type": "LineString",
        "coordinates": [
          [
            20.0614836,
            50.0976945
          ],
          [
            20.0612489,
            50.0974563
          ],
          [
            20.0611989,
            50.0974313
          ],
          [
            20.0611354,
            50.0974261
          ],
          [
            20.0610468,
            50.0974507
          ],
          [
            20.0609908,
            50.097452
          ],
          [
            20.0609373,
            50.0974304
          ],
          [
            20.0608103,
            50.0973192
          ],
          [
            20.0606853,
            50.0971978
          ],
          [
            20.060678,
            50.0971911
          ],
          [
            20.0604905,
            50.0970091
          ],
          [
            20.0604355,
            50.0969666
          ],
          [
            20.060369,
            50.0969212
          ]
        ]
      },
      "id": "way/599581612"
    },
    {
      "type": "Feature",
      "properties": {
        "@id": "way/601547577",
        "highway": "footway",
        "surface": "unhewn_cobblestone"
      },
      "geometry": {
        "type": "LineString",
        "coordinates": [
          [
            19.9437368,
            50.0677865
          ],
          [
            19.9435982,
            50.0678045
          ],
          [
            19.9435579,
            50.0678006
          ]
        ]
      },
      "id": "way/601547577"
    },
    {
      "type": "Feature",
      "properties": {
        "@id": "way/603068730",
        "crossing": "unmarked",
        "crossing:markings": "no",
        "footway": "crossing",
        "highway": "footway",
        "lit": "yes",
        "surface": "sett",
        "virtual": "yes"
      },
      "geometry": {
        "type": "LineString",
        "coordinates": [
          [
            19.9386505,
            50.0630972
          ],
          [
            19.9386532,
            50.0631009
          ],
          [
            19.9386627,
            50.0631136
          ],
          [
            19.9386807,
            50.0631376
          ]
        ]
      },
      "id": "way/603068730"
    },
    {
      "type": "Feature",
      "properties": {
        "@id": "way/617516202",
        "handrail": "no",
        "highway": "steps",
        "surface": "sett"
      },
      "geometry": {
        "type": "LineString",
        "coordinates": [
          [
            19.8541047,
            50.0553134
          ],
          [
            19.8540487,
            50.0552035
          ]
        ]
      },
      "id": "way/617516202"
    },
    {
      "type": "Feature",
      "properties": {
        "@id": "way/625224295",
        "highway": "service",
        "surface": "sett"
      },
      "geometry": {
        "type": "LineString",
        "coordinates": [
          [
            20.072621,
            50.0685157
          ],
          [
            20.0724491,
            50.0685221
          ],
          [
            20.0718162,
            50.0685026
          ]
        ]
      },
      "id": "way/625224295"
    },
    {
      "type": "Feature",
      "properties": {
        "@id": "way/627571480",
        "access": "customers",
        "bicycle": "no",
        "highway": "footway",
        "smoothness": "bad",
        "surface": "sett"
      },
      "geometry": {
        "type": "LineString",
        "coordinates": [
          [
            19.9974773,
            50.0678861
          ],
          [
            19.9973602,
            50.0678668
          ],
          [
            19.9972569,
            50.0678237
          ]
        ]
      },
      "id": "way/627571480"
    },
    {
      "type": "Feature",
      "properties": {
        "@id": "way/627620469",
        "handrail": "yes",
        "highway": "steps",
        "incline": "up",
        "lit": "yes",
        "ramp": "no",
        "step_count": "3",
        "surface": "sett",
        "tactile_paving": "no"
      },
      "geometry": {
        "type": "LineString",
        "coordinates": [
          [
            19.9110727,
            50.0762529
          ],
          [
            19.9110496,
            50.0762569
          ]
        ]
      },
      "id": "way/627620469"
    },
    {
      "type": "Feature",
      "properties": {
        "@id": "way/627620474",
        "highway": "footway",
        "lit": "yes",
        "surface": "sett"
      },
      "geometry": {
        "type": "LineString",
        "coordinates": [
          [
            19.9105723,
            50.0755041
          ],
          [
            19.9105896,
            50.0754896
          ]
        ]
      },
      "id": "way/627620474"
    },
    {
      "type": "Feature",
      "properties": {
        "@id": "way/627620478",
        "highway": "footway",
        "surface": "sett"
      },
      "geometry": {
        "type": "LineString",
        "coordinates": [
          [
            19.9104051,
            50.0752771
          ],
          [
            19.9103947,
            50.075252
          ]
        ]
      },
      "id": "way/627620478"
    },
    {
      "type": "Feature",
      "properties": {
        "@id": "way/629061917",
        "highway": "footway",
        "surface": "sett"
      },
      "geometry": {
        "type": "LineString",
        "coordinates": [
          [
            19.9349451,
            50.01275
          ],
          [
            19.9350162,
            50.012874
          ]
        ]
      },
      "id": "way/629061917"
    },
    {
      "type": "Feature",
      "properties": {
        "@id": "way/629061918",
        "highway": "footway",
        "surface": "sett"
      },
      "geometry": {
        "type": "LineString",
        "coordinates": [
          [
            19.9350954,
            50.0128978
          ],
          [
            19.9350544,
            50.0128723
          ],
          [
            19.9350162,
            50.012874
          ],
          [
            19.9349961,
            50.012875
          ],
          [
            19.934955,
            50.0129015
          ],
          [
            19.9349565,
            50.0129152
          ],
          [
            19.9349592,
            50.0129381
          ],
          [
            19.9350025,
            50.0129638
          ],
          [
            19.9350591,
            50.012962
          ],
          [
            19.9350794,
            50.0129477
          ],
          [
            19.9350984,
            50.0129339
          ],
          [
            19.9350954,
            50.0128978
          ]
        ]
      },
      "id": "way/629061918"
    },
    {
      "type": "Feature",
      "properties": {
        "@id": "way/629061919",
        "highway": "footway",
        "surface": "sett"
      },
      "geometry": {
        "type": "LineString",
        "coordinates": [
          [
            19.9350794,
            50.0129477
          ],
          [
            19.9352396,
            50.0130444
          ],
          [
            19.9352925,
            50.0130764
          ]
        ]
      },
      "id": "way/629061919"
    },
    {
      "type": "Feature",
      "properties": {
        "@id": "way/629061920",
        "highway": "footway",
        "surface": "sett"
      },
      "geometry": {
        "type": "LineString",
        "coordinates": [
          [
            19.9355933,
            50.0132571
          ],
          [
            19.935778,
            50.0131345
          ],
          [
            19.9359191,
            50.0130407
          ],
          [
            19.9362002,
            50.0128548
          ],
          [
            19.9361861,
            50.0126897
          ],
          [
            19.9361729,
            50.0125344
          ]
        ]
      },
      "id": "way/629061920"
    },
    {
      "type": "Feature",
      "properties": {
        "@id": "way/638350266",
        "foot": "permissive",
        "highway": "footway",
        "lit": "yes",
        "surface": "sett"
      },
      "geometry": {
        "type": "LineString",
        "coordinates": [
          [
            19.9473952,
            50.0498551
          ],
          [
            19.9473443,
            50.0498478
          ],
          [
            19.9470966,
            50.0498101
          ]
        ]
      },
      "id": "way/638350266"
    },
    {
      "type": "Feature",
      "properties": {
        "@id": "way/642488698",
        "highway": "residential",
        "lit": "yes",
        "maxspeed": "10",
        "name": "Wielicka",
        "source:maxspeed": "sign",
        "surface": "sett"
      },
      "geometry": {
        "type": "LineString",
        "coordinates": [
          [
            19.9653224,
            50.0393641
          ],
          [
            19.9652957,
            50.039392
          ],
          [
            19.9651896,
            50.0395226
          ],
          [
            19.965125,
            50.0395906
          ],
          [
            19.9650264,
            50.0396859
          ],
          [
            19.9649636,
            50.039696
          ],
          [
            19.9648866,
            50.0396874
          ],
          [
            19.9648034,
            50.0396694
          ],
          [
            19.9646708,
            50.039648
          ],
          [
            19.9645765,
            50.0396481
          ],
          [
            19.9645031,
            50.0396618
          ],
          [
            19.9643407,
            50.03973
          ]
        ]
      },
      "id": "way/642488698"
    },
    {
      "type": "Feature",
      "properties": {
        "@id": "way/643919499",
        "highway": "footway",
        "surface": "sett"
      },
      "geometry": {
        "type": "LineString",
        "coordinates": [
          [
            19.9506522,
            50.046972
          ],
          [
            19.9506435,
            50.0470048
          ]
        ]
      },
      "id": "way/643919499"
    },
    {
      "type": "Feature",
      "properties": {
        "@id": "way/654516587",
        "highway": "footway",
        "lit": "yes",
        "smoothness": "intermediate",
        "source": "Knowledge",
        "surface": "sett"
      },
      "geometry": {
        "type": "LineString",
        "coordinates": [
          [
            19.9330621,
            50.0636535
          ],
          [
            19.9330173,
            50.063652
          ]
        ]
      },
      "id": "way/654516587"
    },
    {
      "type": "Feature",
      "properties": {
        "@id": "way/660182492",
        "highway": "footway",
        "lit": "yes",
        "surface": "sett"
      },
      "geometry": {
        "type": "LineString",
        "coordinates": [
          [
            19.9292267,
            50.0559188
          ],
          [
            19.9292003,
            50.0557536
          ],
          [
            19.9292338,
            50.0557205
          ],
          [
            19.9293123,
            50.0557219
          ],
          [
            19.9293497,
            50.0557228
          ]
        ]
      },
      "id": "way/660182492"
    },
    {
      "type": "Feature",
      "properties": {
        "@id": "way/664281402",
        "crossing": "marked",
        "footway": "crossing",
        "highway": "footway",
        "lit": "yes",
        "surface": "sett"
      },
      "geometry": {
        "type": "LineString",
        "coordinates": [
          [
            19.9383838,
            50.0544694
          ],
          [
            19.9383079,
            50.0545089
          ],
          [
            19.9382376,
            50.0545455
          ]
        ]
      },
      "id": "way/664281402"
    },
    {
      "type": "Feature",
      "properties": {
        "@id": "way/675421839",
        "highway": "service",
        "surface": "sett",
        "vehicle": "private"
      },
      "geometry": {
        "type": "LineString",
        "coordinates": [
          [
            19.9486679,
            50.0655133
          ],
          [
            19.9483282,
            50.0655226
          ],
          [
            19.9482501,
            50.0655821
          ],
          [
            19.9481945,
            50.0655847
          ],
          [
            19.9481731,
            50.0655832
          ],
          [
            19.9481188,
            50.0655812
          ],
          [
            19.9480141,
            50.0655804
          ],
          [
            19.9479746,
            50.0655491
          ],
          [
            19.9479632,
            50.0651087
          ]
        ]
      },
      "id": "way/675421839"
    },
    {
      "type": "Feature",
      "properties": {
        "@id": "way/675748844",
        "footway": "crossing",
        "highway": "footway",
        "lit": "yes",
        "surface": "sett"
      },
      "geometry": {
        "type": "LineString",
        "coordinates": [
          [
            19.984103,
            50.0941378
          ],
          [
            19.9841139,
            50.0941092
          ],
          [
            19.9841242,
            50.0940824
          ]
        ]
      },
      "id": "way/675748844"
    },
    {
      "type": "Feature",
      "properties": {
        "@id": "way/675773964",
        "cycleway:both": "no",
        "highway": "residential",
        "lane_markings": "no",
        "lit": "yes",
        "maxheight": "3.8",
        "maxheight:signed": "no",
        "maxspeed": "30",
        "maxspeed:type": "PL:zone30",
        "noname": "yes",
        "sidewalk:both": "no",
        "source": "survey",
        "surface": "sett",
        "tunnel": "building_passage",
        "width": "5"
      },
      "geometry": {
        "type": "LineString",
        "coordinates": [
          [
            20.0413167,
            50.0729514
          ],
          [
            20.041382,
            50.0728424
          ]
        ]
      },
      "id": "way/675773964"
    },
    {
      "type": "Feature",
      "properties": {
        "@id": "way/675773965",
        "cycleway:both": "no",
        "highway": "residential",
        "lanes": "1",
        "lit": "yes",
        "maxspeed:type": "PL:urban",
        "noname": "yes",
        "sidewalk:both": "separate",
        "smoothness": "intermediate",
        "source": "survey",
        "surface": "sett",
        "width": "5"
      },
      "geometry": {
        "type": "LineString",
        "coordinates": [
          [
            20.0412403,
            50.0730827
          ],
          [
            20.0412963,
            50.0729874
          ]
        ]
      },
      "id": "way/675773965"
    },
    {
      "type": "Feature",
      "properties": {
        "@id": "way/675773966",
        "cycleway:both": "no",
        "highway": "residential",
        "lane_markings": "no",
        "lit": "yes",
        "maxheight": "default",
        "maxspeed:type": "PL:urban",
        "noname": "yes",
        "sidewalk": "no",
        "smoothness": "intermediate",
        "surface": "sett",
        "tunnel": "building_passage",
        "width": "5"
      },
      "geometry": {
        "type": "LineString",
        "coordinates": [
          [
            20.0398852,
            50.0724744
          ],
          [
            20.0398336,
            50.0725594
          ]
        ]
      },
      "id": "way/675773966"
    },
    {
      "type": "Feature",
      "properties": {
        "@id": "way/675773967",
        "cycleway:both": "no",
        "highway": "residential",
        "lane_markings": "no",
        "lit": "yes",
        "maxspeed:type": "PL:urban",
        "noname": "yes",
        "sidewalk": "no",
        "smoothness": "intermediate",
        "surface": "sett",
        "width": "5"
      },
      "geometry": {
        "type": "LineString",
        "coordinates": [
          [
            20.0398336,
            50.0725594
          ],
          [
            20.0398074,
            50.0726001
          ],
          [
            20.0397492,
            50.0726937
          ]
        ]
      },
      "id": "way/675773967"
    },
    {
      "type": "Feature",
      "properties": {
        "@id": "way/677922204",
        "highway": "footway",
        "surface": "cobblestone"
      },
      "geometry": {
        "type": "LineString",
        "coordinates": [
          [
            19.8952995,
            50.0191389
          ],
          [
            19.8953053,
            50.019145
          ],
          [
            19.8953238,
            50.0191553
          ],
          [
            19.8954163,
            50.019205
          ],
          [
            19.8954359,
            50.0192361
          ],
          [
            19.8954375,
            50.0192695
          ],
          [
            19.895447,
            50.0192863
          ],
          [
            19.895461,
            50.0193053
          ],
          [
            19.8954784,
            50.0193269
          ],
          [
            19.8954951,
            50.0193442
          ],
          [
            19.8955137,
            50.0193605
          ],
          [
            19.8955375,
            50.0193765
          ],
          [
            19.8955777,
            50.0194051
          ],
          [
            19.895602,
            50.0194252
          ],
          [
            19.8956225,
            50.0194475
          ],
          [
            19.8956381,
            50.0194683
          ],
          [
            19.8956484,
            50.019488
          ],
          [
            19.8956653,
            50.0195195
          ],
          [
            19.8956747,
            50.0195527
          ],
          [
            19.8956776,
            50.0195919
          ],
          [
            19.8956758,
            50.0196077
          ],
          [
            19.8956719,
            50.0196221
          ],
          [
            19.8956657,
            50.019639
          ]
        ]
      },
      "id": "way/677922204"
    },
    {
      "type": "Feature",
      "properties": {
        "@id": "way/681954448",
        "highway": "footway",
        "lit": "yes",
        "surface": "sett"
      },
      "geometry": {
        "type": "LineString",
        "coordinates": [
          [
            19.9398056,
            50.0627087
          ],
          [
            19.9397298,
            50.0627334
          ]
        ]
      },
      "id": "way/681954448"
    },
    {
      "type": "Feature",
      "properties": {
        "@id": "way/685000909",
        "highway": "service",
        "surface": "sett"
      },
      "geometry": {
        "type": "LineString",
        "coordinates": [
          [
            19.9648478,
            50.0398645
          ],
          [
            19.9649213,
            50.039783
          ],
          [
            19.9649528,
            50.0397404
          ],
          [
            19.9649636,
            50.039696
          ]
        ]
      },
      "id": "way/685000909"
    },
    {
      "type": "Feature",
      "properties": {
        "@id": "way/692394479",
        "access": "private",
        "highway": "service",
        "service": "driveway",
        "surface": "sett"
      },
      "geometry": {
        "type": "LineString",
        "coordinates": [
          [
            19.9281988,
            50.0645729
          ],
          [
            19.928187,
            50.0646073
          ],
          [
            19.9281634,
            50.0646759
          ],
          [
            19.9281522,
            50.0647085
          ],
          [
            19.9280845,
            50.0649053
          ],
          [
            19.9280722,
            50.0649412
          ],
          [
            19.9280617,
            50.0649718
          ]
        ]
      },
      "id": "way/692394479"
    },
    {
      "type": "Feature",
      "properties": {
        "@id": "way/692568564",
        "crossing": "unmarked",
        "footway": "crossing",
        "highway": "footway",
        "lit": "yes",
        "surface": "sett"
      },
      "geometry": {
        "type": "LineString",
        "coordinates": [
          [
            19.9496263,
            50.0441664
          ],
          [
            19.9496699,
            50.044167
          ],
          [
            19.9498313,
            50.0441692
          ]
        ]
      },
      "id": "way/692568564"
    },
    {
      "type": "Feature",
      "properties": {
        "@id": "way/692568567",
        "crossing": "unmarked",
        "footway": "crossing",
        "highway": "footway",
        "lit": "yes",
        "surface": "sett"
      },
      "geometry": {
        "type": "LineString",
        "coordinates": [
          [
            19.9487703,
            50.0441762
          ],
          [
            19.9487425,
            50.0441566
          ],
          [
            19.9486324,
            50.0440789
          ]
        ]
      },
      "id": "way/692568567"
    },
    {
      "type": "Feature",
      "properties": {
        "@id": "way/692568570",
        "crossing": "unmarked",
        "footway": "crossing",
        "highway": "footway",
        "lit": "yes",
        "surface": "sett"
      },
      "geometry": {
        "type": "LineString",
        "coordinates": [
          [
            19.9490411,
            50.0440034
          ],
          [
            19.9490126,
            50.043984
          ],
          [
            19.9488989,
            50.043907
          ]
        ]
      },
      "id": "way/692568570"
    },
    {
      "type": "Feature",
      "properties": {
        "@id": "way/692568571",
        "crossing": "unmarked",
        "footway": "crossing",
        "highway": "footway",
        "lit": "yes",
        "surface": "sett"
      },
      "geometry": {
        "type": "LineString",
        "coordinates": [
          [
            19.9492421,
            50.043875
          ],
          [
            19.9492144,
            50.0438551
          ],
          [
            19.9491024,
            50.043775
          ]
        ]
      },
      "id": "way/692568571"
    },
    {
      "type": "Feature",
      "properties": {
        "@id": "way/692568573",
        "crossing": "unmarked",
        "footway": "crossing",
        "highway": "footway",
        "lit": "yes",
        "surface": "sett"
      },
      "geometry": {
        "type": "LineString",
        "coordinates": [
          [
            19.9496306,
            50.0439858
          ],
          [
            19.949676,
            50.0439863
          ],
          [
            19.9498352,
            50.0439887
          ]
        ]
      },
      "id": "way/692568573"
    },
    {
      "type": "Feature",
      "properties": {
        "@id": "way/693619051",
        "highway": "service",
        "service": "driveway",
        "surface": "sett"
      },
      "geometry": {
        "type": "LineString",
        "coordinates": [
          [
            19.9316202,
            50.0672342
          ],
          [
            19.9316508,
            50.0671882
          ],
          [
            19.9316564,
            50.0671703
          ],
          [
            19.9316601,
            50.0671244
          ],
          [
            19.9316407,
            50.0670944
          ],
          [
            19.9315848,
            50.0670787
          ],
          [
            19.9314944,
            50.0670781
          ],
          [
            19.9314527,
            50.0670892
          ],
          [
            19.9314294,
            50.0671369
          ],
          [
            19.9314235,
            50.067159
          ],
          [
            19.9314087,
            50.0672054
          ]
        ]
      },
      "id": "way/693619051"
    },
    {
      "type": "Feature",
      "properties": {
        "@id": "way/694126313",
        "highway": "footway",
        "surface": "sett"
      },
      "geometry": {
        "type": "LineString",
        "coordinates": [
          [
            19.9349565,
            50.0129152
          ],
          [
            19.9347641,
            50.0128789
          ],
          [
            19.9347519,
            50.0128797
          ],
          [
            19.9347374,
            50.0128806
          ]
        ]
      },
      "id": "way/694126313"
    },
    {
      "type": "Feature",
      "properties": {
        "@id": "way/699357843",
        "bicycle": "yes",
        "highway": "pedestrian",
        "lit": "yes",
        "maxspeed": "20",
        "motor_vehicle": "private",
        "name": "Grodzka",
        "name:be": "Гарадская вуліца",
        "name:pl": "Grodzka",
        "oneway": "yes",
        "oneway:bicycle": "no",
        "smoothness": "excellent",
        "source:bicycle": "sign",
        "source:maxspeed": "PL:living_street",
        "surface": "sett"
      },
      "geometry": {
        "type": "LineString",
        "coordinates": [
          [
            19.9384983,
            50.0546428
          ],
          [
            19.9383639,
            50.0545596
          ]
        ]
      },
      "id": "way/699357843"
    },
    {
      "type": "Feature",
      "properties": {
        "@id": "way/703309583",
        "highway": "footway",
        "surface": "cobblestone"
      },
      "geometry": {
        "type": "LineString",
        "coordinates": [
          [
            19.8956657,
            50.019639
          ],
          [
            19.8956481,
            50.019686
          ],
          [
            19.8956384,
            50.0197199
          ],
          [
            19.8956257,
            50.0198232
          ],
          [
            19.8956364,
            50.0198476
          ],
          [
            19.8956509,
            50.0198804
          ],
          [
            19.8956554,
            50.0198911
          ],
          [
            19.8957401,
            50.0199723
          ],
          [
            19.8957894,
            50.020004
          ],
          [
            19.8958189,
            50.0200208
          ],
          [
            19.8958904,
            50.020054
          ],
          [
            19.8959077,
            50.0200773
          ]
        ]
      },
      "id": "way/703309583"
    },
    {
      "type": "Feature",
      "properties": {
        "@id": "way/706443776",
        "bicycle": "yes",
        "highway": "footway",
        "lit": "yes",
        "source:bicycle": "park_rules",
        "surface": "sett"
      },
      "geometry": {
        "type": "LineString",
        "coordinates": [
          [
            19.9338236,
            50.0593907
          ],
          [
            19.9338623,
            50.0593735
          ],
          [
            19.9340247,
            50.0593793
          ],
          [
            19.9340706,
            50.0593872
          ],
          [
            19.934115,
            50.0593798
          ],
          [
            19.9341325,
            50.0593509
          ],
          [
            19.9340771,
            50.0593089
          ],
          [
            19.9340002,
            50.059272
          ],
          [
            19.9339671,
            50.0592455
          ],
          [
            19.9339622,
            50.0592259
          ],
          [
            19.9339643,
            50.059213
          ]
        ]
      },
      "id": "way/706443776"
    },
    {
      "type": "Feature",
      "properties": {
        "@id": "way/710484502",
        "highway": "footway",
        "lit": "yes",
        "surface": "sett",
        "tunnel": "building_passage"
      },
      "geometry": {
        "type": "LineString",
        "coordinates": [
          [
            19.9342729,
            50.0628781
          ],
          [
            19.9344109,
            50.0630109
          ],
          [
            19.9344569,
            50.0630552
          ]
        ]
      },
      "id": "way/710484502"
    },
    {
      "type": "Feature",
      "properties": {
        "@id": "way/711030303",
        "highway": "service",
        "service": "driveway",
        "surface": "sett"
      },
      "geometry": {
        "type": "LineString",
        "coordinates": [
          [
            19.8953515,
            50.0168263
          ],
          [
            19.8953782,
            50.016815
          ],
          [
            19.895552,
            50.0167647
          ]
        ]
      },
      "id": "way/711030303"
    },
    {
      "type": "Feature",
      "properties": {
        "@id": "way/711030304",
        "highway": "service",
        "service": "driveway",
        "surface": "sett"
      },
      "geometry": {
        "type": "LineString",
        "coordinates": [
          [
            19.895552,
            50.0167647
          ],
          [
            19.8956623,
            50.0167388
          ],
          [
            19.8957346,
            50.0167513
          ],
          [
            19.8958468,
            50.0168754
          ]
        ]
      },
      "id": "way/711030304"
    },
    {
      "type": "Feature",
      "properties": {
        "@id": "way/713651241",
        "highway": "living_street",
        "name": "Poselska",
        "surface": "sett"
      },
      "geometry": {
        "type": "LineString",
        "coordinates": [
          [
            19.9360865,
            50.0579326
          ],
          [
            19.9360823,
            50.0579663
          ],
          [
            19.9360814,
            50.0579787
          ]
        ]
      },
      "id": "way/713651241"
    },
    {
      "type": "Feature",
      "properties": {
        "@id": "way/717151358",
        "access": "customers",
        "highway": "service",
        "service": "parking_aisle",
        "surface": "sett"
      },
      "geometry": {
        "type": "LineString",
        "coordinates": [
          [
            20.0419945,
            50.0186546
          ],
          [
            20.0419696,
            50.0186314
          ],
          [
            20.041808,
            50.0185917
          ],
          [
            20.0417497,
            50.0185773
          ]
        ]
      },
      "id": "way/717151358"
    },
    {
      "type": "Feature",
      "properties": {
        "@id": "way/718128084",
        "highway": "footway",
        "surface": "sett"
      },
      "geometry": {
        "type": "LineString",
        "coordinates": [
          [
            19.937368,
            50.0130474
          ],
          [
            19.9371448,
            50.0129157
          ],
          [
            19.9369867,
            50.0129193
          ],
          [
            19.9368376,
            50.0128274
          ]
        ]
      },
      "id": "way/718128084"
    },
    {
      "type": "Feature",
      "properties": {
        "@id": "way/718128087",
        "highway": "footway",
        "surface": "sett"
      },
      "geometry": {
        "type": "LineString",
        "coordinates": [
          [
            19.936833,
            50.0132118
          ],
          [
            19.9366258,
            50.013358
          ],
          [
            19.9366092,
            50.0133697
          ],
          [
            19.9365859,
            50.0133861
          ],
          [
            19.9365964,
            50.0135035
          ],
          [
            19.9365986,
            50.013528
          ]
        ]
      },
      "id": "way/718128087"
    },
    {
      "type": "Feature",
      "properties": {
        "@id": "way/718128088",
        "highway": "footway",
        "surface": "sett"
      },
      "geometry": {
        "type": "LineString",
        "coordinates": [
          [
            19.935778,
            50.0131345
          ],
          [
            19.9359795,
            50.0132529
          ]
        ]
      },
      "id": "way/718128088"
    },
    {
      "type": "Feature",
      "properties": {
        "@id": "way/718128089",
        "highway": "footway",
        "surface": "sett",
        "tunnel": "building_passage"
      },
      "geometry": {
        "type": "LineString",
        "coordinates": [
          [
            19.9359795,
            50.0132529
          ],
          [
            19.9360055,
            50.0132699
          ]
        ]
      },
      "id": "way/718128089"
    },
    {
      "type": "Feature",
      "properties": {
        "@id": "way/718128090",
        "highway": "footway",
        "surface": "sett"
      },
      "geometry": {
        "type": "LineString",
        "coordinates": [
          [
            19.9360055,
            50.0132699
          ],
          [
            19.9361998,
            50.0133873
          ],
          [
            19.9362146,
            50.0135389
          ]
        ]
      },
      "id": "way/718128090"
    },
    {
      "type": "Feature",
      "properties": {
        "@id": "way/721868916",
        "highway": "footway",
        "lit": "no",
        "surface": "sett"
      },
      "geometry": {
        "type": "LineString",
        "coordinates": [
          [
            19.9479632,
            50.0651087
          ],
          [
            19.9478963,
            50.0650438
          ],
          [
            19.9478007,
            50.0650432
          ]
        ]
      },
      "id": "way/721868916"
    },
    {
      "type": "Feature",
      "properties": {
        "@id": "way/721869638",
        "highway": "service",
        "surface": "sett",
        "vehicle": "private"
      },
      "geometry": {
        "type": "LineString",
        "coordinates": [
          [
            19.9486744,
            50.0653481
          ],
          [
            19.9486751,
            50.0651444
          ]
        ]
      },
      "id": "way/721869638"
    },
    {
      "type": "Feature",
      "properties": {
        "@id": "way/725697190",
        "highway": "footway",
        "lit": "yes",
        "surface": "sett"
      },
      "geometry": {
        "type": "LineString",
        "coordinates": [
          [
            19.9481074,
            50.0442648
          ],
          [
            19.9482433,
            50.0443366
          ],
          [
            19.9483206,
            50.0442843
          ]
        ]
      },
      "id": "way/725697190"
    },
    {
      "type": "Feature",
      "properties": {
        "@id": "way/725697192",
        "highway": "residential",
        "lit": "yes",
        "maxspeed": "30",
        "name": "Parkowa",
        "sidewalk": "separate",
        "source:maxspeed": "PL:zone30",
        "surface": "sett"
      },
      "geometry": {
        "type": "LineString",
        "coordinates": [
          [
            19.9503875,
            50.0434946
          ],
          [
            19.9504162,
            50.0433955
          ],
          [
            19.9504406,
            50.043323
          ]
        ]
      },
      "id": "way/725697192"
    },
    {
      "type": "Feature",
      "properties": {
        "@id": "way/725697193",
        "footway": "crossing",
        "highway": "footway",
        "lit": "yes",
        "surface": "sett"
      },
      "geometry": {
        "type": "LineString",
        "coordinates": [
          [
            19.9504406,
            50.043323
          ],
          [
            19.9505298,
            50.0433384
          ]
        ]
      },
      "id": "way/725697193"
    },
    {
      "type": "Feature",
      "properties": {
        "@id": "way/729519511",
        "crossing": "zebra",
        "footway": "crossing",
        "highway": "footway",
        "lit": "yes",
        "surface": "sett"
      },
      "geometry": {
        "type": "LineString",
        "coordinates": [
          [
            19.9418277,
            50.0677887
          ],
          [
            19.9418148,
            50.0677719
          ]
        ]
      },
      "id": "way/729519511"
    },
    {
      "type": "Feature",
      "properties": {
        "@id": "way/729666967",
        "footway": "crossing",
        "highway": "footway",
        "lit": "yes",
        "surface": "sett"
      },
      "geometry": {
        "type": "LineString",
        "coordinates": [
          [
            19.9838679,
            50.0940509
          ],
          [
            19.9838633,
            50.0940781
          ],
          [
            19.9838573,
            50.0941086
          ]
        ]
      },
      "id": "way/729666967"
    },
    {
      "type": "Feature",
      "properties": {
        "@id": "way/730132858",
        "highway": "service",
        "service": "driveway",
        "surface": "cobblestone"
      },
      "geometry": {
        "type": "LineString",
        "coordinates": [
          [
            19.9023925,
            50.0266603
          ],
          [
            19.9022881,
            50.0266984
          ],
          [
            19.9022361,
            50.0267123
          ],
          [
            19.902176,
            50.0267158
          ],
          [
            19.9021185,
            50.0267191
          ],
          [
            19.9014179,
            50.0267096
          ],
          [
            19.9013355,
            50.0267085
          ],
          [
            19.9013271,
            50.0267084
          ]
        ]
      },
      "id": "way/730132858"
    },
    {
      "type": "Feature",
      "properties": {
        "@id": "way/732595396",
        "highway": "service",
        "lanes": "1",
        "smoothness": "intermediate",
        "surface": "sett"
      },
      "geometry": {
        "type": "LineString",
        "coordinates": [
          [
            19.9311898,
            50.0682812
          ],
          [
            19.9312154,
            50.0682869
          ],
          [
            19.9312427,
            50.0682938
          ]
        ]
      },
      "id": "way/732595396"
    },
    {
      "type": "Feature",
      "properties": {
        "@id": "way/736298727",
        "highway": "service",
        "lanes": "1",
        "parking:right": "yes",
        "parking:right:orientation": "parallel",
        "service": "parking_aisle",
        "surface": "cobblestone"
      },
      "geometry": {
        "type": "LineString",
        "coordinates": [
          [
            19.9712172,
            50.0670667
          ],
          [
            19.9712216,
            50.0669224
          ],
          [
            19.9712277,
            50.0667184
          ]
        ]
      },
      "id": "way/736298727"
    },
    {
      "type": "Feature",
      "properties": {
        "@id": "way/737869342",
        "cycleway:both": "no",
        "highway": "residential",
        "lit": "yes",
        "maxspeed:type": "PL:urban",
        "name": "Obrońców Modlina",
        "sidewalk": "no",
        "surface": "sett"
      },
      "geometry": {
        "type": "LineString",
        "coordinates": [
          [
            20.0118289,
            50.0362746
          ],
          [
            20.0116819,
            50.0363193
          ],
          [
            20.0106796,
            50.0366242
          ],
          [
            20.00995,
            50.0368461
          ],
          [
            20.0096954,
            50.0369236
          ]
        ]
      },
      "id": "way/737869342"
    },
    {
      "type": "Feature",
      "properties": {
        "@id": "way/738365040",
        "highway": "service",
        "lanes": "1",
        "sidewalk:left": "separate",
        "sidewalk:right": "no",
        "surface": "sett"
      },
      "geometry": {
        "type": "LineString",
        "coordinates": [
          [
            19.9493197,
            50.0648484
          ],
          [
            19.9478698,
            50.0647176
          ]
        ]
      },
      "id": "way/738365040"
    },
    {
      "type": "Feature",
      "properties": {
        "@id": "way/740521700",
        "footway": "sidewalk",
        "highway": "footway",
        "surface": "sett"
      },
      "geometry": {
        "type": "LineString",
        "coordinates": [
          [
            19.9059187,
            49.9994448
          ],
          [
            19.9057215,
            49.9992716
          ],
          [
            19.9057045,
            49.9992515
          ],
          [
            19.9056977,
            49.999237
          ],
          [
            19.905697,
            49.9992214
          ],
          [
            19.9057012,
            49.999207
          ],
          [
            19.9057084,
            49.9991917
          ],
          [
            19.9057225,
            49.999178
          ],
          [
            19.9057397,
            49.9991643
          ],
          [
            19.9057621,
            49.9991558
          ],
          [
            19.905791,
            49.9991475
          ],
          [
            19.906824,
            49.9988849
          ],
          [
            19.9069173,
            49.9988665
          ],
          [
            19.9069633,
            49.9988631
          ],
          [
            19.9070086,
            49.9988781
          ],
          [
            19.9070344,
            49.9988998
          ],
          [
            19.9071385,
            49.9990983
          ]
        ]
      },
      "id": "way/740521700"
    },
    {
      "type": "Feature",
      "properties": {
        "@id": "way/741265831",
        "highway": "service",
        "surface": "sett"
      },
      "geometry": {
        "type": "LineString",
        "coordinates": [
          [
            19.917816,
            50.0183505
          ],
          [
            19.9178092,
            50.0183273
          ],
          [
            19.9178085,
            50.0183247
          ],
          [
            19.9178039,
            50.0183089
          ],
          [
            19.9178049,
            50.0182964
          ],
          [
            19.9178108,
            50.0182845
          ],
          [
            19.9178236,
            50.018274
          ],
          [
            19.9178355,
            50.0182694
          ]
        ]
      },
      "id": "way/741265831"
    },
    {
      "type": "Feature",
      "properties": {
        "@id": "way/741265835",
        "cutting": "yes",
        "highway": "service",
        "surface": "sett"
      },
      "geometry": {
        "type": "LineString",
        "coordinates": [
          [
            19.9178355,
            50.0182694
          ],
          [
            19.9178494,
            50.0182641
          ],
          [
            19.917884,
            50.0182552
          ],
          [
            19.9179269,
            50.0182463
          ],
          [
            19.9179698,
            50.0182383
          ]
        ]
      },
      "id": "way/741265835"
    },
    {
      "type": "Feature",
      "properties": {
        "@id": "way/741274976",
        "highway": "service",
        "surface": "sett"
      },
      "geometry": {
        "type": "LineString",
        "coordinates": [
          [
            19.9185018,
            50.0190718
          ],
          [
            19.9186641,
            50.0190813
          ],
          [
            19.9188209,
            50.0190904
          ],
          [
            19.9188983,
            50.0190949
          ],
          [
            19.9191497,
            50.0191095
          ]
        ]
      },
      "id": "way/741274976"
    },
    {
      "type": "Feature",
      "properties": {
        "@id": "way/741274977",
        "highway": "service",
        "surface": "sett"
      },
      "geometry": {
        "type": "LineString",
        "coordinates": [
          [
            19.9187948,
            50.0192308
          ],
          [
            19.9188165,
            50.0191142
          ],
          [
            19.9188209,
            50.0190904
          ]
        ]
      },
      "id": "way/741274977"
    },
    {
      "type": "Feature",
      "properties": {
        "@id": "way/741274985",
        "covered": "no",
        "cutting": "yes",
        "highway": "service",
        "service": "parking_aisle",
        "surface": "sett"
      },
      "geometry": {
        "type": "LineString",
        "coordinates": [
          [
            19.918467,
            50.0201808
          ],
          [
            19.9184043,
            50.0201679
          ],
          [
            19.9183683,
            50.0201608
          ],
          [
            19.9183295,
            50.0201501
          ],
          [
            19.9183186,
            50.0201415
          ],
          [
            19.9183115,
            50.0201359
          ],
          [
            19.9183018,
            50.020119
          ],
          [
            19.9182949,
            50.0200968
          ],
          [
            19.9182941,
            50.0200847
          ],
          [
            19.9182935,
            50.0200754
          ],
          [
            19.9182995,
            50.0200421
          ]
        ]
      },
      "id": "way/741274985"
    },
    {
      "type": "Feature",
      "properties": {
        "@id": "way/741274988",
        "bicycle": "no",
        "highway": "footway",
        "surface": "sett",
        "width": "2"
      },
      "geometry": {
        "type": "LineString",
        "coordinates": [
          [
            19.9190129,
            50.0202353
          ],
          [
            19.9190782,
            50.0203079
          ],
          [
            19.9193333,
            50.020336
          ],
          [
            19.9194386,
            50.0203463
          ]
        ]
      },
      "id": "way/741274988"
    },
    {
      "type": "Feature",
      "properties": {
        "@id": "way/741274989",
        "bridge": "yes",
        "highway": "footway",
        "layer": "1",
        "surface": "sett",
        "width": "2"
      },
      "geometry": {
        "type": "LineString",
        "coordinates": [
          [
            19.9193118,
            50.0204392
          ],
          [
            19.9193312,
            50.0203462
          ],
          [
            19.9193333,
            50.020336
          ]
        ]
      },
      "id": "way/741274989"
    },
    {
      "type": "Feature",
      "properties": {
        "@id": "way/741274992",
        "highway": "footway",
        "surface": "sett",
        "width": "2.5"
      },
      "geometry": {
        "type": "LineString",
        "coordinates": [
          [
            19.918467,
            50.0201808
          ],
          [
            19.9185061,
            50.0201265
          ],
          [
            19.9185141,
            50.0200886
          ],
          [
            19.9185445,
            50.0199464
          ],
          [
            19.9185618,
            50.0198654
          ],
          [
            19.9185854,
            50.0197526
          ],
          [
            19.9186218,
            50.019581
          ],
          [
            19.9186268,
            50.0195576
          ],
          [
            19.9186541,
            50.0195592
          ],
          [
            19.9189509,
            50.0195762
          ],
          [
            19.9191366,
            50.0195869
          ],
          [
            19.9192546,
            50.0195937
          ]
        ]
      },
      "id": "way/741274992"
    },
    {
      "type": "Feature",
      "properties": {
        "@id": "way/741274993",
        "highway": "footway",
        "surface": "sett",
        "width": "2.5"
      },
      "geometry": {
        "type": "LineString",
        "coordinates": [
          [
            19.9185854,
            50.0197526
          ],
          [
            19.9188659,
            50.0197777
          ],
          [
            19.9189977,
            50.0197895
          ],
          [
            19.9191897,
            50.0198067
          ]
        ]
      },
      "id": "way/741274993"
    },
    {
      "type": "Feature",
      "properties": {
        "@id": "way/741274994",
        "highway": "footway",
        "surface": "sett",
        "width": "2"
      },
      "geometry": {
        "type": "LineString",
        "coordinates": [
          [
            19.9188659,
            50.0197777
          ],
          [
            19.9188923,
            50.0197727
          ],
          [
            19.9189056,
            50.0197673
          ],
          [
            19.9189152,
            50.0197623
          ],
          [
            19.918939,
            50.0197445
          ],
          [
            19.9189543,
            50.0197316
          ],
          [
            19.9189839,
            50.0196992
          ],
          [
            19.9190192,
            50.0196636
          ],
          [
            19.919044,
            50.0196422
          ],
          [
            19.9190726,
            50.0196226
          ],
          [
            19.9190993,
            50.0196066
          ],
          [
            19.9191366,
            50.0195869
          ]
        ]
      },
      "id": "way/741274994"
    },
    {
      "type": "Feature",
      "properties": {
        "@id": "way/741274995",
        "highway": "footway",
        "surface": "sett",
        "width": "2"
      },
      "geometry": {
        "type": "LineString",
        "coordinates": [
          [
            19.9189543,
            50.0197316
          ],
          [
            19.9189575,
            50.0197446
          ],
          [
            19.918959,
            50.0197519
          ],
          [
            19.9189611,
            50.0197588
          ],
          [
            19.9189662,
            50.0197664
          ],
          [
            19.9189729,
            50.0197716
          ],
          [
            19.918979,
            50.0197766
          ],
          [
            19.9189872,
            50.0197818
          ],
          [
            19.9189977,
            50.0197895
          ]
        ]
      },
      "id": "way/741274995"
    },
    {
      "type": "Feature",
      "properties": {
        "@id": "way/741274996",
        "highway": "footway",
        "surface": "sett",
        "width": "2.5"
      },
      "geometry": {
        "type": "LineString",
        "coordinates": [
          [
            19.9182586,
            50.020082
          ],
          [
            19.918184,
            50.0200779
          ]
        ]
      },
      "id": "way/741274996"
    },
    {
      "type": "Feature",
      "properties": {
        "@id": "way/741274997",
        "handrail": "no",
        "highway": "steps",
        "surface": "sett",
        "width": "2.5"
      },
      "geometry": {
        "type": "LineString",
        "coordinates": [
          [
            19.918184,
            50.0200779
          ],
          [
            19.9181386,
            50.0200749
          ]
        ]
      },
      "id": "way/741274997"
    },
    {
      "type": "Feature",
      "properties": {
        "@id": "way/741274998",
        "highway": "footway",
        "surface": "sett",
        "width": "2.5"
      },
      "geometry": {
        "type": "LineString",
        "coordinates": [
          [
            19.9181579,
            50.020133
          ],
          [
            19.9181486,
            50.0201232
          ],
          [
            19.9181394,
            50.0201159
          ],
          [
            19.9181253,
            50.0201062
          ],
          [
            19.9181166,
            50.020095
          ],
          [
            19.9181135,
            50.0200819
          ],
          [
            19.918112,
            50.0200723
          ],
          [
            19.9181103,
            50.0200618
          ],
          [
            19.9181166,
            50.0200285
          ],
          [
            19.9182523,
            50.0194231
          ],
          [
            19.9182649,
            50.0193536
          ],
          [
            19.9182696,
            50.0193365
          ],
          [
            19.918275,
            50.019329
          ],
          [
            19.9182805,
            50.0193214
          ],
          [
            19.9182915,
            50.0193113
          ],
          [
            19.9183103,
            50.0193012
          ],
          [
            19.918339,
            50.019297
          ],
          [
            19.9183699,
            50.0192952
          ],
          [
            19.9184483,
            50.0192952
          ],
          [
            19.9184998,
            50.0192978
          ],
          [
            19.919297,
            50.0193398
          ]
        ]
      },
      "id": "way/741274998"
    },
    {
      "type": "Feature",
      "properties": {
        "@id": "way/741274999",
        "highway": "footway",
        "surface": "sett",
        "width": "2.5"
      },
      "geometry": {
        "type": "LineString",
        "coordinates": [
          [
            19.9182523,
            50.0194231
          ],
          [
            19.9182904,
            50.0194038
          ],
          [
            19.91836,
            50.0193686
          ],
          [
            19.9184495,
            50.0193233
          ],
          [
            19.9184998,
            50.0192978
          ]
        ]
      },
      "id": "way/741274999"
    },
    {
      "type": "Feature",
      "properties": {
        "@id": "way/741275000",
        "highway": "footway",
        "surface": "sett",
        "width": "2.5"
      },
      "geometry": {
        "type": "LineString",
        "coordinates": [
          [
            19.9182915,
            50.0193113
          ],
          [
            19.91836,
            50.0193686
          ]
        ]
      },
      "id": "way/741275000"
    },
    {
      "type": "Feature",
      "properties": {
        "@id": "way/741275001",
        "highway": "footway",
        "surface": "sett",
        "width": "2.5"
      },
      "geometry": {
        "type": "LineString",
        "coordinates": [
          [
            19.9181504,
            50.0191985
          ],
          [
            19.9182622,
            50.0192852
          ],
          [
            19.9182915,
            50.0193113
          ]
        ]
      },
      "id": "way/741275001"
    },
    {
      "type": "Feature",
      "properties": {
        "@id": "way/741275004",
        "highway": "footway",
        "surface": "sett",
        "width": "3"
      },
      "geometry": {
        "type": "LineString",
        "coordinates": [
          [
            19.9185681,
            50.0195217
          ],
          [
            19.9186268,
            50.0195576
          ]
        ]
      },
      "id": "way/741275004"
    },
    {
      "type": "Feature",
      "properties": {
        "@id": "way/741275005",
        "highway": "footway",
        "surface": "sett",
        "width": "2"
      },
      "geometry": {
        "type": "LineString",
        "coordinates": [
          [
            19.9192619,
            50.0195755
          ],
          [
            19.9196315,
            50.0196075
          ],
          [
            19.9196434,
            50.0196087
          ],
          [
            19.9196505,
            50.01961
          ],
          [
            19.9196561,
            50.019613
          ],
          [
            19.9196604,
            50.0196164
          ],
          [
            19.9196639,
            50.01962
          ],
          [
            19.9196667,
            50.0196246
          ],
          [
            19.9196692,
            50.0196289
          ],
          [
            19.9196702,
            50.0196336
          ],
          [
            19.9196706,
            50.0196388
          ],
          [
            19.9196686,
            50.019646
          ],
          [
            19.919646,
            50.0197454
          ],
          [
            19.9196112,
            50.0198987
          ],
          [
            19.9195805,
            50.0200335
          ],
          [
            19.9195766,
            50.0200498
          ],
          [
            19.9195095,
            50.0200755
          ]
        ]
      },
      "id": "way/741275005"
    },
    {
      "type": "Feature",
      "properties": {
        "@id": "way/741275006",
        "highway": "footway",
        "surface": "sett",
        "width": "2"
      },
      "geometry": {
        "type": "LineString",
        "coordinates": [
          [
            19.919646,
            50.0197454
          ],
          [
            19.9195772,
            50.0197383
          ]
        ]
      },
      "id": "way/741275006"
    },
    {
      "type": "Feature",
      "properties": {
        "@id": "way/741275007",
        "highway": "footway",
        "surface": "sett",
        "width": "2"
      },
      "geometry": {
        "type": "LineString",
        "coordinates": [
          [
            19.9195444,
            50.0198924
          ],
          [
            19.9196112,
            50.0198987
          ]
        ]
      },
      "id": "way/741275007"
    },
    {
      "type": "Feature",
      "properties": {
        "@id": "way/741275008",
        "highway": "service",
        "surface": "sett"
      },
      "geometry": {
        "type": "LineString",
        "coordinates": [
          [
            19.9191228,
            50.020061
          ],
          [
            19.9191564,
            50.0200561
          ],
          [
            19.9192151,
            50.0200498
          ],
          [
            19.9192943,
            50.0200576
          ],
          [
            19.9195095,
            50.0200755
          ]
        ]
      },
      "id": "way/741275008"
    },
    {
      "type": "Feature",
      "properties": {
        "@id": "way/741275009",
        "highway": "service",
        "surface": "sett"
      },
      "geometry": {
        "type": "LineString",
        "coordinates": [
          [
            19.9192943,
            50.0200576
          ],
          [
            19.9193253,
            50.0200515
          ],
          [
            19.9193382,
            50.0200466
          ],
          [
            19.919349,
            50.0200411
          ],
          [
            19.9193577,
            50.0200335
          ],
          [
            19.9193631,
            50.0200258
          ]
        ]
      },
      "id": "way/741275009"
    },
    {
      "type": "Feature",
      "properties": {
        "@id": "way/741275010",
        "highway": "footway",
        "surface": "sett",
        "width": "2.5"
      },
      "geometry": {
        "type": "LineString",
        "coordinates": [
          [
            19.9181386,
            50.0200749
          ],
          [
            19.918112,
            50.0200723
          ]
        ]
      },
      "id": "way/741275010"
    },
    {
      "type": "Feature",
      "properties": {
        "@id": "way/741275847",
        "cutting": "yes",
        "highway": "service",
        "surface": "sett"
      },
      "geometry": {
        "type": "LineString",
        "coordinates": [
          [
            19.9165754,
            50.0201564
          ],
          [
            19.9166144,
            50.0201626
          ],
          [
            19.9166611,
            50.0201703
          ]
        ]
      },
      "id": "way/741275847"
    },
    {
      "type": "Feature",
      "properties": {
        "@id": "way/741275848",
        "highway": "service",
        "surface": "sett"
      },
      "geometry": {
        "type": "LineString",
        "coordinates": [
          [
            19.9166144,
            50.0201626
          ],
          [
            19.916662,
            50.020072
          ]
        ]
      },
      "id": "way/741275848"
    },
    {
      "type": "Feature",
      "properties": {
        "@id": "way/741275849",
        "highway": "footway",
        "surface": "sett",
        "width": "2"
      },
      "geometry": {
        "type": "LineString",
        "coordinates": [
          [
            19.9165469,
            50.0199754
          ],
          [
            19.9165462,
            50.0200185
          ],
          [
            19.9165435,
            50.0201961
          ],
          [
            19.9165379,
            50.0202294
          ],
          [
            19.9165227,
            50.0202708
          ]
        ]
      },
      "id": "way/741275849"
    },
    {
      "type": "Feature",
      "properties": {
        "@id": "way/741275851",
        "highway": "service",
        "surface": "sett"
      },
      "geometry": {
        "type": "LineString",
        "coordinates": [
          [
            19.9152625,
            50.0201435
          ],
          [
            19.9152914,
            50.0201222
          ],
          [
            19.9153,
            50.0201138
          ],
          [
            19.9153115,
            50.0201046
          ],
          [
            19.9153173,
            50.0200935
          ],
          [
            19.9153173,
            50.0200824
          ],
          [
            19.9153182,
            50.0199877
          ],
          [
            19.9153186,
            50.0199451
          ]
        ]
      },
      "id": "way/741275851"
    },
    {
      "type": "Feature",
      "properties": {
        "@id": "way/741691203",
        "handrail": "no",
        "highway": "steps",
        "incline": "down",
        "ramp": "yes",
        "ramp:stroller": "yes",
        "step_count": "4",
        "surface": "sett",
        "tactile_paving": "no"
      },
      "geometry": {
        "type": "LineString",
        "coordinates": [
          [
            19.9544775,
            50.0855814
          ],
          [
            19.9545077,
            50.0855716
          ]
        ]
      },
      "id": "way/741691203"
    },
    {
      "type": "Feature",
      "properties": {
        "@id": "way/747087010",
        "footway": "crossing",
        "highway": "footway",
        "lit": "yes",
        "surface": "sett"
      },
      "geometry": {
        "type": "LineString",
        "coordinates": [
          [
            19.9440815,
            50.0505693
          ],
          [
            19.9440886,
            50.0505531
          ]
        ]
      },
      "id": "way/747087010"
    },
    {
      "type": "Feature",
      "properties": {
        "@id": "way/747087011",
        "footway": "crossing",
        "highway": "footway",
        "lit": "yes",
        "surface": "sett"
      },
      "geometry": {
        "type": "LineString",
        "coordinates": [
          [
            19.944113,
            50.0505001
          ],
          [
            19.9441222,
            50.0504809
          ]
        ]
      },
      "id": "way/747087011"
    },
    {
      "type": "Feature",
      "properties": {
        "@id": "way/750749040",
        "bicycle": "designated",
        "cycleway:surface": "sett",
        "foot": "designated",
        "footway:surface": "sett",
        "highway": "path",
        "lit": "yes",
        "segregated": "yes",
        "surface": "sett"
      },
      "geometry": {
        "type": "LineString",
        "coordinates": [
          [
            19.9381684,
            50.0546481
          ],
          [
            19.9381933,
            50.0546675
          ],
          [
            19.9382541,
            50.0547052
          ]
        ]
      },
      "id": "way/750749040"
    },
    {
      "type": "Feature",
      "properties": {
        "@id": "way/752012272",
        "highway": "footway",
        "surface": "sett"
      },
      "geometry": {
        "type": "LineString",
        "coordinates": [
          [
            20.0523686,
            50.0648086
          ],
          [
            20.0523676,
            50.064821
          ],
          [
            20.052361,
            50.0648521
          ],
          [
            20.0523741,
            50.0648807
          ],
          [
            20.0523746,
            50.0648974
          ],
          [
            20.0523629,
            50.0649428
          ],
          [
            20.0523737,
            50.0649709
          ],
          [
            20.0523637,
            50.0650081
          ],
          [
            20.0523702,
            50.0650327
          ],
          [
            20.0523576,
            50.065068
          ],
          [
            20.0523639,
            50.0651171
          ],
          [
            20.0523687,
            50.065154
          ],
          [
            20.0523245,
            50.0652183
          ]
        ]
      },
      "id": "way/752012272"
    },
    {
      "type": "Feature",
      "properties": {
        "@id": "way/753859851",
        "highway": "footway",
        "lit": "yes",
        "surface": "sett"
      },
      "geometry": {
        "type": "LineString",
        "coordinates": [
          [
            19.9474469,
            50.0613263
          ],
          [
            19.9474567,
            50.0613156
          ]
        ]
      },
      "id": "way/753859851"
    },
    {
      "type": "Feature",
      "properties": {
        "@id": "way/753859852",
        "highway": "footway",
        "lit": "yes",
        "surface": "sett"
      },
      "geometry": {
        "type": "LineString",
        "coordinates": [
          [
            19.9475015,
            50.0612659
          ],
          [
            19.9475155,
            50.0612495
          ]
        ]
      },
      "id": "way/753859852"
    },
    {
      "type": "Feature",
      "properties": {
        "@id": "way/754657989",
        "footway": "crossing",
        "highway": "footway",
        "lit": "yes",
        "surface": "sett"
      },
      "geometry": {
        "type": "LineString",
        "coordinates": [
          [
            19.9402733,
            50.0682926
          ],
          [
            19.9402566,
            50.0682703
          ]
        ]
      },
      "id": "way/754657989"
    },
    {
      "type": "Feature",
      "properties": {
        "@id": "way/754658704",
        "crossing": "zebra",
        "footway": "crossing",
        "highway": "footway",
        "lit": "yes",
        "surface": "sett"
      },
      "geometry": {
        "type": "LineString",
        "coordinates": [
          [
            19.9418717,
            50.0678469
          ],
          [
            19.9418595,
            50.0678294
          ]
        ]
      },
      "id": "way/754658704"
    },
    {
      "type": "Feature",
      "properties": {
        "@id": "way/755634449",
        "footway": "sidewalk",
        "highway": "footway",
        "lit": "yes",
        "smoothness": "excellent",
        "surface": "sett"
      },
      "geometry": {
        "type": "LineString",
        "coordinates": [
          [
            19.9429542,
            50.0672236
          ],
          [
            19.9429557,
            50.067207
          ]
        ]
      },
      "id": "way/755634449"
    },
    {
      "type": "Feature",
      "properties": {
        "@id": "way/757042161",
        "crossing": "marked",
        "crossing:markings": "zebra",
        "footway": "crossing",
        "highway": "footway",
        "lit": "yes",
        "smoothness": "good",
        "source": "Knowledge",
        "surface": "sett"
      },
      "geometry": {
        "type": "LineString",
        "coordinates": [
          [
            19.9331048,
            50.0636325
          ],
          [
            19.9330621,
            50.0636535
          ]
        ]
      },
      "id": "way/757042161"
    },
    {
      "type": "Feature",
      "properties": {
        "@id": "way/773265175",
        "highway": "footway",
        "surface": "sett"
      },
      "geometry": {
        "type": "LineString",
        "coordinates": [
          [
            19.9311628,
            50.050949
          ],
          [
            19.9311267,
            50.0510066
          ],
          [
            19.931121,
            50.0510157
          ]
        ]
      },
      "id": "way/773265175"
    },
    {
      "type": "Feature",
      "properties": {
        "@id": "way/773265178",
        "footway": "sidewalk",
        "highway": "footway",
        "surface": "sett"
      },
      "geometry": {
        "type": "LineString",
        "coordinates": [
          [
            19.9264419,
            50.0499139
          ],
          [
            19.9264126,
            50.0498936
          ]
        ]
      },
      "id": "way/773265178"
    },
    {
      "type": "Feature",
      "properties": {
        "@id": "way/775719029",
        "highway": "residential",
        "lane_markings": "no",
        "lit": "yes",
        "maxspeed": "50",
        "name": "Jana Dekerta",
        "source:maxspeed": "PL:urban",
        "surface": "sett"
      },
      "geometry": {
        "type": "LineString",
        "coordinates": [
          [
            19.9683513,
            50.0493759
          ],
          [
            19.9683785,
            50.0494249
          ],
          [
            19.9686629,
            50.049986
          ],
          [
            19.9688434,
            50.0503232
          ]
        ]
      },
      "id": "way/775719029"
    },
    {
      "type": "Feature",
      "properties": {
        "@id": "way/819042849",
        "footway": "sidewalk",
        "highway": "footway",
        "lit": "yes",
        "surface": "sett"
      },
      "geometry": {
        "type": "LineString",
        "coordinates": [
          [
            19.9358877,
            50.067374
          ],
          [
            19.9358225,
            50.0673695
          ],
          [
            19.9357614,
            50.0673643
          ],
          [
            19.9350255,
            50.0672951
          ],
          [
            19.934868,
            50.0672801
          ],
          [
            19.9348507,
            50.0672771
          ],
          [
            19.9348115,
            50.0672674
          ],
          [
            19.9347955,
            50.0672658
          ]
        ]
      },
      "id": "way/819042849"
    },
    {
      "type": "Feature",
      "properties": {
        "@id": "way/823536388",
        "dual_carriageway": "yes",
        "highway": "living_street",
        "lit": "yes",
        "maxspeed": "20",
        "name": "Biskupia",
        "oneway": "yes",
        "source:maxspeed": "PL:living_street",
        "surface": "sett"
      },
      "geometry": {
        "type": "LineString",
        "coordinates": [
          [
            19.9359164,
            50.0674192
          ],
          [
            19.9359864,
            50.0674178
          ],
          [
            19.9360236,
            50.0674187
          ],
          [
            19.9360529,
            50.06742
          ],
          [
            19.9360818,
            50.0674224
          ],
          [
            19.9367227,
            50.0674831
          ],
          [
            19.9375921,
            50.0675691
          ],
          [
            19.9376904,
            50.0675804
          ]
        ]
      },
      "id": "way/823536388"
    },
    {
      "type": "Feature",
      "properties": {
        "@id": "way/826099405",
        "highway": "residential",
        "lanes": "2",
        "lit": "yes",
        "maxspeed": "30",
        "maxweight": "5",
        "name": "Rybaki",
        "sidewalk:both": "separate",
        "source:maxspeed": "PL:zone30",
        "surface": "sett"
      },
      "geometry": {
        "type": "LineString",
        "coordinates": [
          [
            19.943411,
            50.0457598
          ],
          [
            19.9436233,
            50.0458229
          ],
          [
            19.9440324,
            50.0459829
          ]
        ]
      },
      "id": "way/826099405"
    },
    {
      "type": "Feature",
      "properties": {
        "@id": "way/826256716",
        "highway": "living_street",
        "maxspeed": "20",
        "name": "Flisacka",
        "parking:condition:right": "no_parking",
        "parking:left": "yes",
        "parking:left:orientation": "parallel",
        "source:maxspeed": "PL:living_street",
        "source:width": "ARCore",
        "surface": "sett",
        "width": "5.4"
      },
      "geometry": {
        "type": "LineString",
        "coordinates": [
          [
            19.9182407,
            50.0523725
          ],
          [
            19.9180956,
            50.0523484
          ],
          [
            19.9170578,
            50.0521897
          ]
        ]
      },
      "id": "way/826256716"
    },
    {
      "type": "Feature",
      "properties": {
        "@id": "way/827647136",
        "cycleway": "no",
        "highway": "living_street",
        "lit": "yes",
        "maxspeed": "20",
        "name": "Świętej Agnieszki",
        "oneway": "yes",
        "oneway:bicycle": "no",
        "sidewalk": "separate",
        "source:maxspeed": "PL:living_street",
        "surface": "sett",
        "wikidata": "Q9366381",
        "wikipedia": "pl:Ulica św. Agnieszki w Krakowie"
      },
      "geometry": {
        "type": "LineString",
        "coordinates": [
          [
            19.9401941,
            50.0526685
          ],
          [
            19.9402387,
            50.0524852
          ],
          [
            19.9402367,
            50.052403
          ]
        ]
      },
      "id": "way/827647136"
    },
    {
      "type": "Feature",
      "properties": {
        "@id": "way/828505020",
        "highway": "footway",
        "lit": "yes",
        "smoothness": "intermediate",
        "surface": "sett"
      },
      "geometry": {
        "type": "LineString",
        "coordinates": [
          [
            19.9538549,
            50.0470879
          ],
          [
            19.9538649,
            50.0470614
          ],
          [
            19.9538715,
            50.0470442
          ]
        ]
      },
      "id": "way/828505020"
    },
    {
      "type": "Feature",
      "properties": {
        "@id": "way/828505021",
        "footway": "crossing",
        "highway": "footway",
        "lit": "yes",
        "smoothness": "intermediate",
        "surface": "sett"
      },
      "geometry": {
        "type": "LineString",
        "coordinates": [
          [
            19.9539486,
            50.046998
          ],
          [
            19.9539998,
            50.0470052
          ],
          [
            19.9540507,
            50.0470123
          ]
        ]
      },
      "id": "way/828505021"
    },
    {
      "type": "Feature",
      "properties": {
        "@id": "way/829267677",
        "bicycle": "yes",
        "cycleway:both": "no",
        "goods": "delivery",
        "highway": "living_street",
        "lit": "yes",
        "maxspeed": "20",
        "motor_vehicle": "private",
        "name": "Wiślna",
        "name:de": "Weichselstraße",
        "name:pl": "Wiślna",
        "oneway": "yes",
        "oneway:bicycle": "no",
        "parking:lane:both": "no",
        "psv": "yes",
        "smoothness": "intermediate",
        "source:maxspeed": "PL:living_street",
        "surface": "sett",
        "taxi": "yes"
      },
      "geometry": {
        "type": "LineString",
        "coordinates": [
          [
            19.9354744,
            50.0613415
          ],
          [
            19.9354441,
            50.0613065
          ],
          [
            19.9353227,
            50.0611745
          ],
          [
            19.9353131,
            50.0611622
          ],
          [
            19.935285,
            50.0611264
          ]
        ]
      },
      "id": "way/829267677"
    },
    {
      "type": "Feature",
      "properties": {
        "@id": "way/829310310",
        "goods": "delivery",
        "highway": "living_street",
        "lanes": "2",
        "lit": "yes",
        "maxspeed": "20",
        "maxweight": "2.5",
        "motor_vehicle": "private",
        "name": "Szpitalna",
        "name:be": "Шпітальная вуліца",
        "name:de": "Spitalgasse",
        "name:pl": "Szpitalna",
        "psv": "yes",
        "smoothness": "excellent",
        "source:maxspeed": "PL:living_street",
        "surface": "sett",
        "taxi": "yes"
      },
      "geometry": {
        "type": "LineString",
        "coordinates": [
          [
            19.9421362,
            50.0640193
          ],
          [
            19.9423846,
            50.0643645
          ],
          [
            19.9423997,
            50.0643871
          ],
          [
            19.942475,
            50.0644923
          ]
        ]
      },
      "id": "way/829310310"
    },
    {
      "type": "Feature",
      "properties": {
        "@id": "way/829709545",
        "highway": "service",
        "lit": "no",
        "motor_vehicle": "no",
        "service": "driveway",
        "surface": "sett"
      },
      "geometry": {
        "type": "LineString",
        "coordinates": [
          [
            19.9278939,
            50.0794465
          ],
          [
            19.9279218,
            50.0794854
          ],
          [
            19.9279257,
            50.0794998
          ],
          [
            19.9279261,
            50.0795228
          ],
          [
            19.9279169,
            50.0795534
          ],
          [
            19.9278633,
            50.0796686
          ],
          [
            19.9278003,
            50.0797828
          ],
          [
            19.9277853,
            50.0798339
          ],
          [
            19.927782,
            50.0798822
          ],
          [
            19.9277948,
            50.0799891
          ]
        ]
      },
      "id": "way/829709545"
    },
    {
      "type": "Feature",
      "properties": {
        "@id": "way/829758315",
        "bicycle": "yes",
        "goods": "delivery",
        "highway": "living_street",
        "lit": "yes",
        "maxspeed": "20",
        "motor_vehicle": "private",
        "name": "Świętego Tomasza",
        "name:de": "Thomasgasse",
        "name:etymology:wikidata": "Q9438",
        "old_name": "Ludwika Solskiego",
        "oneway": "yes",
        "psv": "yes",
        "smoothness": "intermediate",
        "source:maxspeed": "PL:living_street",
        "surface": "sett",
        "taxi": "yes"
      },
      "geometry": {
        "type": "LineString",
        "coordinates": [
          [
            19.9353406,
            50.0642235
          ],
          [
            19.9351647,
            50.064283
          ]
        ]
      },
      "id": "way/829758315"
    },
    {
      "type": "Feature",
      "properties": {
        "@id": "way/842500944",
        "highway": "footway",
        "lit": "yes",
        "surface": "sett"
      },
      "geometry": {
        "type": "LineString",
        "coordinates": [
          [
            19.9825523,
            50.0366399
          ],
          [
            19.9825963,
            50.0366393
          ]
        ]
      },
      "id": "way/842500944"
    },
    {
      "type": "Feature",
      "properties": {
        "@id": "way/843697467",
        "footway": "sidewalk",
        "highway": "footway",
        "lit": "yes",
        "smoothness": "intermediate",
        "surface": "sett"
      },
      "geometry": {
        "type": "LineString",
        "coordinates": [
          [
            19.9491654,
            50.0650126
          ],
          [
            19.949145,
            50.0650107
          ],
          [
            19.949143,
            50.0649867
          ],
          [
            19.9491305,
            50.0649806
          ],
          [
            19.9487155,
            50.0649454
          ],
          [
            19.9482786,
            50.0649058
          ],
          [
            19.9477021,
            50.0648551
          ]
        ]
      },
      "id": "way/843697467"
    },
    {
      "type": "Feature",
      "properties": {
        "@id": "way/845101225",
        "highway": "footway",
        "lit": "yes",
        "source": "http://ump.waw.pl/ retrieved 11:04:55 11/17/09 (UMP-Krakow/src/KRAKOW_II_GRZEGORZKI.ulice.txt)",
        "surface": "sett"
      },
      "geometry": {
        "type": "LineString",
        "coordinates": [
          [
            19.9601195,
            50.0653284
          ],
          [
            19.9600011,
            50.0652733
          ]
        ]
      },
      "id": "way/845101225"
    },
    {
      "type": "Feature",
      "properties": {
        "@id": "way/854588844",
        "footway": "crossing",
        "highway": "footway",
        "surface": "sett"
      },
      "geometry": {
        "type": "LineString",
        "coordinates": [
          [
            19.9453212,
            50.0401335
          ],
          [
            19.9453003,
            50.0401317
          ],
          [
            19.9452851,
            50.0401304
          ],
          [
            19.9452168,
            50.0401084
          ],
          [
            19.9451585,
            50.0400862
          ]
        ]
      },
      "id": "way/854588844"
    },
    {
      "type": "Feature",
      "properties": {
        "@id": "way/871931673",
        "footway": "crossing",
        "highway": "footway",
        "lit": "yes",
        "smoothness": "intermediate",
        "surface": "sett"
      },
      "geometry": {
        "type": "LineString",
        "coordinates": [
          [
            19.9496465,
            50.0686789
          ],
          [
            19.9496117,
            50.0686637
          ],
          [
            19.9495801,
            50.0686499
          ]
        ]
      },
      "id": "way/871931673"
    },
    {
      "type": "Feature",
      "properties": {
        "@id": "way/890234405",
        "highway": "footway",
        "lit": "yes",
        "smoothness": "bad",
        "surface": "sett"
      },
      "geometry": {
        "type": "LineString",
        "coordinates": [
          [
            19.9367629,
            50.055481
          ],
          [
            19.9368325,
            50.0554834
          ],
          [
            19.9368943,
            50.0554867
          ]
        ]
      },
      "id": "way/890234405"
    },
    {
      "type": "Feature",
      "properties": {
        "@id": "way/890234566",
        "bicycle": "yes",
        "cycleway:both": "no",
        "highway": "pedestrian",
        "lit": "no",
        "maxspeed": "20",
        "name": "Kanonicza",
        "name:be": "Кананічная вуліца",
        "name:pl": "Kanonicza",
        "oneway": "yes",
        "oneway:bicycle": "no",
        "smoothness": "intermediate",
        "source:bicycle": "sign",
        "source:maxspeed": "PL:living_street",
        "surface": "sett",
        "wikidata": "Q8255537",
        "wikipedia": "pl:Ulica Kanonicza w Krakowie"
      },
      "geometry": {
        "type": "LineString",
        "coordinates": [
          [
            19.9375338,
            50.0576314
          ],
          [
            19.9375303,
            50.0574125
          ],
          [
            19.9375309,
            50.0573644
          ],
          [
            19.9375313,
            50.0573266
          ],
          [
            19.9375332,
            50.0571619
          ],
          [
            19.9375334,
            50.0571435
          ],
          [
            19.937535,
            50.0570924
          ],
          [
            19.9375378,
            50.0569412
          ]
        ]
      },
      "id": "way/890234566"
    },
    {
      "type": "Feature",
      "properties": {
        "@id": "way/893705987",
        "highway": "service",
        "lit": "yes",
        "maxspeed": "30",
        "smoothness": "bad",
        "source:maxspeed": "PL:zone30",
        "surface": "sett"
      },
      "geometry": {
        "type": "LineString",
        "coordinates": [
          [
            20.0358796,
            50.0820958
          ],
          [
            20.0358427,
            50.0820759
          ],
          [
            20.035779,
            50.0820416
          ],
          [
            20.0357149,
            50.0819981
          ],
          [
            20.0355123,
            50.0818886
          ]
        ]
      },
      "id": "way/893705987"
    },
    {
      "type": "Feature",
      "properties": {
        "@id": "way/893711446",
        "bicycle": "yes",
        "highway": "footway",
        "lit": "yes",
        "smoothness": "bad",
        "source:bicycle": "PL:not_sidewalk",
        "surface": "sett"
      },
      "geometry": {
        "type": "LineString",
        "coordinates": [
          [
            20.0358427,
            50.0820759
          ],
          [
            20.0358521,
            50.0821721
          ]
        ]
      },
      "id": "way/893711446"
    },
    {
      "type": "Feature",
      "properties": {
        "@id": "way/901886306",
        "highway": "service",
        "service": "driveway",
        "surface": "sett"
      },
      "geometry": {
        "type": "LineString",
        "coordinates": [
          [
            19.9420992,
            50.05139
          ],
          [
            19.9420918,
            50.0513884
          ],
          [
            19.9420795,
            50.0513858
          ],
          [
            19.94202,
            50.051373
          ]
        ]
      },
      "id": "way/901886306"
    },
    {
      "type": "Feature",
      "properties": {
        "@id": "way/901886307",
        "highway": "service",
        "service": "driveway",
        "surface": "sett"
      },
      "geometry": {
        "type": "LineString",
        "coordinates": [
          [
            19.9422376,
            50.0511124
          ],
          [
            19.9422612,
            50.0511173
          ],
          [
            19.9423488,
            50.0511354
          ],
          [
            19.9423623,
            50.0511378
          ]
        ]
      },
      "id": "way/901886307"
    },
    {
      "type": "Feature",
      "properties": {
        "@id": "way/901886308",
        "highway": "service",
        "service": "driveway",
        "surface": "sett"
      },
      "geometry": {
        "type": "LineString",
        "coordinates": [
          [
            19.9421574,
            50.0512782
          ],
          [
            19.9421798,
            50.0512826
          ],
          [
            19.9422648,
            50.0512995
          ],
          [
            19.942278,
            50.0513025
          ]
        ]
      },
      "id": "way/901886308"
    },
    {
      "type": "Feature",
      "properties": {
        "@id": "way/901886310",
        "highway": "footway",
        "lit": "yes",
        "surface": "sett"
      },
      "geometry": {
        "type": "LineString",
        "coordinates": [
          [
            19.943483,
            50.0534277
          ],
          [
            19.9435062,
            50.0534211
          ]
        ]
      },
      "id": "way/901886310"
    },
    {
      "type": "Feature",
      "properties": {
        "@id": "way/901886311",
        "highway": "service",
        "lit": "yes",
        "service": "driveway",
        "surface": "sett"
      },
      "geometry": {
        "type": "LineString",
        "coordinates": [
          [
            19.9431653,
            50.0531456
          ],
          [
            19.9432414,
            50.0531216
          ],
          [
            19.943265,
            50.0531131
          ]
        ]
      },
      "id": "way/901886311"
    },
    {
      "type": "Feature",
      "properties": {
        "@id": "way/901886312",
        "highway": "footway",
        "lit": "yes",
        "surface": "sett"
      },
      "geometry": {
        "type": "LineString",
        "coordinates": [
          [
            19.943103,
            50.0529424
          ],
          [
            19.9431234,
            50.0529367
          ]
        ]
      },
      "id": "way/901886312"
    },
    {
      "type": "Feature",
      "properties": {
        "@id": "way/901897874",
        "highway": "service",
        "service": "driveway",
        "surface": "sett"
      },
      "geometry": {
        "type": "LineString",
        "coordinates": [
          [
            19.9470969,
            50.0481912
          ],
          [
            19.9470378,
            50.0481793
          ],
          [
            19.9469908,
            50.0481696
          ]
        ]
      },
      "id": "way/901897874"
    },
    {
      "type": "Feature",
      "properties": {
        "@id": "way/901897875",
        "highway": "service",
        "service": "driveway",
        "surface": "sett"
      },
      "geometry": {
        "type": "LineString",
        "coordinates": [
          [
            19.9470276,
            50.0483038
          ],
          [
            19.9469637,
            50.0482883
          ],
          [
            19.9469484,
            50.0482854
          ]
        ]
      },
      "id": "way/901897875"
    },
    {
      "type": "Feature",
      "properties": {
        "@id": "way/901919357",
        "highway": "footway",
        "surface": "sett"
      },
      "geometry": {
        "type": "LineString",
        "coordinates": [
          [
            19.9283354,
            50.0633967
          ],
          [
            19.9283391,
            50.0633833
          ]
        ]
      },
      "id": "way/901919357"
    },
    {
      "type": "Feature",
      "properties": {
        "@id": "way/907773449",
        "footway": "crossing",
        "highway": "footway",
        "lit": "yes",
        "surface": "sett"
      },
      "geometry": {
        "type": "LineString",
        "coordinates": [
          [
            19.9495123,
            50.0503693
          ],
          [
            19.949502,
            50.0503921
          ],
          [
            19.9494956,
            50.0504071
          ],
          [
            19.9494924,
            50.0504153
          ],
          [
            19.9494711,
            50.0504663
          ]
        ]
      },
      "id": "way/907773449"
    },
    {
      "type": "Feature",
      "properties": {
        "@id": "way/907773450",
        "footway": "crossing",
        "highway": "footway",
        "lit": "yes",
        "surface": "sett"
      },
      "geometry": {
        "type": "LineString",
        "coordinates": [
          [
            19.9497929,
            50.050532
          ],
          [
            19.9498163,
            50.0504843
          ],
          [
            19.9498215,
            50.0504749
          ],
          [
            19.9498281,
            50.0504595
          ],
          [
            19.9498391,
            50.0504364
          ]
        ]
      },
      "id": "way/907773450"
    },
    {
      "type": "Feature",
      "properties": {
        "@id": "way/915209980",
        "highway": "service",
        "smoothness": "very_bad",
        "surface": "sett"
      },
      "geometry": {
        "type": "LineString",
        "coordinates": [
          [
            20.0440507,
            50.0796573
          ],
          [
            20.043915,
            50.0795666
          ],
          [
            20.0437902,
            50.0795694
          ],
          [
            20.0436532,
            50.0796314
          ]
        ]
      },
      "id": "way/915209980"
    },
    {
      "type": "Feature",
      "properties": {
        "@id": "way/915209981",
        "highway": "service",
        "lit": "yes",
        "smoothness": "bad",
        "surface": "sett"
      },
      "geometry": {
        "type": "LineString",
        "coordinates": [
          [
            20.0444737,
            50.0799682
          ],
          [
            20.0443827,
            50.0799701
          ],
          [
            20.0440507,
            50.0796573
          ],
          [
            20.0441182,
            50.0796279
          ]
        ]
      },
      "id": "way/915209981"
    },
    {
      "type": "Feature",
      "properties": {
        "@id": "way/923429755",
        "bicycle": "yes",
        "highway": "living_street",
        "lit": "yes",
        "maxspeed": "20",
        "motor_vehicle": "private",
        "name": "Gołębia",
        "name:de": "Taubegasse",
        "name:pl": "Gołębia",
        "sidewalk": "no",
        "source:bicycle": "sign",
        "source:maxspeed": "PL:zone20",
        "surface": "sett"
      },
      "geometry": {
        "type": "LineString",
        "coordinates": [
          [
            19.9330026,
            50.0612436
          ],
          [
            19.9335633,
            50.0610604
          ],
          [
            19.9336535,
            50.0610303
          ],
          [
            19.9336966,
            50.061016
          ]
        ]
      },
      "id": "way/923429755"
    },
    {
      "type": "Feature",
      "properties": {
        "@id": "way/927288937",
        "handrail": "no",
        "highway": "steps",
        "incline": "up",
        "ramp": "no",
        "step_count": "3",
        "surface": "sett",
        "tactile_paving": "no"
      },
      "geometry": {
        "type": "LineString",
        "coordinates": [
          [
            19.9106393,
            50.0754625
          ],
          [
            19.9106236,
            50.0754659
          ]
        ]
      },
      "id": "way/927288937"
    },
    {
      "type": "Feature",
      "properties": {
        "@id": "way/927288938",
        "highway": "footway",
        "surface": "sett"
      },
      "geometry": {
        "type": "LineString",
        "coordinates": [
          [
            19.9106236,
            50.0754659
          ],
          [
            19.91061,
            50.0754688
          ],
          [
            19.910582,
            50.0754739
          ]
        ]
      },
      "id": "way/927288938"
    },
    {
      "type": "Feature",
      "properties": {
        "@id": "way/930829721",
        "footway": "crossing",
        "highway": "footway",
        "lit": "yes",
        "smoothness": "bad",
        "surface": "sett"
      },
      "geometry": {
        "type": "LineString",
        "coordinates": [
          [
            20.0375232,
            50.072857
          ],
          [
            20.0375898,
            50.0728478
          ],
          [
            20.0376526,
            50.0728405
          ]
        ]
      },
      "id": "way/930829721"
    },
    {
      "type": "Feature",
      "properties": {
        "@id": "way/930829723",
        "bicycle": "designated",
        "foot": "designated",
        "highway": "path",
        "lit": "yes",
        "path": "crossing",
        "segregated": "no",
        "smoothness": "intermediate",
        "source:cycleway:width": "ARCore",
        "surface": "sett"
      },
      "geometry": {
        "type": "LineString",
        "coordinates": [
          [
            20.0374551,
            50.0726786
          ],
          [
            20.0375334,
            50.0726695
          ],
          [
            20.037604,
            50.072661
          ]
        ]
      },
      "id": "way/930829723"
    },
    {
      "type": "Feature",
      "properties": {
        "@id": "way/933997153",
        "highway": "footway",
        "lit": "no",
        "surface": "sett"
      },
      "geometry": {
        "type": "LineString",
        "coordinates": [
          [
            19.9064353,
            50.0189896
          ],
          [
            19.9067502,
            50.0188792
          ],
          [
            19.9068143,
            50.0187694
          ]
        ]
      },
      "id": "way/933997153"
    },
    {
      "type": "Feature",
      "properties": {
        "@id": "way/944964320",
        "highway": "service",
        "incline": "up",
        "service": "driveway",
        "surface": "sett"
      },
      "geometry": {
        "type": "LineString",
        "coordinates": [
          [
            20.0373441,
            50.0922156
          ],
          [
            20.0370645,
            50.0922777
          ]
        ]
      },
      "id": "way/944964320"
    },
    {
      "type": "Feature",
      "properties": {
        "@id": "way/946837688",
        "highway": "service",
        "surface": "sett"
      },
      "geometry": {
        "type": "LineString",
        "coordinates": [
          [
            19.9357795,
            50.0719406
          ],
          [
            19.9356185,
            50.0718766
          ],
          [
            19.9353795,
            50.0717958
          ]
        ]
      },
      "id": "way/946837688"
    },
    {
      "type": "Feature",
      "properties": {
        "@id": "way/947739104",
        "highway": "footway",
        "lit": "yes",
        "surface": "sett"
      },
      "geometry": {
        "type": "LineString",
        "coordinates": [
          [
            19.9589463,
            50.0662821
          ],
          [
            19.9589661,
            50.0662863
          ]
        ]
      },
      "id": "way/947739104"
    },
    {
      "type": "Feature",
      "properties": {
        "@id": "way/947739109",
        "highway": "footway",
        "lit": "yes",
        "surface": "sett"
      },
      "geometry": {
        "type": "LineString",
        "coordinates": [
          [
            19.9588896,
            50.0662705
          ],
          [
            19.9589463,
            50.0662821
          ]
        ]
      },
      "id": "way/947739109"
    },
    {
      "type": "Feature",
      "properties": {
        "@id": "way/947739110",
        "highway": "footway",
        "lit": "yes",
        "surface": "sett"
      },
      "geometry": {
        "type": "LineString",
        "coordinates": [
          [
            19.9592877,
            50.0662412
          ],
          [
            19.9593017,
            50.0662337
          ]
        ]
      },
      "id": "way/947739110"
    },
    {
      "type": "Feature",
      "properties": {
        "@id": "way/952154112",
        "bicycle": "yes",
        "check_date": "2023-07-07",
        "highway": "footway",
        "lit": "yes",
        "smoothness": "good",
        "surface": "sett"
      },
      "geometry": {
        "type": "LineString",
        "coordinates": [
          [
            20.0376077,
            50.0736056
          ],
          [
            20.0376732,
            50.0737981
          ],
          [
            20.0378154,
            50.0742393
          ],
          [
            20.0378968,
            50.0744902
          ]
        ]
      },
      "id": "way/952154112"
    },
    {
      "type": "Feature",
      "properties": {
        "@id": "way/952454052",
        "bicycle": "yes",
        "check_date": "2023-07-07",
        "highway": "footway",
        "lit": "yes",
        "smoothness": "good",
        "surface": "sett"
      },
      "geometry": {
        "type": "LineString",
        "coordinates": [
          [
            20.038313,
            50.0744339
          ],
          [
            20.0382327,
            50.0741851
          ],
          [
            20.038094,
            50.0737424
          ],
          [
            20.03804,
            50.0735531
          ],
          [
            20.0380388,
            50.0734604
          ],
          [
            20.0380374,
            50.0734027
          ]
        ]
      },
      "id": "way/952454052"
    },
    {
      "type": "Feature",
      "properties": {
        "@id": "way/955140618",
        "bicycle": "use_sidepath",
        "highway": "residential",
        "lane_markings": "no",
        "lit": "yes",
        "maxspeed:type": "PL:urban",
        "noname": "yes",
        "smoothness": "intermediate",
        "source:width": "ARCore",
        "surface": "sett",
        "width": "10.3"
      },
      "geometry": {
        "type": "LineString",
        "coordinates": [
          [
            20.0411109,
            50.0732644
          ],
          [
            20.0410172,
            50.0734071
          ]
        ]
      },
      "id": "way/955140618"
    },
    {
      "type": "Feature",
      "properties": {
        "@id": "way/964890756",
        "highway": "service",
        "service": "driveway",
        "surface": "sett"
      },
      "geometry": {
        "type": "LineString",
        "coordinates": [
          [
            20.0370645,
            50.0922777
          ],
          [
            20.0368715,
            50.0923199
          ]
        ]
      },
      "id": "way/964890756"
    },
    {
      "type": "Feature",
      "properties": {
        "@id": "way/965387514",
        "highway": "footway",
        "surface": "sett"
      },
      "geometry": {
        "type": "LineString",
        "coordinates": [
          [
            19.905627,
            50.0519322
          ],
          [
            19.9053467,
            50.0519245
          ]
        ]
      },
      "id": "way/965387514"
    },
    {
      "type": "Feature",
      "properties": {
        "@id": "way/970756748",
        "highway": "service",
        "service": "driveway",
        "smoothness": "intermediate",
        "surface": "sett"
      },
      "geometry": {
        "type": "LineString",
        "coordinates": [
          [
            20.049816,
            50.0687394
          ],
          [
            20.0498007,
            50.0687421
          ],
          [
            20.0497762,
            50.0687464
          ]
        ]
      },
      "id": "way/970756748"
    },
    {
      "type": "Feature",
      "properties": {
        "@id": "way/970756750",
        "highway": "service",
        "service": "driveway",
        "smoothness": "intermediate",
        "surface": "sett"
      },
      "geometry": {
        "type": "LineString",
        "coordinates": [
          [
            20.0495828,
            50.0683013
          ],
          [
            20.0496069,
            50.0682973
          ],
          [
            20.0496227,
            50.0682947
          ]
        ]
      },
      "id": "way/970756750"
    },
    {
      "type": "Feature",
      "properties": {
        "@id": "way/972549726",
        "highway": "service",
        "smoothness": "intermediate",
        "surface": "sett"
      },
      "geometry": {
        "type": "LineString",
        "coordinates": [
          [
            20.0325475,
            50.0773798
          ],
          [
            20.0324608,
            50.0774437
          ]
        ]
      },
      "id": "way/972549726"
    },
    {
      "type": "Feature",
      "properties": {
        "@id": "way/972549727",
        "highway": "service",
        "surface": "sett"
      },
      "geometry": {
        "type": "LineString",
        "coordinates": [
          [
            20.0329629,
            50.0777156
          ],
          [
            20.0330332,
            50.0776612
          ]
        ]
      },
      "id": "way/972549727"
    },
    {
      "type": "Feature",
      "properties": {
        "@id": "way/977164620",
        "highway": "footway",
        "lit": "yes",
        "smoothness": "intermediate",
        "surface": "sett"
      },
      "geometry": {
        "type": "LineString",
        "coordinates": [
          [
            20.0353277,
            50.0792031
          ],
          [
            20.0353781,
            50.0791662
          ]
        ]
      },
      "id": "way/977164620"
    },
    {
      "type": "Feature",
      "properties": {
        "@id": "way/977164621",
        "highway": "footway",
        "lit": "yes",
        "smoothness": "intermediate",
        "surface": "sett"
      },
      "geometry": {
        "type": "LineString",
        "coordinates": [
          [
            20.035299,
            50.079206
          ],
          [
            20.0352617,
            50.0791866
          ]
        ]
      },
      "id": "way/977164621"
    },
    {
      "type": "Feature",
      "properties": {
        "@id": "way/977350771",
        "highway": "service",
        "surface": "sett"
      },
      "geometry": {
        "type": "LineString",
        "coordinates": [
          [
            19.9493844,
            50.0717567
          ],
          [
            19.9494601,
            50.0717126
          ]
        ]
      },
      "id": "way/977350771"
    },
    {
      "type": "Feature",
      "properties": {
        "@id": "way/978564376",
        "highway": "footway",
        "surface": "sett"
      },
      "geometry": {
        "type": "LineString",
        "coordinates": [
          [
            19.9761744,
            50.0683812
          ],
          [
            19.976274,
            50.0684045
          ]
        ]
      },
      "id": "way/978564376"
    },
    {
      "type": "Feature",
      "properties": {
        "@id": "way/979668354",
        "highway": "service",
        "oneway": "no",
        "smoothness": "bad",
        "surface": "sett"
      },
      "geometry": {
        "type": "LineString",
        "coordinates": [
          [
            20.0524298,
            50.0694263
          ],
          [
            20.0527109,
            50.069384
          ],
          [
            20.0527204,
            50.0693825
          ]
        ]
      },
      "id": "way/979668354"
    },
    {
      "type": "Feature",
      "properties": {
        "@id": "way/987116266",
        "highway": "footway",
        "surface": "sett"
      },
      "geometry": {
        "type": "LineString",
        "coordinates": [
          [
            19.9348318,
            50.0533765
          ],
          [
            19.9347825,
            50.0533069
          ],
          [
            19.9347949,
            50.0532598
          ],
          [
            19.9347566,
            50.053217
          ],
          [
            19.9348611,
            50.0531818
          ],
          [
            19.9349508,
            50.0531407
          ]
        ]
      },
      "id": "way/987116266"
    },
    {
      "type": "Feature",
      "properties": {
        "@id": "way/992511960",
        "highway": "service",
        "surface": "sett"
      },
      "geometry": {
        "type": "LineString",
        "coordinates": [
          [
            20.0453395,
            50.0656351
          ],
          [
            20.0454429,
            50.0656382
          ]
        ]
      },
      "id": "way/992511960"
    },
    {
      "type": "Feature",
      "properties": {
        "@id": "way/992514265",
        "highway": "service",
        "maxheight": "3.5",
        "service": "parking_aisle",
        "surface": "sett",
        "tunnel": "building_passage"
      },
      "geometry": {
        "type": "LineString",
        "coordinates": [
          [
            20.0469246,
            50.0656883
          ],
          [
            20.0467441,
            50.0656812
          ]
        ]
      },
      "id": "way/992514265"
    },
    {
      "type": "Feature",
      "properties": {
        "@id": "way/993459809",
        "highway": "footway",
        "lit": "yes",
        "surface": "sett"
      },
      "geometry": {
        "type": "LineString",
        "coordinates": [
          [
            19.9697815,
            50.0889068
          ],
          [
            19.9697563,
            50.0891994
          ]
        ]
      },
      "id": "way/993459809"
    },
    {
      "type": "Feature",
      "properties": {
        "@id": "way/996723741",
        "highway": "footway",
        "lit": "yes",
        "surface": "sett"
      },
      "geometry": {
        "type": "LineString",
        "coordinates": [
          [
            19.9412802,
            50.0648594
          ],
          [
            19.9412872,
            50.0648582
          ]
        ]
      },
      "id": "way/996723741"
    },
    {
      "type": "Feature",
      "properties": {
        "@id": "way/997099300",
        "check_date:smoothness": "2024-08-15",
        "crossing": "unmarked",
        "crossing:markings": "no",
        "footway": "crossing",
        "highway": "footway",
        "lit": "yes",
        "smoothness": "intermediate",
        "surface": "sett"
      },
      "geometry": {
        "type": "LineString",
        "coordinates": [
          [
            19.9126483,
            50.0681539
          ],
          [
            19.9126291,
            50.0681349
          ],
          [
            19.9126089,
            50.068115
          ]
        ]
      },
      "id": "way/997099300"
    },
    {
      "type": "Feature",
      "properties": {
        "@id": "way/997099301",
        "highway": "footway",
        "lit": "yes",
        "smoothness": "intermediate",
        "surface": "sett"
      },
      "geometry": {
        "type": "LineString",
        "coordinates": [
          [
            19.9126089,
            50.068115
          ],
          [
            19.9126026,
            50.0681087
          ],
          [
            19.9125834,
            50.0680891
          ]
        ]
      },
      "id": "way/997099301"
    },
    {
      "type": "Feature",
      "properties": {
        "@id": "way/1009734955",
        "highway": "service",
        "surface": "sett"
      },
      "geometry": {
        "type": "LineString",
        "coordinates": [
          [
            19.9468214,
            50.0391886
          ],
          [
            19.9468275,
            50.0391963
          ],
          [
            19.9469157,
            50.0393086
          ],
          [
            19.9469527,
            50.0393557
          ],
          [
            19.9470348,
            50.0394601
          ]
        ]
      },
      "id": "way/1009734955"
    },
    {
      "type": "Feature",
      "properties": {
        "@id": "way/1012468216",
        "access": "customers",
        "highway": "footway",
        "noname": "yes",
        "surface": "unhewn_cobblestone"
      },
      "geometry": {
        "type": "LineString",
        "coordinates": [
          [
            19.9416426,
            50.0655055
          ],
          [
            19.9415248,
            50.0655688
          ]
        ]
      },
      "id": "way/1012468216"
    },
    {
      "type": "Feature",
      "properties": {
        "@id": "way/1012481827",
        "crossing": "unmarked",
        "crossing:markings": "no",
        "footway": "crossing",
        "highway": "footway",
        "surface": "sett"
      },
      "geometry": {
        "type": "LineString",
        "coordinates": [
          [
            19.9417482,
            50.0612575
          ],
          [
            19.9417725,
            50.0612515
          ],
          [
            19.9418291,
            50.0612376
          ]
        ]
      },
      "id": "way/1012481827"
    },
    {
      "type": "Feature",
      "properties": {
        "@id": "way/1013618099",
        "bicycle": "no",
        "highway": "footway",
        "lit": "yes",
        "name": "Floriańska",
        "name:de": "Floriangasse",
        "name:etymology:wikidata": "Q298845",
        "name:hu": "Flórián utca",
        "name:ru": "Флорианская улица",
        "smoothness": "intermediate",
        "source:bicycle": "sign",
        "surface": "sett",
        "tourism": "attraction",
        "wikidata": "Q9365137",
        "wikipedia": "pl:Ulica Floriańska w Krakowie"
      },
      "geometry": {
        "type": "LineString",
        "coordinates": [
          [
            19.9414957,
            50.0651911
          ],
          [
            19.9415006,
            50.0652025
          ]
        ]
      },
      "id": "way/1013618099"
    },
    {
      "type": "Feature",
      "properties": {
        "@id": "way/1013618100",
        "bicycle": "no",
        "bridge": "yes",
        "highway": "footway",
        "layer": "1",
        "lit": "yes",
        "smoothness": "intermediate",
        "source:bicycle": "sign",
        "surface": "sett"
      },
      "geometry": {
        "type": "LineString",
        "coordinates": [
          [
            19.9415006,
            50.0652025
          ],
          [
            19.9415378,
            50.0652889
          ]
        ]
      },
      "id": "way/1013618100"
    },
    {
      "type": "Feature",
      "properties": {
        "@id": "way/1013618101",
        "bicycle": "no",
        "highway": "footway",
        "lit": "yes",
        "smoothness": "intermediate",
        "source:bicycle": "sign",
        "surface": "sett"
      },
      "geometry": {
        "type": "LineString",
        "coordinates": [
          [
            19.9415378,
            50.0652889
          ],
          [
            19.9415432,
            50.0653015
          ]
        ]
      },
      "id": "way/1013618101"
    },
    {
      "type": "Feature",
      "properties": {
        "@id": "way/1021936169",
        "highway": "service",
        "lit": "yes",
        "maxspeed": "30",
        "smoothness": "intermediate",
        "source:maxspeed": "PL:zone30",
        "surface": "sett"
      },
      "geometry": {
        "type": "LineString",
        "coordinates": [
          [
            20.0361349,
            50.080945
          ],
          [
            20.0361018,
            50.0809144
          ],
          [
            20.0360339,
            50.0808491
          ],
          [
            20.0360155,
            50.0808167
          ],
          [
            20.0359893,
            50.0807415
          ],
          [
            20.0358779,
            50.0806602
          ],
          [
            20.0358716,
            50.0806323
          ],
          [
            20.0359175,
            50.0805904
          ]
        ]
      },
      "id": "way/1021936169"
    },
    {
      "type": "Feature",
      "properties": {
        "@id": "way/1023428820",
        "bicycle": "yes",
        "highway": "footway",
        "lit": "yes",
        "smoothness": "bad",
        "source:bicycle": "PL:not_sidewalk",
        "surface": "sett",
        "width": "2"
      },
      "geometry": {
        "type": "LineString",
        "coordinates": [
          [
            20.0273435,
            50.0737626
          ],
          [
            20.0273552,
            50.0737573
          ],
          [
            20.0273528,
            50.0737406
          ]
        ]
      },
      "id": "way/1023428820"
    },
    {
      "type": "Feature",
      "properties": {
        "@id": "way/1024224630",
        "cycleway:both": "no",
        "highway": "residential",
        "lanes": "1",
        "lit": "yes",
        "maxspeed:type": "PL:urban",
        "noname": "yes",
        "oneway": "no",
        "sidewalk": "no",
        "smoothness": "intermediate",
        "surface": "sett",
        "width": "3.3"
      },
      "geometry": {
        "type": "LineString",
        "coordinates": [
          [
            20.0395377,
            50.0730234
          ],
          [
            20.0395574,
            50.0730683
          ]
        ]
      },
      "id": "way/1024224630"
    },
    {
      "type": "Feature",
      "properties": {
        "@id": "way/1024224632",
        "cycleway:both": "no",
        "highway": "residential",
        "lane_markings": "no",
        "lit": "yes",
        "maxspeed:type": "PL:urban",
        "noname": "yes",
        "oneway": "no",
        "sidewalk": "no",
        "smoothness": "intermediate",
        "surface": "sett",
        "width": "3.4"
      },
      "geometry": {
        "type": "LineString",
        "coordinates": [
          [
            20.0410172,
            50.0734071
          ],
          [
            20.0410328,
            50.0734605
          ]
        ]
      },
      "id": "way/1024224632"
    },
    {
      "type": "Feature",
      "properties": {
        "@id": "way/1024311343",
        "highway": "living_street",
        "maxspeed": "20",
        "noname": "yes",
        "source:maxspeed": "PL:living_street",
        "surface": "sett"
      },
      "geometry": {
        "type": "LineString",
        "coordinates": [
          [
            19.9630932,
            50.0545947
          ],
          [
            19.9631239,
            50.0545426
          ],
          [
            19.9631376,
            50.0545148
          ],
          [
            19.963211,
            50.054366
          ],
          [
            19.9632603,
            50.0543149
          ]
        ]
      },
      "id": "way/1024311343"
    },
    {
      "type": "Feature",
      "properties": {
        "@id": "way/1024311344",
        "access": "permissive",
        "highway": "living_street",
        "maxspeed": "20",
        "noname": "yes",
        "source:maxspeed": "PL:living_street",
        "surface": "sett",
        "width": "5"
      },
      "geometry": {
        "type": "LineString",
        "coordinates": [
          [
            19.9630421,
            50.0546647
          ],
          [
            19.9630932,
            50.0545947
          ]
        ]
      },
      "id": "way/1024311344"
    },
    {
      "type": "Feature",
      "properties": {
        "@id": "way/1033531247",
        "highway": "footway",
        "lit": "no",
        "smoothness": "intermediate",
        "surface": "sett"
      },
      "geometry": {
        "type": "LineString",
        "coordinates": [
          [
            19.8481215,
            50.0600682
          ],
          [
            19.8479145,
            50.0600641
          ],
          [
            19.8479053,
            50.0599729
          ]
        ]
      },
      "id": "way/1033531247"
    },
    {
      "type": "Feature",
      "properties": {
        "@id": "way/1040190140",
        "highway": "service",
        "layer": "-1",
        "surface": "sett",
        "tunnel": "yes"
      },
      "geometry": {
        "type": "LineString",
        "coordinates": [
          [
            19.9166611,
            50.0201703
          ],
          [
            19.9167144,
            50.020178
          ]
        ]
      },
      "id": "way/1040190140"
    },
    {
      "type": "Feature",
      "properties": {
        "@id": "way/1050274545",
        "highway": "footway",
        "surface": "sett"
      },
      "geometry": {
        "type": "LineString",
        "coordinates": [
          [
            19.9125193,
            50.0680281
          ],
          [
            19.9124722,
            50.067881
          ],
          [
            19.9124573,
            50.0678325
          ],
          [
            19.9132063,
            50.0677319
          ],
          [
            19.9132658,
            50.0677239
          ]
        ]
      },
      "id": "way/1050274545"
    },
    {
      "type": "Feature",
      "properties": {
        "@id": "way/1070989433",
        "bicycle": "yes",
        "cycleway:left": "no",
        "goods": "delivery",
        "highway": "living_street",
        "horse": "yes",
        "lit": "yes",
        "maxspeed": "20",
        "motor_vehicle": "private",
        "name": "Świętego Marka",
        "name:be": "вуліца Святога Марка",
        "name:de": "Markusgasse",
        "name:pl": "Świętego Marka",
        "oneway": "yes",
        "oneway:bicycle": "no",
        "psv": "yes",
        "smoothness": "intermediate",
        "source:maxspeed": "PL:living_street",
        "surface": "sett",
        "taxi": "yes"
      },
      "geometry": {
        "type": "LineString",
        "coordinates": [
          [
            19.9380137,
            50.0643085
          ],
          [
            19.9380431,
            50.0643006
          ],
          [
            19.9380708,
            50.064295
          ],
          [
            19.9381472,
            50.0642846
          ],
          [
            19.9381755,
            50.0642813
          ],
          [
            19.9382034,
            50.0642765
          ],
          [
            19.9391284,
            50.0640114
          ],
          [
            19.9391408,
            50.0640072
          ],
          [
            19.9391839,
            50.0639927
          ],
          [
            19.9392019,
            50.063985
          ],
          [
            19.9392194,
            50.0639769
          ],
          [
            19.9392473,
            50.0639647
          ],
          [
            19.9392768,
            50.0639508
          ],
          [
            19.9392957,
            50.0639436
          ],
          [
            19.9395597,
            50.0638697
          ],
          [
            19.94003,
            50.0637411
          ],
          [
            19.940058,
            50.0637335
          ],
          [
            19.9403401,
            50.063653
          ],
          [
            19.9404331,
            50.0636267
          ],
          [
            19.940578,
            50.0635841
          ],
          [
            19.9406263,
            50.0635691
          ],
          [
            19.9406692,
            50.063555
          ],
          [
            19.9411555,
            50.0633918
          ],
          [
            19.9415142,
            50.0632687
          ],
          [
            19.9415789,
            50.0632471
          ],
          [
            19.9416161,
            50.0632347
          ],
          [
            19.9419008,
            50.063151
          ],
          [
            19.9423731,
            50.0630053
          ],
          [
            19.9429571,
            50.062832
          ],
          [
            19.9430041,
            50.0628181
          ],
          [
            19.9430397,
            50.0628073
          ],
          [
            19.9437889,
            50.0625797
          ]
        ]
      },
      "id": "way/1070989433"
    },
    {
      "type": "Feature",
      "properties": {
        "@id": "way/1076565746",
        "bicycle": "yes",
        "highway": "footway",
        "lit": "yes",
        "smoothness": "good",
        "source:bicycle": "PL:not_sidewalk",
        "surface": "sett"
      },
      "geometry": {
        "type": "LineString",
        "coordinates": [
          [
            20.0382473,
            50.0748777
          ],
          [
            20.0382051,
            50.0747637
          ]
        ]
      },
      "id": "way/1076565746"
    },
    {
      "type": "Feature",
      "properties": {
        "@id": "way/1080815591",
        "cycleway:both": "no",
        "highway": "residential",
        "lane_markings": "no",
        "lit": "yes",
        "maxweight": "2.5",
        "name": "Generała Feliksa Deli",
        "sidewalk:left": "separate",
        "sidewalk:right": "no",
        "surface": "sett",
        "width": "7.5"
      },
      "geometry": {
        "type": "LineString",
        "coordinates": [
          [
            20.0328208,
            50.076729
          ],
          [
            20.0328317,
            50.0767408
          ],
          [
            20.0328415,
            50.076754
          ],
          [
            20.0328484,
            50.0767713
          ],
          [
            20.0328513,
            50.0767919
          ],
          [
            20.0328466,
            50.0768099
          ],
          [
            20.0328363,
            50.0768279
          ],
          [
            20.0328178,
            50.076847
          ],
          [
            20.0326589,
            50.0769658
          ],
          [
            20.0325486,
            50.0770511
          ],
          [
            20.0325235,
            50.0770784
          ]
        ]
      },
      "id": "way/1080815591"
    },
    {
      "type": "Feature",
      "properties": {
        "@id": "way/1090342052",
        "highway": "residential",
        "lane_markings": "no",
        "maxspeed": "30",
        "name": "Krzemionki",
        "oneway": "yes",
        "sidewalk:left": "no",
        "sidewalk:right": "separate",
        "source:maxspeed": "PL:zone30",
        "surface": "sett"
      },
      "geometry": {
        "type": "LineString",
        "coordinates": [
          [
            19.9452154,
            50.0401201
          ],
          [
            19.9452636,
            50.040185
          ],
          [
            19.9453539,
            50.0403445
          ],
          [
            19.9454545,
            50.0405528
          ]
        ]
      },
      "id": "way/1090342052"
    },
    {
      "type": "Feature",
      "properties": {
        "@id": "way/1091109873",
        "bicycle": "yes",
        "foot": "designated",
        "highway": "footway",
        "lit": "yes",
        "segregated": "no",
        "smoothness": "intermediate",
        "surface": "sett"
      },
      "geometry": {
        "type": "LineString",
        "coordinates": [
          [
            19.9546766,
            50.0470711
          ],
          [
            19.954467,
            50.0470212
          ],
          [
            19.9542575,
            50.0469883
          ],
          [
            19.9541128,
            50.0470215
          ],
          [
            19.9540507,
            50.0470123
          ]
        ]
      },
      "id": "way/1091109873"
    },
    {
      "type": "Feature",
      "properties": {
        "@id": "way/1091727093",
        "footway": "sidewalk",
        "highway": "footway",
        "lit": "yes",
        "smoothness": "intermediate",
        "surface": "sett"
      },
      "geometry": {
        "type": "LineString",
        "coordinates": [
          [
            19.9474032,
            50.0648271
          ],
          [
            19.9472605,
            50.0648128
          ],
          [
            19.9469955,
            50.0647893
          ]
        ]
      },
      "id": "way/1091727093"
    },
    {
      "type": "Feature",
      "properties": {
        "@id": "way/1091727094",
        "footway": "sidewalk",
        "highway": "footway",
        "lit": "yes",
        "smoothness": "bad",
        "surface": "sett"
      },
      "geometry": {
        "type": "LineString",
        "coordinates": [
          [
            19.9477021,
            50.0648551
          ],
          [
            19.9474032,
            50.0648271
          ]
        ]
      },
      "id": "way/1091727094"
    },
    {
      "type": "Feature",
      "properties": {
        "@id": "way/1092595802",
        "highway": "path",
        "surface": "sett"
      },
      "geometry": {
        "type": "LineString",
        "coordinates": [
          [
            19.9384823,
            50.0194085
          ],
          [
            19.9385256,
            50.019446
          ],
          [
            19.9385362,
            50.0194586
          ],
          [
            19.938587,
            50.0194892
          ],
          [
            19.9386032,
            50.0195049
          ],
          [
            19.9386053,
            50.0195147
          ],
          [
            19.9385961,
            50.0195297
          ],
          [
            19.9385656,
            50.019563
          ],
          [
            19.9385199,
            50.0196068
          ],
          [
            19.938463,
            50.0196519
          ],
          [
            19.9383573,
            50.0197335
          ],
          [
            19.9384854,
            50.0198027
          ],
          [
            19.9385433,
            50.0197655
          ],
          [
            19.9385687,
            50.0197472
          ],
          [
            19.9385758,
            50.0197381
          ],
          [
            19.9385748,
            50.019727
          ],
          [
            19.9385514,
            50.0197067
          ],
          [
            19.938463,
            50.0196519
          ]
        ]
      },
      "id": "way/1092595802"
    },
    {
      "type": "Feature",
      "properties": {
        "@id": "way/1095378577",
        "highway": "footway",
        "surface": "sett"
      },
      "geometry": {
        "type": "LineString",
        "coordinates": [
          [
            19.9519671,
            50.0506424
          ],
          [
            19.9523792,
            50.0505713
          ]
        ]
      },
      "id": "way/1095378577"
    },
    {
      "type": "Feature",
      "properties": {
        "@id": "way/1095383078",
        "highway": "footway",
        "lit": "yes",
        "surface": "sett"
      },
      "geometry": {
        "type": "LineString",
        "coordinates": [
          [
            19.9551644,
            50.0522401
          ],
          [
            19.9550972,
            50.0521549
          ],
          [
            19.955105,
            50.0520758
          ],
          [
            19.9551366,
            50.0519811
          ],
          [
            19.9550601,
            50.0519167
          ]
        ]
      },
      "id": "way/1095383078"
    },
    {
      "type": "Feature",
      "properties": {
        "@id": "way/1097104462",
        "highway": "footway",
        "lit": "yes",
        "smoothness": "good",
        "surface": "sett"
      },
      "geometry": {
        "type": "LineString",
        "coordinates": [
          [
            19.9395441,
            50.0626215
          ],
          [
            19.9396257,
            50.0625966
          ]
        ]
      },
      "id": "way/1097104462"
    },
    {
      "type": "Feature",
      "properties": {
        "@id": "way/1101832793",
        "handrail": "yes",
        "highway": "steps",
        "incline": "up",
        "ramp": "no",
        "step_count": "6",
        "surface": "sett",
        "tactile_paving": "no"
      },
      "geometry": {
        "type": "LineString",
        "coordinates": [
          [
            19.9383549,
            50.0567065
          ],
          [
            19.9383534,
            50.0567203
          ]
        ]
      },
      "id": "way/1101832793"
    },
    {
      "type": "Feature",
      "properties": {
        "@id": "way/1101832795",
        "highway": "footway",
        "surface": "sett"
      },
      "geometry": {
        "type": "LineString",
        "coordinates": [
          [
            19.9383549,
            50.0567065
          ],
          [
            19.9383588,
            50.0566603
          ]
        ]
      },
      "id": "way/1101832795"
    },
    {
      "type": "Feature",
      "properties": {
        "@id": "way/1101832796",
        "highway": "footway",
        "surface": "sett"
      },
      "geometry": {
        "type": "LineString",
        "coordinates": [
          [
            19.9383504,
            50.0567356
          ],
          [
            19.9384365,
            50.0567327
          ]
        ]
      },
      "id": "way/1101832796"
    },
    {
      "type": "Feature",
      "properties": {
        "@id": "way/1101832797",
        "highway": "footway",
        "surface": "sett"
      },
      "geometry": {
        "type": "LineString",
        "coordinates": [
          [
            19.9383443,
            50.0567657
          ],
          [
            19.9383504,
            50.0567356
          ],
          [
            19.9383534,
            50.0567203
          ]
        ]
      },
      "id": "way/1101832797"
    },
    {
      "type": "Feature",
      "properties": {
        "@id": "way/1103683057",
        "highway": "service",
        "service": "driveway",
        "surface": "sett"
      },
      "geometry": {
        "type": "LineString",
        "coordinates": [
          [
            19.9441719,
            50.0463187
          ],
          [
            19.9441539,
            50.0463128
          ],
          [
            19.9440657,
            50.0462836
          ],
          [
            19.9439751,
            50.0462534
          ],
          [
            19.9439604,
            50.0462495
          ]
        ]
      },
      "id": "way/1103683057"
    },
    {
      "type": "Feature",
      "properties": {
        "@id": "way/1104050853",
        "access": "private",
        "highway": "service",
        "lit": "yes",
        "maxspeed": "20",
        "noname": "yes",
        "service": "driveway",
        "surface": "sett"
      },
      "geometry": {
        "type": "LineString",
        "coordinates": [
          [
            19.9335958,
            50.0621364
          ],
          [
            19.9339378,
            50.0625071
          ]
        ]
      },
      "id": "way/1104050853"
    },
    {
      "type": "Feature",
      "properties": {
        "@id": "way/1105387539",
        "highway": "service",
        "service": "driveway",
        "surface": "sett"
      },
      "geometry": {
        "type": "LineString",
        "coordinates": [
          [
            19.9486165,
            50.0506721
          ],
          [
            19.9485538,
            50.0506629
          ],
          [
            19.9484313,
            50.0506439
          ]
        ]
      },
      "id": "way/1105387539"
    },
    {
      "type": "Feature",
      "properties": {
        "@id": "way/1106212866",
        "access": "private",
        "highway": "service",
        "service": "driveway",
        "surface": "sett"
      },
      "geometry": {
        "type": "LineString",
        "coordinates": [
          [
            19.9475957,
            50.0500024
          ],
          [
            19.9476087,
            50.0499774
          ],
          [
            19.9476207,
            50.0499548
          ],
          [
            19.9476288,
            50.0499395
          ],
          [
            19.947798,
            50.0496174
          ]
        ]
      },
      "id": "way/1106212866"
    },
    {
      "type": "Feature",
      "properties": {
        "@id": "way/1106218168",
        "access": "permissive",
        "highway": "footway",
        "surface": "sett"
      },
      "geometry": {
        "type": "LineString",
        "coordinates": [
          [
            19.9475292,
            50.0479328
          ],
          [
            19.9475617,
            50.0479329
          ],
          [
            19.947585,
            50.047933
          ]
        ]
      },
      "id": "way/1106218168"
    },
    {
      "type": "Feature",
      "properties": {
        "@id": "way/1106218170",
        "access": "permissive",
        "highway": "footway",
        "surface": "sett"
      },
      "geometry": {
        "type": "LineString",
        "coordinates": [
          [
            19.9474137,
            50.047901
          ],
          [
            19.9474245,
            50.047904
          ],
          [
            19.9474444,
            50.0479093
          ],
          [
            19.9474889,
            50.0479213
          ]
        ]
      },
      "id": "way/1106218170"
    },
    {
      "type": "Feature",
      "properties": {
        "@id": "way/1111906517",
        "highway": "footway",
        "lit": "yes",
        "smoothness": "intermediate",
        "surface": "sett"
      },
      "geometry": {
        "type": "LineString",
        "coordinates": [
          [
            19.9456364,
            50.0652369
          ],
          [
            19.9456651,
            50.0651549
          ]
        ]
      },
      "id": "way/1111906517"
    },
    {
      "type": "Feature",
      "properties": {
        "@id": "way/1111906526",
        "highway": "footway",
        "lit": "yes",
        "surface": "sett"
      },
      "geometry": {
        "type": "LineString",
        "coordinates": [
          [
            19.9459353,
            50.0652841
          ],
          [
            19.9459006,
            50.0653976
          ],
          [
            19.9458844,
            50.0654508
          ]
        ]
      },
      "id": "way/1111906526"
    },
    {
      "type": "Feature",
      "properties": {
        "@id": "way/1117128682",
        "highway": "service",
        "lit": "yes",
        "service": "parking_aisle",
        "surface": "sett"
      },
      "geometry": {
        "type": "LineString",
        "coordinates": [
          [
            19.8935334,
            50.054363
          ],
          [
            19.8935059,
            50.0544774
          ]
        ]
      },
      "id": "way/1117128682"
    },
    {
      "type": "Feature",
      "properties": {
        "@id": "way/1117128683",
        "highway": "service",
        "lit": "yes",
        "service": "parking_aisle",
        "surface": "sett"
      },
      "geometry": {
        "type": "LineString",
        "coordinates": [
          [
            19.8933209,
            50.054338
          ],
          [
            19.8932781,
            50.0544935
          ]
        ]
      },
      "id": "way/1117128683"
    },
    {
      "type": "Feature",
      "properties": {
        "@id": "way/1117497863",
        "access": "private",
        "foot": "yes",
        "highway": "service",
        "smoothness": "intermediate",
        "surface": "sett"
      },
      "geometry": {
        "type": "LineString",
        "coordinates": [
          [
            19.9502245,
            50.0433617
          ],
          [
            19.9501902,
            50.0433901
          ],
          [
            19.950122,
            50.0434451
          ],
          [
            19.9500414,
            50.0434995
          ],
          [
            19.9499789,
            50.043536
          ],
          [
            19.9499089,
            50.0435629
          ],
          [
            19.9498441,
            50.043586
          ]
        ]
      },
      "id": "way/1117497863"
    },
    {
      "type": "Feature",
      "properties": {
        "@id": "way/1135624607",
        "highway": "service",
        "lit": "yes",
        "surface": "sett"
      },
      "geometry": {
        "type": "LineString",
        "coordinates": [
          [
            19.9433498,
            50.0604638
          ],
          [
            19.9433642,
            50.0604562
          ],
          [
            19.9434445,
            50.0604081
          ],
          [
            19.9434697,
            50.0603933
          ]
        ]
      },
      "id": "way/1135624607"
    },
    {
      "type": "Feature",
      "properties": {
        "@id": "way/1146821475",
        "highway": "footway",
        "lit": "yes",
        "smoothness": "good",
        "surface": "sett"
      },
      "geometry": {
        "type": "LineString",
        "coordinates": [
          [
            19.9629312,
            50.0546339
          ],
          [
            19.962909,
            50.0546294
          ],
          [
            19.9628886,
            50.0546274
          ],
          [
            19.9628205,
            50.0546305
          ],
          [
            19.9628013,
            50.0546324
          ],
          [
            19.9627831,
            50.0546376
          ],
          [
            19.9627714,
            50.054645
          ],
          [
            19.9627644,
            50.0546524
          ],
          [
            19.9627582,
            50.0546675
          ],
          [
            19.9627529,
            50.0546792
          ],
          [
            19.9627507,
            50.0546884
          ],
          [
            19.9627364,
            50.054716
          ],
          [
            19.96272,
            50.0547495
          ],
          [
            19.9627736,
            50.0547623
          ],
          [
            19.9627941,
            50.0547687
          ],
          [
            19.962808,
            50.0547775
          ],
          [
            19.9628207,
            50.0547886
          ],
          [
            19.9628256,
            50.0548007
          ],
          [
            19.9628222,
            50.0548135
          ],
          [
            19.9627598,
            50.0549361
          ],
          [
            19.9626697,
            50.0551059
          ],
          [
            19.9625248,
            50.0553903
          ],
          [
            19.962489,
            50.055459
          ],
          [
            19.9624762,
            50.0554729
          ],
          [
            19.962463,
            50.0554833
          ],
          [
            19.9624478,
            50.0554918
          ],
          [
            19.9624306,
            50.0554991
          ],
          [
            19.9624124,
            50.0555029
          ],
          [
            19.9623945,
            50.0555056
          ],
          [
            19.9623741,
            50.0555062
          ],
          [
            19.9623518,
            50.0555031
          ],
          [
            19.9619315,
            50.0554133
          ],
          [
            19.9616694,
            50.0553573
          ],
          [
            19.9613358,
            50.0552849
          ],
          [
            19.9610998,
            50.0552337
          ],
          [
            19.9608852,
            50.055189
          ],
          [
            19.9606949,
            50.0551493
          ],
          [
            19.9606696,
            50.055142
          ],
          [
            19.960651,
            50.0551341
          ],
          [
            19.9606351,
            50.0551261
          ],
          [
            19.9606235,
            50.0551157
          ],
          [
            19.9606154,
            50.0551037
          ],
          [
            19.9606106,
            50.0550901
          ],
          [
            19.9606083,
            50.0550764
          ],
          [
            19.960611,
            50.0550606
          ],
          [
            19.9606478,
            50.0549893
          ],
          [
            19.9607959,
            50.0547032
          ],
          [
            19.9608814,
            50.0545345
          ],
          [
            19.9609105,
            50.0544785
          ],
          [
            19.9609191,
            50.0544619
          ],
          [
            19.9609286,
            50.0544485
          ],
          [
            19.9609419,
            50.0544364
          ],
          [
            19.9609582,
            50.0544277
          ],
          [
            19.9610082,
            50.0544022
          ],
          [
            19.9610318,
            50.0543922
          ],
          [
            19.9610533,
            50.0543848
          ],
          [
            19.9610678,
            50.0543815
          ],
          [
            19.9610823,
            50.0543796
          ],
          [
            19.9610974,
            50.0543796
          ],
          [
            19.9611087,
            50.0543804
          ],
          [
            19.9611215,
            50.0543822
          ],
          [
            19.9611352,
            50.0543855
          ],
          [
            19.9611459,
            50.0543801
          ],
          [
            19.9611774,
            50.054363
          ],
          [
            19.9612123,
            50.0543452
          ],
          [
            19.9612283,
            50.0543506
          ],
          [
            19.9612491,
            50.0543594
          ],
          [
            19.9612887,
            50.0543759
          ],
          [
            19.9613371,
            50.0543956
          ],
          [
            19.9613932,
            50.0544172
          ],
          [
            19.9614325,
            50.0544304
          ],
          [
            19.9615001,
            50.0544523
          ],
          [
            19.9615687,
            50.0544729
          ],
          [
            19.9616377,
            50.0544932
          ],
          [
            19.9617063,
            50.0545114
          ],
          [
            19.9617691,
            50.0545292
          ],
          [
            19.9618405,
            50.054544
          ],
          [
            19.9619307,
            50.0545622
          ],
          [
            19.9619872,
            50.0545733
          ],
          [
            19.9620463,
            50.0545833
          ],
          [
            19.9621215,
            50.0545957
          ],
          [
            19.9621972,
            50.0546056
          ],
          [
            19.9622778,
            50.0546136
          ],
          [
            19.9623506,
            50.0546204
          ],
          [
            19.9624005,
            50.0546247
          ],
          [
            19.9624345,
            50.0546293
          ],
          [
            19.9624997,
            50.0546401
          ],
          [
            19.962575,
            50.0546558
          ],
          [
            19.9626124,
            50.0546625
          ],
          [
            19.9626469,
            50.0546659
          ],
          [
            19.9626805,
            50.0546684
          ],
          [
            19.9627155,
            50.0546727
          ],
          [
            19.9627529,
            50.0546792
          ],
          [
            19.9627821,
            50.0546872
          ],
          [
            19.9627968,
            50.0546909
          ],
          [
            19.9628114,
            50.054691
          ],
          [
            19.962827,
            50.0546877
          ],
          [
            19.9628435,
            50.0546813
          ],
          [
            19.9628632,
            50.0546699
          ],
          [
            19.9628833,
            50.0546582
          ],
          [
            19.9629049,
            50.0546468
          ],
          [
            19.9629312,
            50.0546339
          ],
          [
            19.9629591,
            50.0546237
          ],
          [
            19.9629902,
            50.0546108
          ],
          [
            19.9630166,
            50.0545945
          ],
          [
            19.9630305,
            50.0545838
          ],
          [
            19.9630443,
            50.0545719
          ],
          [
            19.9630588,
            50.0545572
          ],
          [
            19.9630698,
            50.0545428
          ],
          [
            19.9630784,
            50.0545311
          ],
          [
            19.9630911,
            50.0545052
          ],
          [
            19.9631163,
            50.0544538
          ],
          [
            19.9631264,
            50.0544301
          ],
          [
            19.9631317,
            50.0544113
          ],
          [
            19.96313,
            50.0543983
          ],
          [
            19.9631263,
            50.0543889
          ],
          [
            19.9631221,
            50.0543796
          ],
          [
            19.9631072,
            50.0543575
          ],
          [
            19.9630928,
            50.0543449
          ],
          [
            19.9630756,
            50.0543356
          ]
        ]
      },
      "id": "way/1146821475"
    },
    {
      "type": "Feature",
      "properties": {
        "@id": "way/1148516766",
        "handrail": "yes",
        "highway": "steps",
        "incline": "down",
        "ramp": "no",
        "surface": "sett"
      },
      "geometry": {
        "type": "LineString",
        "coordinates": [
          [
            19.9690983,
            50.0325797
          ],
          [
            19.9691261,
            50.0325933
          ]
        ]
      },
      "id": "way/1148516766"
    },
    {
      "type": "Feature",
      "properties": {
        "@id": "way/1158817064",
        "bicycle": "yes",
        "highway": "footway",
        "sett:shape": "irregular",
        "surface": "sett"
      },
      "geometry": {
        "type": "LineString",
        "coordinates": [
          [
            20.0546158,
            50.0813656
          ],
          [
            20.0545505,
            50.0813661
          ]
        ]
      },
      "id": "way/1158817064"
    },
    {
      "type": "Feature",
      "properties": {
        "@id": "way/1165085720",
        "highway": "residential",
        "lanes": "2",
        "lit": "yes",
        "maxspeed": "30",
        "noname": "yes",
        "sidewalk:both": "separate",
        "source:maxspeed": "PL:zone30",
        "surface": "sett"
      },
      "geometry": {
        "type": "LineString",
        "coordinates": [
          [
            19.9423722,
            50.0358641
          ],
          [
            19.9424628,
            50.035931
          ],
          [
            19.9425153,
            50.0359698
          ]
        ]
      },
      "id": "way/1165085720"
    },
    {
      "type": "Feature",
      "properties": {
        "@id": "way/1169726349",
        "highway": "service",
        "service": "parking_aisle",
        "surface": "sett"
      },
      "geometry": {
        "type": "LineString",
        "coordinates": [
          [
            20.116206,
            50.0771494
          ],
          [
            20.1166753,
            50.077376
          ],
          [
            20.1171693,
            50.0776017
          ]
        ]
      },
      "id": "way/1169726349"
    },
    {
      "type": "Feature",
      "properties": {
        "@id": "way/1170888862",
        "highway": "footway",
        "surface": "sett"
      },
      "geometry": {
        "type": "LineString",
        "coordinates": [
          [
            19.8031794,
            50.020875
          ],
          [
            19.8032521,
            50.0208558
          ],
          [
            19.8033375,
            50.0208092
          ]
        ]
      },
      "id": "way/1170888862"
    },
    {
      "type": "Feature",
      "properties": {
        "@id": "way/1171329904",
        "highway": "service",
        "surface": "unhewn_cobblestone"
      },
      "geometry": {
        "type": "LineString",
        "coordinates": [
          [
            19.9062867,
            50.0753228
          ],
          [
            19.9062589,
            50.0753499
          ],
          [
            19.9061837,
            50.0754069
          ],
          [
            19.906154,
            50.0754242
          ],
          [
            19.9060635,
            50.0754672
          ]
        ]
      },
      "id": "way/1171329904"
    },
    {
      "type": "Feature",
      "properties": {
        "@id": "way/1173043808",
        "bicycle": "no",
        "highway": "service",
        "lit": "yes",
        "maxspeed": "20",
        "name": "Droga do Zamku",
        "name:hu": "Út a várhoz",
        "name:pl": "Droga do Zamku",
        "smoothness": "intermediate",
        "source:bicycle": "sign",
        "source:maxspeed": "PL:living_street",
        "surface": "sett",
        "wikidata": "Q9365079",
        "wikipedia": "pl:Ulica Droga do Zamku w Krakowie"
      },
      "geometry": {
        "type": "LineString",
        "coordinates": [
          [
            19.9358594,
            50.0533554
          ],
          [
            19.9356165,
            50.0531372
          ],
          [
            19.9354053,
            50.0529108
          ]
        ]
      },
      "id": "way/1173043808"
    },
    {
      "type": "Feature",
      "properties": {
        "@id": "way/1173043809",
        "bicycle": "no",
        "highway": "pedestrian",
        "lit": "yes",
        "noname": "yes",
        "smoothness": "excellent",
        "source": "gps",
        "surface": "sett",
        "vehicle": "private"
      },
      "geometry": {
        "type": "LineString",
        "coordinates": [
          [
            19.9353951,
            50.0528995
          ],
          [
            19.9353813,
            50.052885
          ],
          [
            19.9352971,
            50.0527967
          ]
        ]
      },
      "id": "way/1173043809"
    },
    {
      "type": "Feature",
      "properties": {
        "@id": "way/1173048536",
        "bicycle": "no",
        "highway": "pedestrian",
        "incline": "up",
        "lit": "yes",
        "noname": "yes",
        "smoothness": "intermediate",
        "surface": "sett"
      },
      "geometry": {
        "type": "LineString",
        "coordinates": [
          [
            19.9365443,
            50.0554489
          ],
          [
            19.9365177,
            50.0554028
          ]
        ]
      },
      "id": "way/1173048536"
    },
    {
      "type": "Feature",
      "properties": {
        "@id": "way/1173048539",
        "highway": "footway",
        "lit": "yes",
        "surface": "sett"
      },
      "geometry": {
        "type": "LineString",
        "coordinates": [
          [
            19.9367066,
            50.0554791
          ],
          [
            19.9367629,
            50.055481
          ]
        ]
      },
      "id": "way/1173048539"
    },
    {
      "type": "Feature",
      "properties": {
        "@id": "way/1173052547",
        "bicycle": "yes",
        "emergency": "yes",
        "foot": "yes",
        "highway": "living_street",
        "horse": "yes",
        "junction": "roundabout",
        "lit": "yes",
        "maxspeed": "20",
        "motor_vehicle": "permissive",
        "motor_vehicle:conditional": "delivery @ (23:00-10:00); disabled @ (06:00-12:00,18:00-20:00)",
        "name": "Rynek Główny",
        "name:be": "Галоўны рынак",
        "name:de": "Hauptmarkt",
        "name:en": "Main Market Square",
        "name:pl": "Rynek Główny",
        "name:ru": "Рыночная площадь",
        "oneway:foot": "no",
        "parking:both": "no",
        "smoothness": "excellent",
        "source:bicycle": "sign",
        "source:maxspeed": "PL:living_street",
        "surface": "sett"
      },
      "geometry": {
        "type": "LineString",
        "coordinates": [
          [
            19.9369093,
            50.0626838
          ],
          [
            19.9363194,
            50.0620126
          ],
          [
            19.935769,
            50.0614002
          ],
          [
            19.9367082,
            50.061084
          ],
          [
            19.9370085,
            50.0609764
          ],
          [
            19.9371253,
            50.060928
          ],
          [
            19.9372047,
            50.0608892
          ],
          [
            19.9372613,
            50.0608573
          ],
          [
            19.9373049,
            50.0608283
          ],
          [
            19.9374047,
            50.060762
          ],
          [
            19.9374873,
            50.0606962
          ],
          [
            19.9375292,
            50.0606479
          ],
          [
            19.9375692,
            50.0606005
          ],
          [
            19.9375956,
            50.06056
          ],
          [
            19.9376235,
            50.0605131
          ],
          [
            19.9376414,
            50.06047
          ],
          [
            19.9376555,
            50.0604284
          ]
        ]
      },
      "id": "way/1173052547"
    },
    {
      "type": "Feature",
      "properties": {
        "@id": "way/1173073665",
        "cycleway:both": "no",
        "highway": "living_street",
        "lit": "yes",
        "maxspeed": "20",
        "name": "Podzamcze",
        "name:de": "Unter der Burg",
        "name:pl": "Podzamcze",
        "oneway": "yes",
        "oneway:bicycle": "no",
        "sidewalk": "separate",
        "smoothness": "intermediate",
        "source:maxspeed": "PL:living_street",
        "surface": "sett",
        "unsigned_ref": "2257K",
        "wikidata": "Q9365823",
        "wikipedia": "pl:Ulica Podzamcze w Krakowie"
      },
      "geometry": {
        "type": "LineString",
        "coordinates": [
          [
            19.9348523,
            50.0553056
          ],
          [
            19.9347192,
            50.0552867
          ],
          [
            19.9347018,
            50.0552842
          ],
          [
            19.9346901,
            50.0552822
          ],
          [
            19.9346821,
            50.0552803
          ]
        ]
      },
      "id": "way/1173073665"
    },
    {
      "type": "Feature",
      "properties": {
        "@id": "way/1173073667",
        "cycleway:both": "no",
        "highway": "living_street",
        "lit": "yes",
        "maxspeed": "20",
        "name": "Podzamcze",
        "name:de": "Unter der Burg",
        "name:pl": "Podzamcze",
        "oneway": "yes",
        "oneway:bicycle": "no",
        "sidewalk": "separate",
        "smoothness": "intermediate",
        "source:maxspeed": "PL:living_street",
        "surface": "sett",
        "unsigned_ref": "2257K",
        "wikidata": "Q9365823",
        "wikipedia": "pl:Ulica Podzamcze w Krakowie"
      },
      "geometry": {
        "type": "LineString",
        "coordinates": [
          [
            19.9335026,
            50.0550159
          ],
          [
            19.9334679,
            50.0550113
          ],
          [
            19.9334343,
            50.0550084
          ]
        ]
      },
      "id": "way/1173073667"
    },
    {
      "type": "Feature",
      "properties": {
        "@id": "way/1181125345",
        "highway": "service",
        "service": "driveway",
        "surface": "unhewn_cobblestone"
      },
      "geometry": {
        "type": "LineString",
        "coordinates": [
          [
            19.997986,
            50.0180572
          ],
          [
            19.9979724,
            50.0180332
          ],
          [
            19.9978637,
            50.0178414
          ]
        ]
      },
      "id": "way/1181125345"
    },
    {
      "type": "Feature",
      "properties": {
        "@id": "way/1181142270",
        "highway": "service",
        "layer": "-1",
        "surface": "sett",
        "tunnel": "yes"
      },
      "geometry": {
        "type": "LineString",
        "coordinates": [
          [
            19.9179698,
            50.0182383
          ],
          [
            19.9180017,
            50.0182347
          ],
          [
            19.9180196,
            50.0182392
          ],
          [
            19.9180293,
            50.0182463
          ],
          [
            19.9180349,
            50.0182552
          ],
          [
            19.9180518,
            50.0182889
          ]
        ]
      },
      "id": "way/1181142270"
    },
    {
      "type": "Feature",
      "properties": {
        "@id": "way/1181142742",
        "cutting": "yes",
        "highway": "service",
        "surface": "sett"
      },
      "geometry": {
        "type": "LineString",
        "coordinates": [
          [
            19.9193631,
            50.0200258
          ],
          [
            19.9193812,
            50.0199727
          ]
        ]
      },
      "id": "way/1181142742"
    },
    {
      "type": "Feature",
      "properties": {
        "@id": "way/1181143384",
        "highway": "service",
        "surface": "sett"
      },
      "geometry": {
        "type": "LineString",
        "coordinates": [
          [
            19.916662,
            50.020072
          ],
          [
            19.9166776,
            50.0200424
          ],
          [
            19.9166966,
            50.0200062
          ]
        ]
      },
      "id": "way/1181143384"
    },
    {
      "type": "Feature",
      "properties": {
        "@id": "way/1183683776",
        "highway": "service",
        "service": "parking_aisle",
        "smoothness": "intermediate",
        "surface": "sett"
      },
      "geometry": {
        "type": "LineString",
        "coordinates": [
          [
            19.9131692,
            50.0657715
          ],
          [
            19.9126699,
            50.0658479
          ]
        ]
      },
      "id": "way/1183683776"
    },
    {
      "type": "Feature",
      "properties": {
        "@id": "way/1183683777",
        "highway": "service",
        "service": "parking_aisle",
        "smoothness": "intermediate",
        "surface": "sett"
      },
      "geometry": {
        "type": "LineString",
        "coordinates": [
          [
            19.9126699,
            50.0658479
          ],
          [
            19.9121468,
            50.0659282
          ]
        ]
      },
      "id": "way/1183683777"
    },
    {
      "type": "Feature",
      "properties": {
        "@id": "way/1183924987",
        "highway": "service",
        "surface": "sett"
      },
      "geometry": {
        "type": "LineString",
        "coordinates": [
          [
            19.9689555,
            50.067289
          ],
          [
            19.9690296,
            50.0672904
          ],
          [
            19.9692366,
            50.0672943
          ],
          [
            19.9692312,
            50.0674424
          ],
          [
            19.969026,
            50.0674374
          ],
          [
            19.9689486,
            50.0674355
          ]
        ]
      },
      "id": "way/1183924987"
    },
    {
      "type": "Feature",
      "properties": {
        "@id": "way/1183924988",
        "highway": "service",
        "surface": "sett"
      },
      "geometry": {
        "type": "LineString",
        "coordinates": [
          [
            19.9692366,
            50.0672943
          ],
          [
            19.9692406,
            50.067173
          ]
        ]
      },
      "id": "way/1183924988"
    },
    {
      "type": "Feature",
      "properties": {
        "@id": "way/1185596442",
        "footway": "sidewalk",
        "highway": "footway",
        "surface": "sett"
      },
      "geometry": {
        "type": "LineString",
        "coordinates": [
          [
            19.9374521,
            50.067796
          ],
          [
            19.9371831,
            50.067761
          ],
          [
            19.9371674,
            50.0677587
          ],
          [
            19.9371645,
            50.0677692
          ]
        ]
      },
      "id": "way/1185596442"
    },
    {
      "type": "Feature",
      "properties": {
        "@id": "way/1185596445",
        "footway": "sidewalk",
        "highway": "footway",
        "surface": "sett"
      },
      "geometry": {
        "type": "LineString",
        "coordinates": [
          [
            19.9375699,
            50.0676045
          ],
          [
            19.9372469,
            50.0675736
          ],
          [
            19.9372285,
            50.067574
          ]
        ]
      },
      "id": "way/1185596445"
    },
    {
      "type": "Feature",
      "properties": {
        "@id": "way/1186610536",
        "bicycle": "yes",
        "check_date": "2023-07-07",
        "highway": "footway",
        "lit": "yes",
        "smoothness": "good",
        "surface": "sett"
      },
      "geometry": {
        "type": "LineString",
        "coordinates": [
          [
            20.0379769,
            50.0744805
          ],
          [
            20.0381376,
            50.0745485
          ],
          [
            20.0382434,
            50.074445
          ]
        ]
      },
      "id": "way/1186610536"
    },
    {
      "type": "Feature",
      "properties": {
        "@id": "way/1186610537",
        "bicycle": "yes",
        "check_date": "2023-07-07",
        "highway": "footway",
        "lit": "yes",
        "smoothness": "good",
        "surface": "sett"
      },
      "geometry": {
        "type": "LineString",
        "coordinates": [
          [
            20.0382051,
            50.0747637
          ],
          [
            20.0381376,
            50.0745485
          ]
        ]
      },
      "id": "way/1186610537"
    },
    {
      "type": "Feature",
      "properties": {
        "@id": "way/1186610539",
        "bicycle": "yes",
        "highway": "footway",
        "lit": "yes",
        "smoothness": "good",
        "surface": "sett"
      },
      "geometry": {
        "type": "LineString",
        "coordinates": [
          [
            20.0377784,
            50.0734433
          ],
          [
            20.037793,
            50.0734925
          ],
          [
            20.03804,
            50.0735531
          ]
        ]
      },
      "id": "way/1186610539"
    },
    {
      "type": "Feature",
      "properties": {
        "@id": "way/1189856555",
        "highway": "service",
        "service": "driveway",
        "surface": "sett"
      },
      "geometry": {
        "type": "LineString",
        "coordinates": [
          [
            19.9349539,
            50.0885125
          ],
          [
            19.9347974,
            50.0885079
          ]
        ]
      },
      "id": "way/1189856555"
    },
    {
      "type": "Feature",
      "properties": {
        "@id": "way/1189856556",
        "highway": "service",
        "service": "driveway",
        "surface": "sett"
      },
      "geometry": {
        "type": "LineString",
        "coordinates": [
          [
            19.9346921,
            50.0878166
          ],
          [
            19.9349023,
            50.0878195
          ],
          [
            19.9349137,
            50.0878048
          ]
        ]
      },
      "id": "way/1189856556"
    },
    {
      "type": "Feature",
      "properties": {
        "@id": "way/1189856557",
        "highway": "living_street",
        "noname": "yes",
        "surface": "sett"
      },
      "geometry": {
        "type": "LineString",
        "coordinates": [
          [
            19.9354363,
            50.0878668
          ],
          [
            19.9354284,
            50.0874365
          ]
        ]
      },
      "id": "way/1189856557"
    },
    {
      "type": "Feature",
      "properties": {
        "@id": "way/1189856558",
        "highway": "living_street",
        "noname": "yes",
        "surface": "sett"
      },
      "geometry": {
        "type": "LineString",
        "coordinates": [
          [
            19.9354363,
            50.0878668
          ],
          [
            19.9351206,
            50.0878691
          ]
        ]
      },
      "id": "way/1189856558"
    },
    {
      "type": "Feature",
      "properties": {
        "@id": "way/1189856560",
        "highway": "living_street",
        "name": "Generała Augusta Fieldorfa-Nila",
        "surface": "sett"
      },
      "geometry": {
        "type": "LineString",
        "coordinates": [
          [
            19.9350493,
            50.0885153
          ],
          [
            19.9350041,
            50.088514
          ],
          [
            19.9349539,
            50.0885125
          ]
        ]
      },
      "id": "way/1189856560"
    },
    {
      "type": "Feature",
      "properties": {
        "@id": "way/1189856561",
        "highway": "living_street",
        "noname": "yes",
        "surface": "sett"
      },
      "geometry": {
        "type": "LineString",
        "coordinates": [
          [
            19.9346219,
            50.0878567
          ],
          [
            19.9346921,
            50.0878166
          ]
        ]
      },
      "id": "way/1189856561"
    },
    {
      "type": "Feature",
      "properties": {
        "@id": "way/1189986818",
        "highway": "track",
        "surface": "sett"
      },
      "geometry": {
        "type": "LineString",
        "coordinates": [
          [
            20.0718162,
            50.0685026
          ],
          [
            20.0716992,
            50.0684895
          ]
        ]
      },
      "id": "way/1189986818"
    },
    {
      "type": "Feature",
      "properties": {
        "@id": "way/1191495471",
        "bicycle": "yes",
        "highway": "footway",
        "lit": "yes",
        "smoothness": "good",
        "surface": "sett"
      },
      "geometry": {
        "type": "LineString",
        "coordinates": [
          [
            20.0376077,
            50.0736056
          ],
          [
            20.037793,
            50.0734925
          ]
        ]
      },
      "id": "way/1191495471"
    },
    {
      "type": "Feature",
      "properties": {
        "@id": "way/1195339702",
        "highway": "footway",
        "lit": "yes",
        "smoothness": "intermediate",
        "surface": "sett"
      },
      "geometry": {
        "type": "LineString",
        "coordinates": [
          [
            19.9345378,
            50.0637951
          ],
          [
            19.9345677,
            50.0638163
          ],
          [
            19.9346063,
            50.0638305
          ],
          [
            19.9346498,
            50.0638365
          ],
          [
            19.9346941,
            50.0638337
          ],
          [
            19.9347302,
            50.0638236
          ],
          [
            19.9347349,
            50.0638223
          ],
          [
            19.9347684,
            50.0638035
          ],
          [
            19.9347913,
            50.063779
          ],
          [
            19.9348015,
            50.0637512
          ],
          [
            19.934798,
            50.0637227
          ],
          [
            19.9347811,
            50.0636963
          ]
        ]
      },
      "id": "way/1195339702"
    },
    {
      "type": "Feature",
      "properties": {
        "@id": "way/1195865664",
        "highway": "pedestrian",
        "incline": "down",
        "lit": "yes",
        "noname": "yes",
        "smoothness": "intermediate",
        "surface": "sett"
      },
      "geometry": {
        "type": "LineString",
        "coordinates": [
          [
            19.93693,
            50.0541304
          ],
          [
            19.936948,
            50.0540449
          ],
          [
            19.9369787,
            50.0539865
          ]
        ]
      },
      "id": "way/1195865664"
    },
    {
      "type": "Feature",
      "properties": {
        "@id": "way/1196284404",
        "highway": "track",
        "incline": "up",
        "surface": "sett",
        "tracktype": "grade1"
      },
      "geometry": {
        "type": "LineString",
        "coordinates": [
          [
            19.9454545,
            50.0405528
          ],
          [
            19.9455414,
            50.040569
          ]
        ]
      },
      "id": "way/1196284404"
    },
    {
      "type": "Feature",
      "properties": {
        "@id": "way/1196896536",
        "highway": "footway",
        "surface": "sett"
      },
      "geometry": {
        "type": "LineString",
        "coordinates": [
          [
            19.9394504,
            50.0608983
          ],
          [
            19.9394784,
            50.0609327
          ]
        ]
      },
      "id": "way/1196896536"
    },
    {
      "type": "Feature",
      "properties": {
        "@id": "way/1196896537",
        "highway": "footway",
        "surface": "sett"
      },
      "geometry": {
        "type": "LineString",
        "coordinates": [
          [
            19.939325,
            50.0609292
          ],
          [
            19.9393596,
            50.0609693
          ]
        ]
      },
      "id": "way/1196896537"
    },
    {
      "type": "Feature",
      "properties": {
        "@id": "way/1197140831",
        "highway": "service",
        "surface": "sett"
      },
      "geometry": {
        "type": "LineString",
        "coordinates": [
          [
            19.9505732,
            50.0637283
          ],
          [
            19.9505335,
            50.0636793
          ],
          [
            19.9505197,
            50.0636569
          ],
          [
            19.9505166,
            50.0636468
          ],
          [
            19.9505162,
            50.063632
          ],
          [
            19.9505204,
            50.0636197
          ],
          [
            19.9505515,
            50.0635619
          ],
          [
            19.9505545,
            50.0635472
          ],
          [
            19.9505619,
            50.0635232
          ],
          [
            19.9505863,
            50.063478
          ],
          [
            19.9506037,
            50.0634504
          ],
          [
            19.9506163,
            50.0634347
          ],
          [
            19.9506425,
            50.0634073
          ],
          [
            19.9506583,
            50.0633917
          ],
          [
            19.9506738,
            50.0633631
          ],
          [
            19.9506993,
            50.0633171
          ],
          [
            19.9507117,
            50.0632992
          ],
          [
            19.9507312,
            50.0632848
          ],
          [
            19.9507561,
            50.0632732
          ],
          [
            19.9507707,
            50.0632693
          ],
          [
            19.9507909,
            50.0632653
          ],
          [
            19.9508461,
            50.0632542
          ]
        ]
      },
      "id": "way/1197140831"
    },
    {
      "type": "Feature",
      "properties": {
        "@id": "way/1199268231",
        "highway": "footway",
        "lit": "yes",
        "smoothness": "intermediate",
        "surface": "sett"
      },
      "geometry": {
        "type": "LineString",
        "coordinates": [
          [
            20.0488065,
            50.0786987
          ],
          [
            20.0487483,
            50.0786817
          ]
        ]
      },
      "id": "way/1199268231"
    },
    {
      "type": "Feature",
      "properties": {
        "@id": "way/1200858204",
        "highway": "service",
        "oneway": "yes",
        "smoothness": "intermediate",
        "surface": "sett"
      },
      "geometry": {
        "type": "LineString",
        "coordinates": [
          [
            19.9119731,
            50.0660788
          ],
          [
            19.9119884,
            50.0660312
          ],
          [
            19.9120304,
            50.0659471
          ],
          [
            19.91205,
            50.0659234
          ],
          [
            19.9120819,
            50.0658878
          ]
        ]
      },
      "id": "way/1200858204"
    },
    {
      "type": "Feature",
      "properties": {
        "@id": "way/1200858205",
        "highway": "service",
        "oneway": "yes",
        "smoothness": "intermediate",
        "surface": "sett"
      },
      "geometry": {
        "type": "LineString",
        "coordinates": [
          [
            19.9132026,
            50.065717
          ],
          [
            19.9133204,
            50.0657645
          ],
          [
            19.9133836,
            50.0657985
          ],
          [
            19.9134397,
            50.0658419
          ]
        ]
      },
      "id": "way/1200858205"
    },
    {
      "type": "Feature",
      "properties": {
        "@id": "way/1204097859",
        "bicycle": "yes",
        "highway": "footway",
        "surface": "sett"
      },
      "geometry": {
        "type": "LineString",
        "coordinates": [
          [
            19.9352925,
            50.0130764
          ],
          [
            19.9353481,
            50.0131098
          ],
          [
            19.9355933,
            50.0132571
          ]
        ]
      },
      "id": "way/1204097859"
    },
    {
      "type": "Feature",
      "properties": {
        "@id": "way/1204847107",
        "bicycle": "yes",
        "cycleway:both": "no",
        "goods": "delivery",
        "highway": "living_street",
        "lit": "yes",
        "maxspeed": "20",
        "motor_vehicle": "private",
        "name": "Plac Szczepański",
        "name:de": "Stephansplatz",
        "name:pl": "Plac Szczepański",
        "oneway": "yes",
        "oneway:bicycle": "no",
        "psv": "yes",
        "smoothness": "intermediate",
        "source:maxspeed": "PL:living_street",
        "surface": "sett",
        "taxi": "yes"
      },
      "geometry": {
        "type": "LineString",
        "coordinates": [
          [
            19.9355917,
            50.0633486
          ],
          [
            19.936112,
            50.0639207
          ],
          [
            19.9361602,
            50.0639732
          ],
          [
            19.9360144,
            50.0640101
          ],
          [
            19.9353406,
            50.0642235
          ]
        ]
      },
      "id": "way/1204847107"
    },
    {
      "type": "Feature",
      "properties": {
        "@id": "way/1211018958",
        "highway": "footway",
        "lit": "yes",
        "surface": "sett"
      },
      "geometry": {
        "type": "LineString",
        "coordinates": [
          [
            19.9365148,
            50.0555053
          ],
          [
            19.9367066,
            50.0554791
          ]
        ]
      },
      "id": "way/1211018958"
    },
    {
      "type": "Feature",
      "properties": {
        "@id": "way/1211018963",
        "bicycle": "yes",
        "disabled": "no",
        "highway": "pedestrian",
        "lanes": "1",
        "lit": "yes",
        "maxspeed": "20",
        "name": "Świętego Idziego",
        "name:de": "Sankt-Giles-Gasse",
        "sidewalk:left": "no",
        "sidewalk:right": "separate",
        "source:maxspeed": "PL:living_street",
        "surface": "sett",
        "vehicle": "destination",
        "wikidata": "Q9366386",
        "wikipedia": "pl:Ulica św. Idziego w Krakowie"
      },
      "geometry": {
        "type": "LineString",
        "coordinates": [
          [
            19.9386584,
            50.0545182
          ],
          [
            19.9384983,
            50.0546428
          ]
        ]
      },
      "id": "way/1211018963"
    },
    {
      "type": "Feature",
      "properties": {
        "@id": "way/1211047915",
        "highway": "service",
        "service": "driveway",
        "surface": "sett"
      },
      "geometry": {
        "type": "LineString",
        "coordinates": [
          [
            19.9521795,
            50.0435546
          ],
          [
            19.9521914,
            50.0434358
          ]
        ]
      },
      "id": "way/1211047915"
    },
    {
      "type": "Feature",
      "properties": {
        "@id": "way/1211049485",
        "highway": "footway",
        "lit": "yes",
        "surface": "sett"
      },
      "geometry": {
        "type": "LineString",
        "coordinates": [
          [
            19.949089,
            50.0459251
          ],
          [
            19.9491086,
            50.0458861
          ],
          [
            19.9491271,
            50.0458475
          ]
        ]
      },
      "id": "way/1211049485"
    },
    {
      "type": "Feature",
      "properties": {
        "@id": "way/1213415671",
        "highway": "footway",
        "surface": "sett"
      },
      "geometry": {
        "type": "LineString",
        "coordinates": [
          [
            19.9396555,
            50.0534755
          ],
          [
            19.9396828,
            50.053487
          ]
        ]
      },
      "id": "way/1213415671"
    },
    {
      "type": "Feature",
      "properties": {
        "@id": "way/1213436098",
        "highway": "footway",
        "surface": "unhewn_cobblestone"
      },
      "geometry": {
        "type": "LineString",
        "coordinates": [
          [
            19.9570938,
            50.0432669
          ],
          [
            19.9571309,
            50.0432637
          ],
          [
            19.9572226,
            50.0432558
          ],
          [
            19.95728,
            50.0432546
          ],
          [
            19.957298,
            50.043333
          ],
          [
            19.9571675,
            50.0433592
          ],
          [
            19.9571017,
            50.0433744
          ],
          [
            19.9570817,
            50.0432893
          ],
          [
            19.9570938,
            50.0432669
          ]
        ]
      },
      "id": "way/1213436098"
    },
    {
      "type": "Feature",
      "properties": {
        "@id": "way/1216211974",
        "highway": "service",
        "service": "driveway",
        "surface": "sett"
      },
      "geometry": {
        "type": "LineString",
        "coordinates": [
          [
            20.0309799,
            50.02106
          ],
          [
            20.0310955,
            50.0211158
          ],
          [
            20.0312052,
            50.0211226
          ],
          [
            20.031306,
            50.0211192
          ],
          [
            20.0315839,
            50.0210658
          ]
        ]
      },
      "id": "way/1216211974"
    },
    {
      "type": "Feature",
      "properties": {
        "@id": "way/1217896978",
        "highway": "service",
        "service": "driveway",
        "surface": "sett",
        "vehicle": "private"
      },
      "geometry": {
        "type": "LineString",
        "coordinates": [
          [
            19.91096,
            50.0762709
          ],
          [
            19.9109709,
            50.0762914
          ],
          [
            19.91109,
            50.076514
          ],
          [
            19.9107252,
            50.0765936
          ],
          [
            19.9106045,
            50.0763638
          ],
          [
            19.9105933,
            50.0763424
          ]
        ]
      },
      "id": "way/1217896978"
    },
    {
      "type": "Feature",
      "properties": {
        "@id": "way/1219486966",
        "highway": "footway",
        "lit": "yes",
        "smoothness": "intermediate",
        "surface": "sett"
      },
      "geometry": {
        "type": "LineString",
        "coordinates": [
          [
            19.9599229,
            50.065878
          ],
          [
            19.959901,
            50.0658883
          ],
          [
            19.9596019,
            50.066029
          ]
        ]
      },
      "id": "way/1219486966"
    },
    {
      "type": "Feature",
      "properties": {
        "@id": "way/1220115219",
        "handrail": "no",
        "highway": "steps",
        "incline": "up",
        "ramp": "no",
        "step_count": "15",
        "surface": "unhewn_cobblestone",
        "tactile_paving": "no"
      },
      "geometry": {
        "type": "LineString",
        "coordinates": [
          [
            19.894172,
            50.0179514
          ],
          [
            19.8942093,
            50.0178893
          ]
        ]
      },
      "id": "way/1220115219"
    },
    {
      "type": "Feature",
      "properties": {
        "@id": "way/1229160714",
        "highway": "service",
        "service": "driveway",
        "surface": "sett"
      },
      "geometry": {
        "type": "LineString",
        "coordinates": [
          [
            19.9532482,
            50.0411783
          ],
          [
            19.9532238,
            50.0411411
          ],
          [
            19.9531874,
            50.0410758
          ]
        ]
      },
      "id": "way/1229160714"
    },
    {
      "type": "Feature",
      "properties": {
        "@id": "way/1235143072",
        "highway": "residential",
        "lit": "yes",
        "maxspeed": "30",
        "name": "Parkowa",
        "oneway": "no",
        "source:maxspeed": "PL:zone30",
        "surface": "sett"
      },
      "geometry": {
        "type": "LineString",
        "coordinates": [
          [
            19.9513655,
            50.0422633
          ],
          [
            19.9515073,
            50.0422121
          ],
          [
            19.9521412,
            50.0420023
          ],
          [
            19.9522549,
            50.0419579
          ],
          [
            19.9523863,
            50.0418948
          ],
          [
            19.9524503,
            50.0418577
          ]
        ]
      },
      "id": "way/1235143072"
    },
    {
      "type": "Feature",
      "properties": {
        "@id": "way/1235153418",
        "crossing": "traffic_signals",
        "crossing:markings": "zebra",
        "footway": "crossing",
        "highway": "footway",
        "lit": "yes",
        "surface": "sett"
      },
      "geometry": {
        "type": "LineString",
        "coordinates": [
          [
            19.9134352,
            50.0525364
          ],
          [
            19.9134041,
            50.0525245
          ],
          [
            19.9133713,
            50.052512
          ]
        ]
      },
      "id": "way/1235153418"
    },
    {
      "type": "Feature",
      "properties": {
        "@id": "way/1237235030",
        "highway": "footway",
        "surface": "sett"
      },
      "geometry": {
        "type": "LineString",
        "coordinates": [
          [
            19.9727547,
            50.0858735
          ],
          [
            19.972827,
            50.0858809
          ]
        ]
      },
      "id": "way/1237235030"
    },
    {
      "type": "Feature",
      "properties": {
        "@id": "way/1237315680",
        "handrail": "yes",
        "highway": "steps",
        "incline": "down",
        "ramp": "no",
        "step_count": "4",
        "surface": "sett",
        "tactile_paving": "no"
      },
      "geometry": {
        "type": "LineString",
        "coordinates": [
          [
            19.9120801,
            50.0332752
          ],
          [
            19.9120579,
            50.0332882
          ]
        ]
      },
      "id": "way/1237315680"
    },
    {
      "type": "Feature",
      "properties": {
        "@id": "way/1243742266",
        "foot": "permissive",
        "highway": "footway",
        "surface": "sett"
      },
      "geometry": {
        "type": "LineString",
        "coordinates": [
          [
            19.9484039,
            50.0523336
          ],
          [
            19.9484324,
            50.0523395
          ],
          [
            19.9484422,
            50.0523524
          ],
          [
            19.9484684,
            50.0523593
          ],
          [
            19.9484983,
            50.0523548
          ],
          [
            19.9487033,
            50.0524067
          ],
          [
            19.9486729,
            50.0524577
          ],
          [
            19.948706,
            50.0524666
          ]
        ]
      },
      "id": "way/1243742266"
    },
    {
      "type": "Feature",
      "properties": {
        "@id": "way/1243754523",
        "foot": "permissive",
        "highway": "footway",
        "smoothness": "intermediate",
        "surface": "sett"
      },
      "geometry": {
        "type": "LineString",
        "coordinates": [
          [
            19.9475603,
            50.0532695
          ],
          [
            19.9475012,
            50.0533661
          ],
          [
            19.9474947,
            50.0533771
          ]
        ]
      },
      "id": "way/1243754523"
    },
    {
      "type": "Feature",
      "properties": {
        "@id": "way/1243781602",
        "highway": "service",
        "service": "driveway",
        "surface": "sett"
      },
      "geometry": {
        "type": "LineString",
        "coordinates": [
          [
            19.9434888,
            50.0535592
          ],
          [
            19.9435082,
            50.053553
          ],
          [
            19.943566,
            50.0535344
          ],
          [
            19.9435855,
            50.0535282
          ]
        ]
      },
      "id": "way/1243781602"
    },
    {
      "type": "Feature",
      "properties": {
        "@id": "way/1244753633",
        "highway": "footway",
        "surface": "sett"
      },
      "geometry": {
        "type": "LineString",
        "coordinates": [
          [
            19.9477216,
            50.0527415
          ],
          [
            19.9477485,
            50.0527495
          ]
        ]
      },
      "id": "way/1244753633"
    },
    {
      "type": "Feature",
      "properties": {
        "@id": "way/1244753634",
        "access": "customers",
        "highway": "footway",
        "surface": "sett"
      },
      "geometry": {
        "type": "LineString",
        "coordinates": [
          [
            19.9477216,
            50.0527415
          ],
          [
            19.9476581,
            50.0527472
          ],
          [
            19.9474613,
            50.0527047
          ],
          [
            19.9474475,
            50.0527308
          ],
          [
            19.9474093,
            50.0527229
          ],
          [
            19.9473188,
            50.0527042
          ]
        ]
      },
      "id": "way/1244753634"
    },
    {
      "type": "Feature",
      "properties": {
        "@id": "way/1244753637",
        "highway": "service",
        "service": "driveway",
        "surface": "sett"
      },
      "geometry": {
        "type": "LineString",
        "coordinates": [
          [
            19.9475313,
            50.0523604
          ],
          [
            19.9474263,
            50.0523968
          ]
        ]
      },
      "id": "way/1244753637"
    },
    {
      "type": "Feature",
      "properties": {
        "@id": "way/1245099208",
        "highway": "service",
        "lit": "yes",
        "service": "driveway",
        "surface": "sett"
      },
      "geometry": {
        "type": "LineString",
        "coordinates": [
          [
            19.9477993,
            50.0513541
          ],
          [
            19.9478145,
            50.0513119
          ]
        ]
      },
      "id": "way/1245099208"
    },
    {
      "type": "Feature",
      "properties": {
        "@id": "way/1246580665",
        "highway": "footway",
        "smoothness": "intermediate",
        "surface": "sett"
      },
      "geometry": {
        "type": "LineString",
        "coordinates": [
          [
            19.9484313,
            50.0516919
          ],
          [
            19.9484167,
            50.0516268
          ],
          [
            19.9483804,
            50.051465
          ],
          [
            19.9483782,
            50.0514555
          ]
        ]
      },
      "id": "way/1246580665"
    },
    {
      "type": "Feature",
      "properties": {
        "@id": "way/1246580671",
        "highway": "footway",
        "smoothness": "intermediate",
        "surface": "sett"
      },
      "geometry": {
        "type": "LineString",
        "coordinates": [
          [
            19.9486333,
            50.051716
          ],
          [
            19.9486469,
            50.0516536
          ],
          [
            19.9484167,
            50.0516268
          ]
        ]
      },
      "id": "way/1246580671"
    },
    {
      "type": "Feature",
      "properties": {
        "@id": "way/1246580672",
        "highway": "footway",
        "smoothness": "intermediate",
        "surface": "sett"
      },
      "geometry": {
        "type": "LineString",
        "coordinates": [
          [
            19.9486469,
            50.0516536
          ],
          [
            19.9486679,
            50.0516545
          ]
        ]
      },
      "id": "way/1246580672"
    },
    {
      "type": "Feature",
      "properties": {
        "@id": "way/1246580673",
        "access": "private",
        "highway": "service",
        "service": "driveway",
        "surface": "sett"
      },
      "geometry": {
        "type": "LineString",
        "coordinates": [
          [
            19.9489307,
            50.051844
          ],
          [
            19.9489349,
            50.051822
          ],
          [
            19.9488429,
            50.0518146
          ],
          [
            19.9488561,
            50.051744
          ]
        ]
      },
      "id": "way/1246580673"
    },
    {
      "type": "Feature",
      "properties": {
        "@id": "way/1246588607",
        "highway": "service",
        "service": "driveway",
        "surface": "sett"
      },
      "geometry": {
        "type": "LineString",
        "coordinates": [
          [
            19.9461696,
            50.0517909
          ],
          [
            19.9461505,
            50.0517873
          ],
          [
            19.9460712,
            50.0517709
          ]
        ]
      },
      "id": "way/1246588607"
    },
    {
      "type": "Feature",
      "properties": {
        "@id": "way/1246724517",
        "highway": "footway",
        "surface": "sett"
      },
      "geometry": {
        "type": "LineString",
        "coordinates": [
          [
            19.9614958,
            50.0647121
          ],
          [
            19.9617137,
            50.0647392
          ]
        ]
      },
      "id": "way/1246724517"
    },
    {
      "type": "Feature",
      "properties": {
        "@id": "way/1246997113",
        "highway": "footway",
        "surface": "sett"
      },
      "geometry": {
        "type": "LineString",
        "coordinates": [
          [
            19.9481156,
            50.051435
          ],
          [
            19.9481186,
            50.0514258
          ],
          [
            19.9481284,
            50.0513955
          ],
          [
            19.9481396,
            50.0513592
          ]
        ]
      },
      "id": "way/1246997113"
    },
    {
      "type": "Feature",
      "properties": {
        "@id": "way/1246997114",
        "highway": "footway",
        "surface": "sett"
      },
      "geometry": {
        "type": "LineString",
        "coordinates": [
          [
            19.9481186,
            50.0514258
          ],
          [
            19.9482221,
            50.0514401
          ],
          [
            19.9482646,
            50.0514451
          ]
        ]
      },
      "id": "way/1246997114"
    },
    {
      "type": "Feature",
      "properties": {
        "@id": "way/1247005831",
        "highway": "service",
        "service": "driveway",
        "surface": "sett"
      },
      "geometry": {
        "type": "LineString",
        "coordinates": [
          [
            19.9485463,
            50.0509906
          ],
          [
            19.9483504,
            50.0509596
          ]
        ]
      },
      "id": "way/1247005831"
    },
    {
      "type": "Feature",
      "properties": {
        "@id": "way/1247013056",
        "footway": "crossing",
        "highway": "footway",
        "smoothness": "intermediate",
        "surface": "sett"
      },
      "geometry": {
        "type": "LineString",
        "coordinates": [
          [
            19.9468956,
            50.0516291
          ],
          [
            19.9469371,
            50.0516349
          ],
          [
            19.9469749,
            50.0516402
          ]
        ]
      },
      "id": "way/1247013056"
    },
    {
      "type": "Feature",
      "properties": {
        "@id": "way/1247013057",
        "footway": "crossing",
        "highway": "footway",
        "smoothness": "intermediate",
        "surface": "sett"
      },
      "geometry": {
        "type": "LineString",
        "coordinates": [
          [
            19.9469234,
            50.0515503
          ],
          [
            19.9469657,
            50.0515561
          ],
          [
            19.9470029,
            50.0515611
          ]
        ]
      },
      "id": "way/1247013057"
    },
    {
      "type": "Feature",
      "properties": {
        "@id": "way/1247416668",
        "highway": "service",
        "lit": "yes",
        "service": "driveway",
        "surface": "sett"
      },
      "geometry": {
        "type": "LineString",
        "coordinates": [
          [
            19.9486344,
            50.0501685
          ],
          [
            19.9486276,
            50.0501808
          ],
          [
            19.9486173,
            50.050199
          ],
          [
            19.9486017,
            50.0502279
          ]
        ]
      },
      "id": "way/1247416668"
    },
    {
      "type": "Feature",
      "properties": {
        "@id": "way/1247416669",
        "highway": "service",
        "lit": "yes",
        "oneway": "yes",
        "service": "driveway",
        "surface": "sett"
      },
      "geometry": {
        "type": "LineString",
        "coordinates": [
          [
            19.9483789,
            50.0501773
          ],
          [
            19.9483932,
            50.0501495
          ],
          [
            19.9484035,
            50.0501314
          ],
          [
            19.9484098,
            50.0501198
          ]
        ]
      },
      "id": "way/1247416669"
    },
    {
      "type": "Feature",
      "properties": {
        "@id": "way/1247416670",
        "highway": "service",
        "lit": "yes",
        "oneway": "yes",
        "service": "driveway",
        "surface": "sett"
      },
      "geometry": {
        "type": "LineString",
        "coordinates": [
          [
            19.9484728,
            50.0501341
          ],
          [
            19.9484669,
            50.0501455
          ],
          [
            19.948458,
            50.0501634
          ],
          [
            19.9484434,
            50.050192
          ]
        ]
      },
      "id": "way/1247416670"
    },
    {
      "type": "Feature",
      "properties": {
        "@id": "way/1248934248",
        "highway": "footway",
        "surface": "sett"
      },
      "geometry": {
        "type": "LineString",
        "coordinates": [
          [
            19.9487108,
            50.0423611
          ],
          [
            19.9487191,
            50.0424264
          ]
        ]
      },
      "id": "way/1248934248"
    },
    {
      "type": "Feature",
      "properties": {
        "@id": "way/1250895624",
        "highway": "footway",
        "surface": "sett"
      },
      "geometry": {
        "type": "LineString",
        "coordinates": [
          [
            19.9473325,
            50.0500172
          ],
          [
            19.9473396,
            50.0500035
          ],
          [
            19.9473664,
            50.0499526
          ]
        ]
      },
      "id": "way/1250895624"
    },
    {
      "type": "Feature",
      "properties": {
        "@id": "way/1250895626",
        "foot": "permissive",
        "highway": "footway",
        "surface": "sett"
      },
      "geometry": {
        "type": "LineString",
        "coordinates": [
          [
            19.9470527,
            50.0500454
          ],
          [
            19.9470712,
            50.0500178
          ],
          [
            19.9471058,
            50.0499662
          ],
          [
            19.9471127,
            50.0499559
          ]
        ]
      },
      "id": "way/1250895626"
    },
    {
      "type": "Feature",
      "properties": {
        "@id": "way/1250895629",
        "access": "permissive",
        "highway": "service",
        "motor_vehicle": "private",
        "service": "driveway",
        "surface": "sett"
      },
      "geometry": {
        "type": "LineString",
        "coordinates": [
          [
            19.9469563,
            50.0499206
          ],
          [
            19.946939,
            50.049957
          ],
          [
            19.9468321,
            50.0501243
          ],
          [
            19.9467815,
            50.0502035
          ],
          [
            19.9469402,
            50.0502429
          ],
          [
            19.9470482,
            50.0502691
          ]
        ]
      },
      "id": "way/1250895629"
    },
    {
      "type": "Feature",
      "properties": {
        "@id": "way/1250895630",
        "access": "permissive",
        "highway": "service",
        "motor_vehicle": "private",
        "service": "driveway",
        "surface": "sett"
      },
      "geometry": {
        "type": "LineString",
        "coordinates": [
          [
            19.9467704,
            50.0501087
          ],
          [
            19.9468321,
            50.0501243
          ]
        ]
      },
      "id": "way/1250895630"
    },
    {
      "type": "Feature",
      "properties": {
        "@id": "way/1252131085",
        "access": "customers",
        "highway": "footway",
        "surface": "sett"
      },
      "geometry": {
        "type": "LineString",
        "coordinates": [
          [
            19.947374,
            50.0527918
          ],
          [
            19.9470983,
            50.0527315
          ],
          [
            19.947121,
            50.0526767
          ]
        ]
      },
      "id": "way/1252131085"
    },
    {
      "type": "Feature",
      "properties": {
        "@id": "way/1253670627",
        "bicycle": "unknown",
        "foot": "yes",
        "highway": "footway",
        "horse": "no",
        "motor_vehicle": "private",
        "surface": "sett"
      },
      "geometry": {
        "type": "LineString",
        "coordinates": [
          [
            20.0049799,
            50.0150039
          ],
          [
            20.0053305,
            50.0149237
          ],
          [
            20.005359,
            50.014911
          ],
          [
            20.0054173,
            50.0148849
          ],
          [
            20.0055592,
            50.0147183
          ],
          [
            20.0055518,
            50.0146726
          ]
        ]
      },
      "id": "way/1253670627"
    },
    {
      "type": "Feature",
      "properties": {
        "@id": "way/1253670628",
        "bicycle": "unknown",
        "foot": "yes",
        "highway": "footway",
        "horse": "no",
        "motor_vehicle": "private",
        "surface": "sett"
      },
      "geometry": {
        "type": "LineString",
        "coordinates": [
          [
            20.0055518,
            50.0146726
          ],
          [
            20.0054308,
            50.0145362
          ]
        ]
      },
      "id": "way/1253670628"
    },
    {
      "type": "Feature",
      "properties": {
        "@id": "way/1254698908",
        "highway": "footway",
        "surface": "sett"
      },
      "geometry": {
        "type": "LineString",
        "coordinates": [
          [
            20.0055592,
            50.0147183
          ],
          [
            20.0058238,
            50.0147566
          ]
        ]
      },
      "id": "way/1254698908"
    },
    {
      "type": "Feature",
      "properties": {
        "@id": "way/1254702634",
        "highway": "service",
        "service": "driveway",
        "surface": "sett"
      },
      "geometry": {
        "type": "LineString",
        "coordinates": [
          [
            19.9421846,
            50.0492517
          ],
          [
            19.9421775,
            50.0492623
          ],
          [
            19.9421575,
            50.0492971
          ]
        ]
      },
      "id": "way/1254702634"
    },
    {
      "type": "Feature",
      "properties": {
        "@id": "way/1254705179",
        "highway": "service",
        "lit": "yes",
        "service": "driveway",
        "surface": "sett"
      },
      "geometry": {
        "type": "LineString",
        "coordinates": [
          [
            19.9429513,
            50.0488456
          ],
          [
            19.9429201,
            50.0488993
          ],
          [
            19.9429132,
            50.0489093
          ]
        ]
      },
      "id": "way/1254705179"
    },
    {
      "type": "Feature",
      "properties": {
        "@id": "way/1254716964",
        "highway": "service",
        "service": "driveway",
        "surface": "sett"
      },
      "geometry": {
        "type": "LineString",
        "coordinates": [
          [
            19.9422542,
            50.0463151
          ],
          [
            19.9422381,
            50.0463583
          ],
          [
            19.9422341,
            50.0463692
          ]
        ]
      },
      "id": "way/1254716964"
    },
    {
      "type": "Feature",
      "properties": {
        "@id": "way/1254994773",
        "highway": "service",
        "lit": "yes",
        "service": "driveway",
        "surface": "sett"
      },
      "geometry": {
        "type": "LineString",
        "coordinates": [
          [
            19.9439673,
            50.0466519
          ],
          [
            19.9439433,
            50.0466487
          ],
          [
            19.943827,
            50.0466294
          ],
          [
            19.9437883,
            50.0466239
          ]
        ]
      },
      "id": "way/1254994773"
    },
    {
      "type": "Feature",
      "properties": {
        "@id": "way/1255518947",
        "highway": "footway",
        "lit": "yes",
        "smoothness": "intermediate",
        "surface": "sett"
      },
      "geometry": {
        "type": "LineString",
        "coordinates": [
          [
            19.9594592,
            50.0658662
          ],
          [
            19.9595777,
            50.0658047
          ],
          [
            19.9595883,
            50.0657878
          ]
        ]
      },
      "id": "way/1255518947"
    },
    {
      "type": "Feature",
      "properties": {
        "@id": "way/1255518948",
        "highway": "footway",
        "lit": "yes",
        "smoothness": "intermediate",
        "surface": "sett"
      },
      "geometry": {
        "type": "LineString",
        "coordinates": [
          [
            19.9595217,
            50.0659375
          ],
          [
            19.9597142,
            50.06584
          ],
          [
            19.9597249,
            50.0658246
          ]
        ]
      },
      "id": "way/1255518948"
    },
    {
      "type": "Feature",
      "properties": {
        "@id": "way/1255518949",
        "highway": "footway",
        "lit": "yes",
        "smoothness": "intermediate",
        "surface": "sett"
      },
      "geometry": {
        "type": "LineString",
        "coordinates": [
          [
            19.9600687,
            50.0659132
          ],
          [
            19.9600319,
            50.0659366
          ],
          [
            19.959679,
            50.0661164
          ]
        ]
      },
      "id": "way/1255518949"
    },
    {
      "type": "Feature",
      "properties": {
        "@id": "way/1255727264",
        "access": "private",
        "highway": "service",
        "service": "driveway",
        "surface": "cobblestone"
      },
      "geometry": {
        "type": "LineString",
        "coordinates": [
          [
            19.8632963,
            50.0360311
          ],
          [
            19.8634214,
            50.0359863
          ],
          [
            19.8635785,
            50.0359517
          ],
          [
            19.8638164,
            50.0359531
          ],
          [
            19.8639062,
            50.0359531
          ],
          [
            19.8639803,
            50.0359387
          ],
          [
            19.8640229,
            50.0359098
          ],
          [
            19.8640476,
            50.0358536
          ],
          [
            19.8640521,
            50.0358104
          ]
        ]
      },
      "id": "way/1255727264"
    },
    {
      "type": "Feature",
      "properties": {
        "@id": "way/1256996319",
        "highway": "service",
        "service": "driveway",
        "surface": "sett"
      },
      "geometry": {
        "type": "LineString",
        "coordinates": [
          [
            19.940604,
            50.0473552
          ],
          [
            19.9406224,
            50.0473099
          ],
          [
            19.9406395,
            50.0472679
          ]
        ]
      },
      "id": "way/1256996319"
    },
    {
      "type": "Feature",
      "properties": {
        "@id": "way/1267668510",
        "footway": "link",
        "highway": "footway",
        "lit": "no",
        "smoothness": "intermediate",
        "surface": "sett"
      },
      "geometry": {
        "type": "LineString",
        "coordinates": [
          [
            20.0484178,
            50.0785927
          ],
          [
            20.0483933,
            50.0786305
          ]
        ]
      },
      "id": "way/1267668510"
    },
    {
      "type": "Feature",
      "properties": {
        "@id": "way/1271647169",
        "highway": "service",
        "smoothness": "intermediate",
        "surface": "sett"
      },
      "geometry": {
        "type": "LineString",
        "coordinates": [
          [
            20.042352,
            50.071496
          ],
          [
            20.0417915,
            50.0715928
          ]
        ]
      },
      "id": "way/1271647169"
    },
    {
      "type": "Feature",
      "properties": {
        "@id": "way/1271956364",
        "cycleway": "no",
        "highway": "living_street",
        "lit": "yes",
        "maxspeed": "20",
        "name": "Świętej Agnieszki",
        "oneway": "yes",
        "oneway:bicycle": "no",
        "sidewalk": "separate",
        "source:maxspeed": "PL:living_street",
        "surface": "sett",
        "wikidata": "Q9366381",
        "wikipedia": "pl:Ulica św. Agnieszki w Krakowie"
      },
      "geometry": {
        "type": "LineString",
        "coordinates": [
          [
            19.9402065,
            50.0528199
          ],
          [
            19.9401941,
            50.0526685
          ]
        ]
      },
      "id": "way/1271956364"
    },
    {
      "type": "Feature",
      "properties": {
        "@id": "way/1272876966",
        "highway": "service",
        "service": "parking_aisle",
        "surface": "cobblestone"
      },
      "geometry": {
        "type": "LineString",
        "coordinates": [
          [
            19.8941199,
            50.0545754
          ],
          [
            19.8940101,
            50.054603
          ],
          [
            19.8939081,
            50.0546533
          ]
        ]
      },
      "id": "way/1272876966"
    },
    {
      "type": "Feature",
      "properties": {
        "@id": "way/1276018073",
        "area": "no",
        "bicycle": "yes",
        "comment": "path for pedestrian routing",
        "highway": "pedestrian",
        "lit": "yes",
        "noname": "yes",
        "smoothness": "excellent",
        "surface": "sett"
      },
      "geometry": {
        "type": "LineString",
        "coordinates": [
          [
            19.9379745,
            50.0623226
          ],
          [
            19.9380707,
            50.0621975
          ],
          [
            19.9380529,
            50.0621539
          ],
          [
            19.9382086,
            50.0616383
          ],
          [
            19.9383127,
            50.0612934
          ],
          [
            19.9378555,
            50.0612289
          ],
          [
            19.9374805,
            50.0611814
          ],
          [
            19.9367082,
            50.061084
          ],
          [
            19.936719,
            50.0614047
          ],
          [
            19.9365644,
            50.0616399
          ],
          [
            19.9363194,
            50.0620126
          ],
          [
            19.9370387,
            50.0621634
          ],
          [
            19.9374894,
            50.0622579
          ],
          [
            19.9378128,
            50.0622448
          ],
          [
            19.9379745,
            50.0623226
          ]
        ]
      },
      "id": "way/1276018073"
    },
    {
      "type": "Feature",
      "properties": {
        "@id": "way/1276018074",
        "area": "no",
        "bicycle": "yes",
        "comment": "path for pedestrian routing",
        "highway": "pedestrian",
        "lit": "yes",
        "noname": "yes",
        "smoothness": "excellent",
        "surface": "sett"
      },
      "geometry": {
        "type": "LineString",
        "coordinates": [
          [
            19.9371373,
            50.061779
          ],
          [
            19.9370387,
            50.0621634
          ],
          [
            19.9369673,
            50.0624589
          ],
          [
            19.9369093,
            50.0626838
          ]
        ]
      },
      "id": "way/1276018074"
    },
    {
      "type": "Feature",
      "properties": {
        "@id": "way/1276018075",
        "highway": "pedestrian",
        "lit": "yes",
        "noname": "yes",
        "smoothness": "good",
        "surface": "sett"
      },
      "geometry": {
        "type": "LineString",
        "coordinates": [
          [
            19.9376824,
            50.0621467
          ],
          [
            19.9378128,
            50.0622448
          ]
        ]
      },
      "id": "way/1276018075"
    },
    {
      "type": "Feature",
      "properties": {
        "@id": "way/1279527455",
        "footway": "crossing",
        "highway": "footway",
        "lit": "yes",
        "smoothness": "intermediate",
        "surface": "sett"
      },
      "geometry": {
        "type": "LineString",
        "coordinates": [
          [
            20.0398659,
            50.072423
          ],
          [
            20.0399103,
            50.0724348
          ],
          [
            20.0399593,
            50.0724479
          ]
        ]
      },
      "id": "way/1279527455"
    },
    {
      "type": "Feature",
      "properties": {
        "@id": "way/1284712010",
        "highway": "service",
        "surface": "sett"
      },
      "geometry": {
        "type": "LineString",
        "coordinates": [
          [
            19.9477986,
            50.0383674
          ],
          [
            19.9479451,
            50.0383295
          ]
        ]
      },
      "id": "way/1284712010"
    },
    {
      "type": "Feature",
      "properties": {
        "@id": "way/1285963810",
        "footway": "sidewalk",
        "highway": "footway",
        "surface": "sett"
      },
      "geometry": {
        "type": "LineString",
        "coordinates": [
          [
            19.9523127,
            50.0474545
          ],
          [
            19.9523282,
            50.047429
          ],
          [
            19.9513536,
            50.0471707
          ],
          [
            19.9512244,
            50.0471404
          ],
          [
            19.9508805,
            50.0470357
          ],
          [
            19.9506898,
            50.0469839
          ],
          [
            19.9506522,
            50.046972
          ],
          [
            19.9503295,
            50.0468699
          ],
          [
            19.9502561,
            50.0468153
          ],
          [
            19.9501546,
            50.0467759
          ]
        ]
      },
      "id": "way/1285963810"
    },
    {
      "type": "Feature",
      "properties": {
        "@id": "way/1285963814",
        "highway": "footway",
        "surface": "sett"
      },
      "geometry": {
        "type": "LineString",
        "coordinates": [
          [
            19.9512181,
            50.0471491
          ],
          [
            19.9512244,
            50.0471404
          ]
        ]
      },
      "id": "way/1285963814"
    },
    {
      "type": "Feature",
      "properties": {
        "@id": "way/1286609608",
        "handrail": "no",
        "highway": "steps",
        "incline": "down",
        "ramp": "separate",
        "ramp:wheelchair": "separate",
        "step_count": "15",
        "surface": "sett",
        "tactile_paving": "no"
      },
      "geometry": {
        "type": "LineString",
        "coordinates": [
          [
            19.9311654,
            50.0510166
          ],
          [
            19.9313993,
            50.0510768
          ]
        ]
      },
      "id": "way/1286609608"
    },
    {
      "type": "Feature",
      "properties": {
        "@id": "way/1286609610",
        "highway": "footway",
        "surface": "sett"
      },
      "geometry": {
        "type": "LineString",
        "coordinates": [
          [
            19.9313993,
            50.0510768
          ],
          [
            19.9314408,
            50.0510875
          ]
        ]
      },
      "id": "way/1286609610"
    },
    {
      "type": "Feature",
      "properties": {
        "@id": "way/1286609614",
        "highway": "footway",
        "layer": "-1",
        "surface": "sett"
      },
      "geometry": {
        "type": "LineString",
        "coordinates": [
          [
            19.9313395,
            50.0511143
          ],
          [
            19.9314137,
            50.0511338
          ]
        ]
      },
      "id": "way/1286609614"
    },
    {
      "type": "Feature",
      "properties": {
        "@id": "way/1286622854",
        "highway": "footway",
        "surface": "sett"
      },
      "geometry": {
        "type": "LineString",
        "coordinates": [
          [
            19.9312228,
            50.0508523
          ],
          [
            19.9311984,
            50.050846
          ]
        ]
      },
      "id": "way/1286622854"
    },
    {
      "type": "Feature",
      "properties": {
        "@id": "way/1287354350",
        "highway": "service",
        "motor_vehicle": "private",
        "surface": "sett"
      },
      "geometry": {
        "type": "LineString",
        "coordinates": [
          [
            19.9225275,
            50.0623682
          ],
          [
            19.9225632,
            50.0627179
          ],
          [
            19.9225704,
            50.0627539
          ]
        ]
      },
      "id": "way/1287354350"
    },
    {
      "type": "Feature",
      "properties": {
        "@id": "way/1287795606",
        "fixme": "jaki tag smoothness tu powinien być?",
        "highway": "residential",
        "lit": "yes",
        "maxspeed": "30",
        "maxspeed:type": "sign",
        "noname": "yes",
        "oneway": "yes",
        "sidewalk:both": "separate",
        "surface": "sett"
      },
      "geometry": {
        "type": "LineString",
        "coordinates": [
          [
            19.9634139,
            50.0894891
          ],
          [
            19.9634739,
            50.0894397
          ],
          [
            19.9635707,
            50.0893994
          ]
        ]
      },
      "id": "way/1287795606"
    },
    {
      "type": "Feature",
      "properties": {
        "@id": "way/1288204283",
        "cycleway:both": "no",
        "highway": "residential",
        "lanes": "1",
        "lit": "yes",
        "maxspeed:type": "PL:urban",
        "noname": "yes",
        "sidewalk": "no",
        "smoothness": "intermediate",
        "surface": "sett",
        "width": "5"
      },
      "geometry": {
        "type": "LineString",
        "coordinates": [
          [
            20.0399301,
            50.072403
          ],
          [
            20.0399103,
            50.0724348
          ],
          [
            20.0398852,
            50.0724744
          ]
        ]
      },
      "id": "way/1288204283"
    },
    {
      "type": "Feature",
      "properties": {
        "@id": "way/1289151623",
        "highway": "footway",
        "surface": "sett"
      },
      "geometry": {
        "type": "LineString",
        "coordinates": [
          [
            19.9325116,
            50.0554389
          ],
          [
            19.9324952,
            50.0554506
          ],
          [
            19.9324739,
            50.0554584
          ],
          [
            19.9324499,
            50.0554615
          ],
          [
            19.9324256,
            50.0554597
          ],
          [
            19.9324034,
            50.0554531
          ],
          [
            19.9323841,
            50.0554413
          ],
          [
            19.9323723,
            50.055426
          ],
          [
            19.9323692,
            50.055409
          ],
          [
            19.9323753,
            50.0553923
          ],
          [
            19.9323898,
            50.0553779
          ],
          [
            19.932411,
            50.0553676
          ],
          [
            19.9324365,
            50.0553625
          ],
          [
            19.9324631,
            50.0553632
          ],
          [
            19.9324726,
            50.0553639
          ],
          [
            19.9324878,
            50.0553697
          ],
          [
            19.9325062,
            50.05538
          ],
          [
            19.9325187,
            50.0553935
          ],
          [
            19.932524,
            50.0554089
          ],
          [
            19.9325215,
            50.0554245
          ],
          [
            19.9325116,
            50.0554389
          ]
        ]
      },
      "id": "way/1289151623"
    },
    {
      "type": "Feature",
      "properties": {
        "@id": "way/1289151624",
        "highway": "footway",
        "surface": "sett"
      },
      "geometry": {
        "type": "LineString",
        "coordinates": [
          [
            19.9325062,
            50.05538
          ],
          [
            19.9326045,
            50.0553418
          ]
        ]
      },
      "id": "way/1289151624"
    },
    {
      "type": "Feature",
      "properties": {
        "@id": "way/1289784467",
        "highway": "service",
        "smoothness": "intermediate",
        "surface": "sett"
      },
      "geometry": {
        "type": "LineString",
        "coordinates": [
          [
            20.0425231,
            50.0718284
          ],
          [
            20.041828,
            50.0719566
          ]
        ]
      },
      "id": "way/1289784467"
    },
    {
      "type": "Feature",
      "properties": {
        "@id": "way/1290347168",
        "access": "private",
        "highway": "service",
        "service": "driveway",
        "surface": "sett"
      },
      "geometry": {
        "type": "LineString",
        "coordinates": [
          [
            19.9280845,
            50.0649053
          ],
          [
            19.9282114,
            50.0649224
          ]
        ]
      },
      "id": "way/1290347168"
    },
    {
      "type": "Feature",
      "properties": {
        "@id": "way/1290594875",
        "highway": "service",
        "lit": "no",
        "maxspeed": "30",
        "smoothness": "intermediate",
        "source:maxspeed": "PL:zone30",
        "surface": "sett"
      },
      "geometry": {
        "type": "LineString",
        "coordinates": [
          [
            20.0475558,
            50.0783654
          ],
          [
            20.0475849,
            50.0783721
          ],
          [
            20.047906,
            50.0784572
          ],
          [
            20.0481606,
            50.0785246
          ],
          [
            20.0484178,
            50.0785927
          ],
          [
            20.0487483,
            50.0786817
          ],
          [
            20.0487596,
            50.0786661
          ]
        ]
      },
      "id": "way/1290594875"
    },
    {
      "type": "Feature",
      "properties": {
        "@id": "way/1292602898",
        "highway": "footway",
        "lit": "yes",
        "smoothness": "intermediate",
        "surface": "sett"
      },
      "geometry": {
        "type": "LineString",
        "coordinates": [
          [
            20.0322962,
            50.0864829
          ],
          [
            20.0322993,
            50.0864552
          ]
        ]
      },
      "id": "way/1292602898"
    },
    {
      "type": "Feature",
      "properties": {
        "@id": "way/1292602900",
        "highway": "footway",
        "lit": "yes",
        "smoothness": "intermediate",
        "surface": "sett"
      },
      "geometry": {
        "type": "LineString",
        "coordinates": [
          [
            20.0323019,
            50.0864334
          ],
          [
            20.0323032,
            50.0864184
          ]
        ]
      },
      "id": "way/1292602900"
    },
    {
      "type": "Feature",
      "properties": {
        "@id": "way/1292846432",
        "highway": "footway",
        "surface": "sett"
      },
      "geometry": {
        "type": "LineString",
        "coordinates": [
          [
            19.9500552,
            50.0541448
          ],
          [
            19.950005,
            50.0541171
          ],
          [
            19.9499913,
            50.0541192
          ]
        ]
      },
      "id": "way/1292846432"
    },
    {
      "type": "Feature",
      "properties": {
        "@id": "way/1295209619",
        "highway": "footway",
        "smoothness": "intermediate",
        "surface": "sett"
      },
      "geometry": {
        "type": "LineString",
        "coordinates": [
          [
            19.9773746,
            50.0554249
          ],
          [
            19.9774149,
            50.0553925
          ],
          [
            19.977447,
            50.0553624
          ],
          [
            19.9775032,
            50.0553307
          ],
          [
            19.9775697,
            50.0553087
          ],
          [
            19.977652,
            50.0553038
          ],
          [
            19.9777305,
            50.0553077
          ],
          [
            19.9777947,
            50.0552956
          ],
          [
            19.9778617,
            50.0552665
          ]
        ]
      },
      "id": "way/1295209619"
    },
    {
      "type": "Feature",
      "properties": {
        "@id": "way/1295209620",
        "highway": "footway",
        "smoothness": "intermediate",
        "surface": "sett"
      },
      "geometry": {
        "type": "LineString",
        "coordinates": [
          [
            19.9776418,
            50.0554592
          ],
          [
            19.977447,
            50.0553624
          ],
          [
            19.9772139,
            50.0552363
          ]
        ]
      },
      "id": "way/1295209620"
    },
    {
      "type": "Feature",
      "properties": {
        "@id": "way/1295209621",
        "highway": "footway",
        "smoothness": "intermediate",
        "surface": "sett"
      },
      "geometry": {
        "type": "LineString",
        "coordinates": [
          [
            19.9771073,
            50.0552862
          ],
          [
            19.9771449,
            50.0552588
          ],
          [
            19.9772139,
            50.0552363
          ],
          [
            19.9772688,
            50.0552124
          ],
          [
            19.9773422,
            50.0552004
          ],
          [
            19.9773797,
            50.0552002
          ],
          [
            19.9774655,
            50.0552038
          ],
          [
            19.9775576,
            50.055209
          ],
          [
            19.9776011,
            50.055209
          ],
          [
            19.9777059,
            50.0552262
          ],
          [
            19.9777923,
            50.0552442
          ],
          [
            19.9778617,
            50.0552665
          ],
          [
            19.9778697,
            50.0552691
          ],
          [
            19.9779319,
            50.05532
          ],
          [
            19.9779439,
            50.0553574
          ],
          [
            19.9779228,
            50.055389
          ],
          [
            19.9778627,
            50.0554248
          ],
          [
            19.977783,
            50.0554443
          ],
          [
            19.9776418,
            50.0554592
          ],
          [
            19.977556,
            50.0555273
          ]
        ]
      },
      "id": "way/1295209621"
    },
    {
      "type": "Feature",
      "properties": {
        "@id": "way/1301659584",
        "bicycle": "designated",
        "foot": "designated",
        "highway": "path",
        "lit": "yes",
        "path": "crossing",
        "segregated": "no",
        "smoothness": "intermediate",
        "surface": "sett"
      },
      "geometry": {
        "type": "LineString",
        "coordinates": [
          [
            20.039602,
            50.0730403
          ],
          [
            20.0395377,
            50.0730234
          ],
          [
            20.0394717,
            50.073006
          ]
        ]
      },
      "id": "way/1301659584"
    },
    {
      "type": "Feature",
      "properties": {
        "@id": "way/1301659624",
        "bicycle": "designated",
        "foot": "designated",
        "highway": "path",
        "lit": "yes",
        "path": "crossing",
        "segregated": "no",
        "smoothness": "intermediate",
        "surface": "sett"
      },
      "geometry": {
        "type": "LineString",
        "coordinates": [
          [
            20.0410839,
            50.0734256
          ],
          [
            20.0410172,
            50.0734071
          ],
          [
            20.0409511,
            50.0733896
          ]
        ]
      },
      "id": "way/1301659624"
    },
    {
      "type": "Feature",
      "properties": {
        "@id": "way/1303162197",
        "highway": "footway",
        "surface": "sett"
      },
      "geometry": {
        "type": "LineString",
        "coordinates": [
          [
            19.9431424,
            50.0613177
          ],
          [
            19.9431101,
            50.0612804
          ],
          [
            19.9430842,
            50.0612788
          ],
          [
            19.9430577,
            50.06127
          ],
          [
            19.9429207,
            50.0611507
          ],
          [
            19.9429093,
            50.0611303
          ],
          [
            19.9430065,
            50.0611037
          ],
          [
            19.9430471,
            50.061116
          ],
          [
            19.9430808,
            50.0611737
          ],
          [
            19.9431297,
            50.0612499
          ],
          [
            19.9431242,
            50.0612696
          ],
          [
            19.9431101,
            50.0612804
          ]
        ]
      },
      "id": "way/1303162197"
    },
    {
      "type": "Feature",
      "properties": {
        "@id": "way/1303162199",
        "access": "private",
        "highway": "footway",
        "surface": "sett"
      },
      "geometry": {
        "type": "LineString",
        "coordinates": [
          [
            19.9429093,
            50.0611303
          ],
          [
            19.9428895,
            50.0611348
          ]
        ]
      },
      "id": "way/1303162199"
    },
    {
      "type": "Feature",
      "properties": {
        "@id": "way/1303162200",
        "highway": "footway",
        "surface": "sett"
      },
      "geometry": {
        "type": "LineString",
        "coordinates": [
          [
            19.9430808,
            50.0611737
          ],
          [
            19.9431212,
            50.0611645
          ]
        ]
      },
      "id": "way/1303162200"
    },
    {
      "type": "Feature",
      "properties": {
        "@id": "way/1303562057",
        "highway": "service",
        "lit": "yes",
        "service": "driveway",
        "surface": "sett"
      },
      "geometry": {
        "type": "LineString",
        "coordinates": [
          [
            19.9410174,
            50.060484
          ],
          [
            19.9409883,
            50.0604433
          ],
          [
            19.9409763,
            50.0604265
          ]
        ]
      },
      "id": "way/1303562057"
    },
    {
      "type": "Feature",
      "properties": {
        "@id": "way/1303564300",
        "highway": "service",
        "lit": "yes",
        "service": "driveway",
        "surface": "sett"
      },
      "geometry": {
        "type": "LineString",
        "coordinates": [
          [
            19.9406289,
            50.0605293
          ],
          [
            19.9406455,
            50.0605515
          ],
          [
            19.9406751,
            50.0605913
          ]
        ]
      },
      "id": "way/1303564300"
    },
    {
      "type": "Feature",
      "properties": {
        "@id": "way/1308675657",
        "highway": "footway",
        "lit": "yes",
        "surface": "unhewn_cobblestone"
      },
      "geometry": {
        "type": "LineString",
        "coordinates": [
          [
            19.9437368,
            50.0677865
          ],
          [
            19.9438025,
            50.0677793
          ],
          [
            19.943865,
            50.0677647
          ],
          [
            19.9439278,
            50.0677538
          ],
          [
            19.9439526,
            50.0677693
          ]
        ]
      },
      "id": "way/1308675657"
    },
    {
      "type": "Feature",
      "properties": {
        "@id": "way/1312792001",
        "highway": "footway",
        "surface": "sett"
      },
      "geometry": {
        "type": "LineString",
        "coordinates": [
          [
            19.9474444,
            50.0479093
          ],
          [
            19.9474792,
            50.047898
          ],
          [
            19.9474954,
            50.0479025
          ]
        ]
      },
      "id": "way/1312792001"
    },
    {
      "type": "Feature",
      "properties": {
        "@id": "way/1312792002",
        "highway": "footway",
        "surface": "sett"
      },
      "geometry": {
        "type": "LineString",
        "coordinates": [
          [
            19.9474954,
            50.0479025
          ],
          [
            19.9475499,
            50.0479181
          ],
          [
            19.9475617,
            50.0479329
          ]
        ]
      },
      "id": "way/1312792002"
    },
    {
      "type": "Feature",
      "properties": {
        "@id": "way/1314927932",
        "highway": "service",
        "service": "driveway",
        "surface": "sett"
      },
      "geometry": {
        "type": "LineString",
        "coordinates": [
          [
            19.9637193,
            50.0474433
          ],
          [
            19.9637932,
            50.047437
          ],
          [
            19.9642813,
            50.0473785
          ]
        ]
      },
      "id": "way/1314927932"
    },
    {
      "type": "Feature",
      "properties": {
        "@id": "way/1320816477",
        "highway": "footway",
        "surface": "sett"
      },
      "geometry": {
        "type": "LineString",
        "coordinates": [
          [
            19.949422,
            50.0833102
          ],
          [
            19.9492616,
            50.0833563
          ],
          [
            19.9495564,
            50.0838096
          ],
          [
            19.9499105,
            50.0837041
          ],
          [
            19.9501695,
            50.083627
          ]
        ]
      },
      "id": "way/1320816477"
    },
    {
      "type": "Feature",
      "properties": {
        "@id": "way/1323665921",
        "highway": "footway",
        "surface": "sett"
      },
      "geometry": {
        "type": "LineString",
        "coordinates": [
          [
            19.9127252,
            50.053161
          ],
          [
            19.9126746,
            50.0531464
          ],
          [
            19.9126615,
            50.0531414
          ],
          [
            19.912632,
            50.0531302
          ],
          [
            19.9125407,
            50.0531245
          ],
          [
            19.9125287,
            50.0531226
          ],
          [
            19.9124483,
            50.0530991
          ],
          [
            19.9123836,
            50.053082
          ]
        ]
      },
      "id": "way/1323665921"
    },
    {
      "type": "Feature",
      "properties": {
        "@id": "way/1324204820",
        "highway": "footway",
        "surface": "sett"
      },
      "geometry": {
        "type": "LineString",
        "coordinates": [
          [
            19.8927758,
            50.054329
          ],
          [
            19.89273,
            50.0542685
          ],
          [
            19.8926292,
            50.0541353
          ],
          [
            19.8926173,
            50.0541181
          ],
          [
            19.8926155,
            50.0540987
          ],
          [
            19.892622,
            50.0540788
          ],
          [
            19.8926327,
            50.0540628
          ],
          [
            19.8926482,
            50.0540495
          ],
          [
            19.8926719,
            50.0540399
          ],
          [
            19.8927011,
            50.0540338
          ],
          [
            19.8927379,
            50.0540327
          ],
          [
            19.89277,
            50.0540418
          ],
          [
            19.892789,
            50.0540514
          ],
          [
            19.8928122,
            50.0540682
          ],
          [
            19.8929176,
            50.054204
          ],
          [
            19.8929678,
            50.0542668
          ]
        ]
      },
      "id": "way/1324204820"
    },
    {
      "type": "Feature",
      "properties": {
        "@id": "way/1324204826",
        "highway": "footway",
        "lit": "yes",
        "surface": "sett"
      },
      "geometry": {
        "type": "LineString",
        "coordinates": [
          [
            19.8920208,
            50.0545144
          ],
          [
            19.8919963,
            50.0544764
          ],
          [
            19.8921246,
            50.0543915
          ],
          [
            19.8921877,
            50.0542841
          ],
          [
            19.8922576,
            50.0542846
          ]
        ]
      },
      "id": "way/1324204826"
    },
    {
      "type": "Feature",
      "properties": {
        "@id": "way/1324204843",
        "highway": "footway",
        "lit": "yes",
        "surface": "sett"
      },
      "geometry": {
        "type": "LineString",
        "coordinates": [
          [
            19.8919808,
            50.0543295
          ],
          [
            19.8921246,
            50.0543915
          ],
          [
            19.892237,
            50.0544399
          ]
        ]
      },
      "id": "way/1324204843"
    },
    {
      "type": "Feature",
      "properties": {
        "@id": "way/1324204844",
        "highway": "footway",
        "surface": "sett"
      },
      "geometry": {
        "type": "LineString",
        "coordinates": [
          [
            19.8922851,
            50.0550078
          ],
          [
            19.8923047,
            50.0547381
          ],
          [
            19.8924473,
            50.0545634
          ],
          [
            19.8924676,
            50.0545373
          ],
          [
            19.8924975,
            50.0545085
          ],
          [
            19.8926826,
            50.0543602
          ],
          [
            19.8927758,
            50.054329
          ],
          [
            19.8928709,
            50.0542983
          ],
          [
            19.8929678,
            50.0542668
          ],
          [
            19.8930593,
            50.0542393
          ],
          [
            19.8930825,
            50.0542422
          ]
        ]
      },
      "id": "way/1324204844"
    },
    {
      "type": "Feature",
      "properties": {
        "@id": "way/1324204859",
        "highway": "footway",
        "lit": "yes",
        "surface": "sett"
      },
      "geometry": {
        "type": "LineString",
        "coordinates": [
          [
            19.8925886,
            50.0549253
          ],
          [
            19.8925295,
            50.0549446
          ]
        ]
      },
      "id": "way/1324204859"
    },
    {
      "type": "Feature",
      "properties": {
        "@id": "way/1324204860",
        "handrail": "no",
        "highway": "steps",
        "incline": "up",
        "lit": "yes",
        "ramp": "no",
        "step_count": "2",
        "surface": "sett",
        "tactile_paving": "no"
      },
      "geometry": {
        "type": "LineString",
        "coordinates": [
          [
            19.8925886,
            50.0549253
          ],
          [
            19.8925969,
            50.0549204
          ]
        ]
      },
      "id": "way/1324204860"
    },
    {
      "type": "Feature",
      "properties": {
        "@id": "way/1324204861",
        "highway": "footway",
        "lit": "yes",
        "surface": "sett"
      },
      "geometry": {
        "type": "LineString",
        "coordinates": [
          [
            19.8926151,
            50.0549094
          ],
          [
            19.8926033,
            50.0549166
          ],
          [
            19.8925969,
            50.0549204
          ]
        ]
      },
      "id": "way/1324204861"
    },
    {
      "type": "Feature",
      "properties": {
        "@id": "way/1324204862",
        "handrail": "no",
        "highway": "steps",
        "incline": "up",
        "lit": "yes",
        "ramp": "yes",
        "ramp:bicycle": "yes",
        "ramp:wheelchair": "separate",
        "step_count": "2",
        "surface": "sett",
        "tactile_paving": "no"
      },
      "geometry": {
        "type": "LineString",
        "coordinates": [
          [
            19.8926803,
            50.0547913
          ],
          [
            19.8926884,
            50.0547974
          ]
        ]
      },
      "id": "way/1324204862"
    },
    {
      "type": "Feature",
      "properties": {
        "@id": "way/1324204863",
        "highway": "footway",
        "lit": "yes",
        "surface": "sett"
      },
      "geometry": {
        "type": "LineString",
        "coordinates": [
          [
            19.8926371,
            50.0547591
          ],
          [
            19.8926803,
            50.0547913
          ]
        ]
      },
      "id": "way/1324204863"
    },
    {
      "type": "Feature",
      "properties": {
        "@id": "way/1324204866",
        "highway": "footway",
        "lit": "yes",
        "surface": "sett"
      },
      "geometry": {
        "type": "LineString",
        "coordinates": [
          [
            19.8926884,
            50.0547974
          ],
          [
            19.8926973,
            50.0548041
          ],
          [
            19.8927337,
            50.0548314
          ]
        ]
      },
      "id": "way/1324204866"
    },
    {
      "type": "Feature",
      "properties": {
        "@id": "way/1324204867",
        "highway": "footway",
        "lit": "yes",
        "surface": "sett"
      },
      "geometry": {
        "type": "LineString",
        "coordinates": [
          [
            19.8926466,
            50.0549894
          ],
          [
            19.89268,
            50.0549718
          ],
          [
            19.8926033,
            50.0549166
          ],
          [
            19.8925775,
            50.0548979
          ],
          [
            19.8925813,
            50.054869
          ],
          [
            19.8926108,
            50.0548525
          ],
          [
            19.8926973,
            50.0548041
          ],
          [
            19.8927376,
            50.0547816
          ],
          [
            19.8926785,
            50.054724
          ]
        ]
      },
      "id": "way/1324204867"
    },
    {
      "type": "Feature",
      "properties": {
        "@id": "way/1324204868",
        "highway": "footway",
        "lit": "yes",
        "surface": "sett"
      },
      "geometry": {
        "type": "LineString",
        "coordinates": [
          [
            19.8926028,
            50.054846
          ],
          [
            19.8926108,
            50.0548525
          ],
          [
            19.8926185,
            50.0548587
          ]
        ]
      },
      "id": "way/1324204868"
    },
    {
      "type": "Feature",
      "properties": {
        "@id": "way/1324204869",
        "handrail": "no",
        "highway": "steps",
        "incline": "up",
        "lit": "yes",
        "ramp": "no",
        "step_count": "2",
        "surface": "sett",
        "tactile_paving": "no"
      },
      "geometry": {
        "type": "LineString",
        "coordinates": [
          [
            19.8925956,
            50.0548401
          ],
          [
            19.8926028,
            50.054846
          ]
        ]
      },
      "id": "way/1324204869"
    },
    {
      "type": "Feature",
      "properties": {
        "@id": "way/1324204870",
        "highway": "footway",
        "lit": "yes",
        "surface": "sett"
      },
      "geometry": {
        "type": "LineString",
        "coordinates": [
          [
            19.8925692,
            50.0548186
          ],
          [
            19.8925956,
            50.0548401
          ]
        ]
      },
      "id": "way/1324204870"
    },
    {
      "type": "Feature",
      "properties": {
        "@id": "way/1324204873",
        "footway": "sidewalk",
        "highway": "footway",
        "lit": "yes",
        "surface": "sett"
      },
      "geometry": {
        "type": "LineString",
        "coordinates": [
          [
            19.8925295,
            50.0549446
          ],
          [
            19.8925359,
            50.0548983
          ],
          [
            19.8925463,
            50.0548583
          ],
          [
            19.8925692,
            50.0548186
          ],
          [
            19.8925989,
            50.0547915
          ],
          [
            19.8926371,
            50.0547591
          ],
          [
            19.8926785,
            50.054724
          ],
          [
            19.8927391,
            50.054678
          ],
          [
            19.8927615,
            50.0546641
          ],
          [
            19.8931515,
            50.0544212
          ],
          [
            19.8931639,
            50.0544052
          ],
          [
            19.8931923,
            50.0543229
          ],
          [
            19.8932142,
            50.0542592
          ],
          [
            19.8932516,
            50.0541504
          ],
          [
            19.8932602,
            50.0541197
          ],
          [
            19.8933285,
            50.0539512
          ]
        ]
      },
      "id": "way/1324204873"
    },
    {
      "type": "Feature",
      "properties": {
        "@id": "way/1324204875",
        "handrail": "no",
        "highway": "steps",
        "incline": "down",
        "lit": "yes",
        "ramp": "no",
        "step_count": "5",
        "surface": "sett",
        "tactile_paving": "no"
      },
      "geometry": {
        "type": "LineString",
        "coordinates": [
          [
            19.8926293,
            50.0549007
          ],
          [
            19.8926151,
            50.0549094
          ]
        ]
      },
      "id": "way/1324204875"
    },
    {
      "type": "Feature",
      "properties": {
        "@id": "way/1324204876",
        "handrail": "no",
        "highway": "steps",
        "incline": "down",
        "lit": "yes",
        "ramp": "no",
        "step_count": "5",
        "surface": "sett",
        "tactile_paving": "no"
      },
      "geometry": {
        "type": "LineString",
        "coordinates": [
          [
            19.8926321,
            50.0548688
          ],
          [
            19.8926185,
            50.0548587
          ]
        ]
      },
      "id": "way/1324204876"
    },
    {
      "type": "Feature",
      "properties": {
        "@id": "way/1325622031",
        "highway": "footway",
        "surface": "cobblestone"
      },
      "geometry": {
        "type": "LineString",
        "coordinates": [
          [
            19.8940896,
            50.0545194
          ],
          [
            19.8939625,
            50.0545571
          ],
          [
            19.8939536,
            50.0545633
          ],
          [
            19.8938495,
            50.0546352
          ],
          [
            19.8938335,
            50.0546463
          ],
          [
            19.8938905,
            50.0546964
          ]
        ]
      },
      "id": "way/1325622031"
    },
    {
      "type": "Feature",
      "properties": {
        "@id": "way/1325726401",
        "access": "customers",
        "highway": "footway",
        "surface": "sett"
      },
      "geometry": {
        "type": "LineString",
        "coordinates": [
          [
            19.8933596,
            50.0548952
          ],
          [
            19.8933783,
            50.0549035
          ],
          [
            19.8933837,
            50.0549176
          ],
          [
            19.893373,
            50.0549305
          ],
          [
            19.8933558,
            50.0549354
          ],
          [
            19.8933372,
            50.0549332
          ],
          [
            19.8933239,
            50.0549247
          ],
          [
            19.8933202,
            50.0549133
          ],
          [
            19.8933268,
            50.0549025
          ],
          [
            19.8933415,
            50.0548957
          ],
          [
            19.8933596,
            50.0548952
          ]
        ]
      },
      "id": "way/1325726401"
    },
    {
      "type": "Feature",
      "properties": {
        "@id": "way/1326083792",
        "highway": "footway",
        "surface": "sett"
      },
      "geometry": {
        "type": "LineString",
        "coordinates": [
          [
            19.8924626,
            50.0545349
          ],
          [
            19.8924676,
            50.0545373
          ],
          [
            19.8925059,
            50.0545539
          ]
        ]
      },
      "id": "way/1326083792"
    },
    {
      "type": "Feature",
      "properties": {
        "@id": "way/1326083793",
        "highway": "footway",
        "surface": "sett",
        "tunnel": "building_passage"
      },
      "geometry": {
        "type": "LineString",
        "coordinates": [
          [
            19.8924486,
            50.0545288
          ],
          [
            19.8924626,
            50.0545349
          ]
        ]
      },
      "id": "way/1326083793"
    },
    {
      "type": "Feature",
      "properties": {
        "@id": "way/1326086576",
        "highway": "footway",
        "surface": "sett"
      },
      "geometry": {
        "type": "LineString",
        "coordinates": [
          [
            19.8924015,
            50.055219
          ],
          [
            19.8925558,
            50.0551684
          ]
        ]
      },
      "id": "way/1326086576"
    },
    {
      "type": "Feature",
      "properties": {
        "@id": "way/1326086577",
        "description": "poterna",
        "highway": "footway",
        "layer": "-1",
        "surface": "sett",
        "tunnel": "building_passage"
      },
      "geometry": {
        "type": "LineString",
        "coordinates": [
          [
            19.8922312,
            50.0552753
          ],
          [
            19.8924015,
            50.055219
          ]
        ]
      },
      "id": "way/1326086577"
    },
    {
      "type": "Feature",
      "properties": {
        "@id": "way/1326114642",
        "description": "poterna",
        "highway": "footway",
        "surface": "sett"
      },
      "geometry": {
        "type": "LineString",
        "coordinates": [
          [
            19.892237,
            50.0544399
          ],
          [
            19.8922806,
            50.0544588
          ],
          [
            19.8924486,
            50.0545288
          ]
        ]
      },
      "id": "way/1326114642"
    },
    {
      "type": "Feature",
      "properties": {
        "@id": "way/1326363896",
        "footway": "crossing",
        "highway": "footway",
        "lit": "yes",
        "smoothness": "bad",
        "surface": "sett"
      },
      "geometry": {
        "type": "LineString",
        "coordinates": [
          [
            20.0059143,
            50.058086
          ],
          [
            20.0059175,
            50.0580405
          ],
          [
            20.0059209,
            50.0579948
          ]
        ]
      },
      "id": "way/1326363896"
    },
    {
      "type": "Feature",
      "properties": {
        "@id": "way/1326363897",
        "footway": "crossing",
        "highway": "footway",
        "lit": "yes",
        "smoothness": "bad",
        "surface": "sett"
      },
      "geometry": {
        "type": "LineString",
        "coordinates": [
          [
            20.0061582,
            50.0580971
          ],
          [
            20.0061609,
            50.0580487
          ],
          [
            20.0061644,
            50.0580082
          ]
        ]
      },
      "id": "way/1326363897"
    },
    {
      "type": "Feature",
      "properties": {
        "@id": "way/1327053337",
        "cycleway:both": "no",
        "highway": "residential",
        "lanes": "2",
        "lit": "yes",
        "maxspeed": "50",
        "name": "Galicyjska",
        "oneway": "no",
        "sidewalk:both": "separate",
        "smoothness": "bad",
        "surface": "sett"
      },
      "geometry": {
        "type": "LineString",
        "coordinates": [
          [
            20.006204,
            50.0580502
          ],
          [
            20.0061609,
            50.0580487
          ],
          [
            20.0060399,
            50.0580446
          ],
          [
            20.0059175,
            50.0580405
          ],
          [
            20.0058734,
            50.058039
          ]
        ]
      },
      "id": "way/1327053337"
    },
    {
      "type": "Feature",
      "properties": {
        "@id": "way/1327053338",
        "highway": "service",
        "lit": "yes",
        "maxspeed": "20",
        "oneway": "no",
        "smoothness": "bad",
        "surface": "sett"
      },
      "geometry": {
        "type": "LineString",
        "coordinates": [
          [
            20.0060399,
            50.0580446
          ],
          [
            20.0060315,
            50.0581209
          ]
        ]
      },
      "id": "way/1327053338"
    },
    {
      "type": "Feature",
      "properties": {
        "@id": "way/1327055323",
        "access": "customers",
        "highway": "footway",
        "surface": "sett"
      },
      "geometry": {
        "type": "LineString",
        "coordinates": [
          [
            19.8929514,
            50.0548895
          ],
          [
            19.8929174,
            50.0548883
          ]
        ]
      },
      "id": "way/1327055323"
    },
    {
      "type": "Feature",
      "properties": {
        "@id": "way/1327055324",
        "access": "customers",
        "highway": "footway",
        "surface": "sett"
      },
      "geometry": {
        "type": "LineString",
        "coordinates": [
          [
            19.8929174,
            50.0548883
          ],
          [
            19.8929166,
            50.0549454
          ],
          [
            19.892924,
            50.0549864
          ],
          [
            19.8929438,
            50.0550343
          ],
          [
            19.8929741,
            50.0550782
          ],
          [
            19.8930142,
            50.0551181
          ],
          [
            19.8930623,
            50.0551507
          ],
          [
            19.893114,
            50.0551855
          ],
          [
            19.8932131,
            50.0552157
          ],
          [
            19.8933072,
            50.0552314
          ],
          [
            19.8934303,
            50.0552298
          ],
          [
            19.8935646,
            50.0552076
          ],
          [
            19.893654,
            50.0551823
          ],
          [
            19.8937248,
            50.0551427
          ],
          [
            19.8937863,
            50.0550955
          ],
          [
            19.893836,
            50.0550255
          ],
          [
            19.8938607,
            50.0549453
          ]
        ]
      },
      "id": "way/1327055324"
    },
    {
      "type": "Feature",
      "properties": {
        "@id": "way/1327073946",
        "footway": "crossing",
        "highway": "footway",
        "lit": "yes",
        "smoothness": "bad",
        "surface": "sett"
      },
      "geometry": {
        "type": "LineString",
        "coordinates": [
          [
            20.0061009,
            50.0581242
          ],
          [
            20.0060315,
            50.0581209
          ],
          [
            20.0059598,
            50.0581174
          ]
        ]
      },
      "id": "way/1327073946"
    },
    {
      "type": "Feature",
      "properties": {
        "@id": "way/1327325068",
        "highway": "footway",
        "lit": "yes",
        "surface": "sett",
        "tunnel": "building_passage"
      },
      "geometry": {
        "type": "LineString",
        "coordinates": [
          [
            19.892159,
            50.0552989
          ],
          [
            19.8921928,
            50.0552879
          ]
        ]
      },
      "id": "way/1327325068"
    },
    {
      "type": "Feature",
      "properties": {
        "@id": "way/1341474512",
        "bicycle": "use_sidepath",
        "highway": "living_street",
        "lit": "yes",
        "name": "Aleja Róż",
        "name:etymology:wikidata": "Q34687",
        "smoothness": "intermediate",
        "surface": "sett",
        "width": "9",
        "wikidata": "Q9144967",
        "wikipedia": "pl:Aleja Róż w Krakowie"
      },
      "geometry": {
        "type": "LineString",
        "coordinates": [
          [
            20.0375211,
            50.0726307
          ],
          [
            20.0375334,
            50.0726695
          ]
        ]
      },
      "id": "way/1341474512"
    },
    {
      "type": "Feature",
      "properties": {
        "@id": "way/1352689773",
        "highway": "footway",
        "lit": "yes",
        "smoothness": "intermediate",
        "surface": "sett",
        "width": "3"
      },
      "geometry": {
        "type": "LineString",
        "coordinates": [
          [
            20.0261728,
            50.0791964
          ],
          [
            20.0261523,
            50.0792251
          ]
        ]
      },
      "id": "way/1352689773"
    },
    {
      "type": "Feature",
      "properties": {
        "@id": "way/1353217345",
        "bicycle": "yes",
        "goods": "delivery",
        "highway": "living_street",
        "lit": "yes",
        "maxspeed": "20",
        "motor_vehicle": "private",
        "name": "Mikołajska",
        "name:be": "Мікалаеўская вуліца",
        "name:de": "Nikolaigasse",
        "name:pl": "Mikołajska",
        "oneway": "yes",
        "oneway:bicycle": "no",
        "psv": "yes",
        "smoothness": "intermediate",
        "source:maxspeed": "PL:living_street",
        "surface": "sett",
        "taxi": "yes"
      },
      "geometry": {
        "type": "LineString",
        "coordinates": [
          [
            19.9439751,
            50.0611926
          ],
          [
            19.9440983,
            50.061169
          ],
          [
            19.9441134,
            50.0611665
          ]
        ]
      },
      "id": "way/1353217345"
    },
    {
      "type": "Feature",
      "properties": {
        "@id": "way/1357591846",
        "bicycle": "no",
        "highway": "footway",
        "lit": "yes",
        "smoothness": "intermediate",
        "surface": "sett"
      },
      "geometry": {
        "type": "LineString",
        "coordinates": [
          [
            19.9503818,
            50.0669862
          ],
          [
            19.9503621,
            50.0669904
          ],
          [
            19.9503795,
            50.0670367
          ],
          [
            19.9504063,
            50.0671067
          ],
          [
            19.9504558,
            50.067195
          ]
        ]
      },
      "id": "way/1357591846"
    },
    {
      "type": "Feature",
      "properties": {
        "@id": "way/1359849741",
        "footway": "crossing",
        "highway": "footway",
        "lit": "yes",
        "smoothness": "intermediate",
        "surface": "sett"
      },
      "geometry": {
        "type": "LineString",
        "coordinates": [
          [
            20.0497235,
            50.0685645
          ],
          [
            20.049733,
            50.0685864
          ],
          [
            20.0497422,
            50.0686076
          ]
        ]
      },
      "id": "way/1359849741"
    },
    {
      "type": "Feature",
      "properties": {
        "@id": "way/1359849742",
        "highway": "service",
        "service": "driveway",
        "smoothness": "intermediate",
        "surface": "sett"
      },
      "geometry": {
        "type": "LineString",
        "coordinates": [
          [
            20.0497105,
            50.0685903
          ],
          [
            20.049733,
            50.0685864
          ],
          [
            20.0497467,
            50.068584
          ]
        ]
      },
      "id": "way/1359849742"
    },
    {
      "type": "Feature",
      "properties": {
        "@id": "way/1359849744",
        "footway": "crossing",
        "highway": "footway",
        "lit": "yes",
        "smoothness": "intermediate",
        "surface": "sett"
      },
      "geometry": {
        "type": "LineString",
        "coordinates": [
          [
            20.0496668,
            50.0684344
          ],
          [
            20.0496765,
            50.0684565
          ],
          [
            20.0496847,
            50.0684754
          ]
        ]
      },
      "id": "way/1359849744"
    },
    {
      "type": "Feature",
      "properties": {
        "@id": "way/1359849745",
        "highway": "service",
        "service": "driveway",
        "smoothness": "intermediate",
        "surface": "sett"
      },
      "geometry": {
        "type": "LineString",
        "coordinates": [
          [
            20.04969,
            50.0684541
          ],
          [
            20.0496765,
            50.0684565
          ],
          [
            20.0496535,
            50.0684606
          ]
        ]
      },
      "id": "way/1359849745"
    },
    {
      "type": "Feature",
      "properties": {
        "@id": "way/1359849747",
        "footway": "crossing",
        "highway": "footway",
        "lit": "yes",
        "smoothness": "intermediate",
        "surface": "sett"
      },
      "geometry": {
        "type": "LineString",
        "coordinates": [
          [
            20.0495989,
            50.0682787
          ],
          [
            20.0496069,
            50.0682973
          ],
          [
            20.0496145,
            50.0683148
          ]
        ]
      },
      "id": "way/1359849747"
    },
    {
      "type": "Feature",
      "properties": {
        "@id": "way/1360410625",
        "footway": "crossing",
        "highway": "footway",
        "lit": "yes",
        "smoothness": "intermediate",
        "surface": "sett"
      },
      "geometry": {
        "type": "LineString",
        "coordinates": [
          [
            20.0397733,
            50.0725912
          ],
          [
            20.0398074,
            50.0726001
          ],
          [
            20.0398402,
            50.0726087
          ]
        ]
      },
      "id": "way/1360410625"
    },
    {
      "type": "Feature",
      "properties": {
        "@id": "way/1360410627",
        "footway": "crossing",
        "highway": "footway",
        "lit": "yes",
        "smoothness": "intermediate",
        "surface": "sett"
      },
      "geometry": {
        "type": "LineString",
        "coordinates": [
          [
            20.041256,
            50.072977
          ],
          [
            20.0412963,
            50.0729874
          ],
          [
            20.0413238,
            50.0729946
          ]
        ]
      },
      "id": "way/1360410627"
    },
    {
      "type": "Feature",
      "properties": {
        "@id": "way/1360582155",
        "cycleway:both": "no",
        "highway": "residential",
        "lane_markings": "no",
        "lit": "yes",
        "maxweight": "2.5",
        "name": "Generała Feliksa Deli",
        "sidewalk:both": "no",
        "smoothness": "bad",
        "surface": "sett",
        "width": "6"
      },
      "geometry": {
        "type": "LineString",
        "coordinates": [
          [
            20.0325235,
            50.0770784
          ],
          [
            20.032345,
            50.0772171
          ],
          [
            20.0322619,
            50.0772823
          ]
        ]
      },
      "id": "way/1360582155"
    },
    {
      "type": "Feature",
      "properties": {
        "@id": "way/1360582157",
        "footway": "link",
        "highway": "footway",
        "lit": "yes",
        "surface": "sett"
      },
      "geometry": {
        "type": "LineString",
        "coordinates": [
          [
            20.0330766,
            50.0776289
          ],
          [
            20.0331321,
            50.0776596
          ]
        ]
      },
      "id": "way/1360582157"
    },
    {
      "type": "Feature",
      "properties": {
        "@id": "way/1360582158",
        "footway": "link",
        "highway": "footway",
        "lit": "yes",
        "surface": "sett"
      },
      "geometry": {
        "type": "LineString",
        "coordinates": [
          [
            20.0325219,
            50.077319
          ],
          [
            20.0325829,
            50.0773528
          ]
        ]
      },
      "id": "way/1360582158"
    },
    {
      "type": "Feature",
      "properties": {
        "@id": "way/1360582160",
        "footway": "crossing",
        "highway": "footway",
        "lit": "yes",
        "smoothness": "intermediate",
        "surface": "sett"
      },
      "geometry": {
        "type": "LineString",
        "coordinates": [
          [
            20.032312,
            50.0771989
          ],
          [
            20.032345,
            50.0772171
          ],
          [
            20.0323775,
            50.0772358
          ]
        ]
      },
      "id": "way/1360582160"
    },
    {
      "type": "Feature",
      "properties": {
        "@id": "way/1362296949",
        "highway": "footway",
        "surface": "sett"
      },
      "geometry": {
        "type": "LineString",
        "coordinates": [
          [
            19.9050811,
            50.0818128
          ],
          [
            19.9050881,
            50.0819159
          ],
          [
            19.9050972,
            50.0819923
          ]
        ]
      },
      "id": "way/1362296949"
    },
    {
      "type": "Feature",
      "properties": {
        "@id": "way/1362611161",
        "highway": "service",
        "surface": "sett"
      },
      "geometry": {
        "type": "LineString",
        "coordinates": [
          [
            20.0343304,
            50.0771118
          ],
          [
            20.0341805,
            50.0770438
          ]
        ]
      },
      "id": "way/1362611161"
    },
    {
      "type": "Feature",
      "properties": {
        "@id": "way/1362611164",
        "footway": "link",
        "highway": "footway",
        "surface": "sett"
      },
      "geometry": {
        "type": "LineString",
        "coordinates": [
          [
            20.0340363,
            50.0770077
          ],
          [
            20.0340586,
            50.0769877
          ]
        ]
      },
      "id": "way/1362611164"
    },
    {
      "type": "Feature",
      "properties": {
        "@id": "way/1364233925",
        "highway": "residential",
        "lit": "yes",
        "maxspeed": "30",
        "name": "Rynek Kleparski",
        "name:de": "Klöpper Markt",
        "oneway": "yes",
        "sidewalk:left": "separate",
        "source:maxspeed": "PL:zone30",
        "surface": "sett"
      },
      "geometry": {
        "type": "LineString",
        "coordinates": [
          [
            19.940269,
            50.0669852
          ],
          [
            19.9402362,
            50.0669528
          ],
          [
            19.9401876,
            50.0669049
          ],
          [
            19.940291,
            50.0668784
          ],
          [
            19.9403302,
            50.0668685
          ]
        ]
      },
      "id": "way/1364233925"
    },
    {
      "type": "Feature",
      "properties": {
        "@id": "way/1364260407",
        "footway": "crossing",
        "highway": "footway",
        "lit": "yes",
        "smoothness": "bad",
        "surface": "sett"
      },
      "geometry": {
        "type": "LineString",
        "coordinates": [
          [
            20.0527174,
            50.069402
          ],
          [
            20.0527109,
            50.069384
          ],
          [
            20.0527042,
            50.0693656
          ]
        ]
      },
      "id": "way/1364260407"
    },
    {
      "type": "Feature",
      "properties": {
        "@id": "way/1364260408",
        "footway": "crossing",
        "highway": "footway",
        "lit": "yes",
        "smoothness": "bad",
        "surface": "sett"
      },
      "geometry": {
        "type": "LineString",
        "coordinates": [
          [
            20.0527356,
            50.0694542
          ],
          [
            20.0527294,
            50.069435
          ],
          [
            20.052724,
            50.0694201
          ]
        ]
      },
      "id": "way/1364260408"
    },
    {
      "type": "Feature",
      "properties": {
        "@id": "way/1364486634",
        "cycleway:both": "no",
        "highway": "residential",
        "lanes": "1",
        "lit": "yes",
        "maxspeed": "30",
        "maxspeed:type": "PL:zone30",
        "noname": "yes",
        "sidewalk:both": "no",
        "smoothness": "intermediate",
        "source": "survey",
        "surface": "sett",
        "width": "5"
      },
      "geometry": {
        "type": "LineString",
        "coordinates": [
          [
            20.0412963,
            50.0729874
          ],
          [
            20.0413167,
            50.0729514
          ]
        ]
      },
      "id": "way/1364486634"
    },
    {
      "type": "Feature",
      "properties": {
        "@id": "way/1368082058",
        "bicycle": "yes",
        "highway": "footway",
        "lit": "yes",
        "smoothness": "bad",
        "source:bicycle": "PL:not_sidewalk",
        "surface": "sett"
      },
      "geometry": {
        "type": "LineString",
        "coordinates": [
          [
            20.0359503,
            50.0820989
          ],
          [
            20.0358796,
            50.0820958
          ]
        ]
      },
      "id": "way/1368082058"
    },
    {
      "type": "Feature",
      "properties": {
        "@id": "way/1369164437",
        "highway": "living_street",
        "lit": "yes",
        "maxspeed": "20",
        "name": "Adama Asnyka",
        "old_name": "Łazienna",
        "sidewalk:both": "separate",
        "source:maxspeed": "PL:living_street",
        "surface": "sett",
        "unsigned_ref": "602118K",
        "width": "7"
      },
      "geometry": {
        "type": "LineString",
        "coordinates": [
          [
            19.9347141,
            50.0673412
          ],
          [
            19.9347355,
            50.0672602
          ],
          [
            19.9347466,
            50.0672141
          ]
        ]
      },
      "id": "way/1369164437"
    },
    {
      "type": "Feature",
      "properties": {
        "@id": "way/1371617420",
        "crossing": "traffic_signals",
        "crossing:markings": "zebra",
        "footway": "crossing",
        "highway": "footway",
        "level": "0",
        "lit": "yes",
        "surface": "sett"
      },
      "geometry": {
        "type": "LineString",
        "coordinates": [
          [
            19.9452615,
            50.070489
          ],
          [
            19.9452617,
            50.0704799
          ]
        ]
      },
      "id": "way/1371617420"
    },
    {
      "type": "Feature",
      "properties": {
        "@id": "way/1372045022",
        "highway": "living_street",
        "maxspeed": "20",
        "maxspeed:type": "PL:urban",
        "name": "Niebyła",
        "source:maxspeed": "PL:living_street",
        "surface": "sett"
      },
      "geometry": {
        "type": "LineString",
        "coordinates": [
          [
            20.0621663,
            50.0978117
          ],
          [
            20.0619825,
            50.0975633
          ],
          [
            20.0615474,
            50.0977153
          ],
          [
            20.0614836,
            50.0976945
          ]
        ]
      },
      "id": "way/1372045022"
    },
    {
      "type": "Feature",
      "properties": {
        "@id": "way/1373131560",
        "bicycle": "yes",
        "highway": "footway",
        "lit": "yes",
        "smoothness": "intermediate",
        "source:bicycle": "PL:not_sidewalk",
        "surface": "sett"
      },
      "geometry": {
        "type": "LineString",
        "coordinates": [
          [
            20.0359175,
            50.0805904
          ],
          [
            20.0358741,
            50.0805673
          ]
        ]
      },
      "id": "way/1373131560"
    },
    {
      "type": "Feature",
      "properties": {
        "@id": "way/1373511307",
        "foot": "yes",
        "footway": "sidewalk",
        "highway": "footway",
        "surface": "sett"
      },
      "geometry": {
        "type": "LineString",
        "coordinates": [
          [
            19.8274081,
            50.0441856
          ],
          [
            19.8273749,
            50.0442001
          ]
        ]
      },
      "id": "way/1373511307"
    },
    {
      "type": "Feature",
      "properties": {
        "@id": "way/1376134774",
        "highway": "service",
        "service": "driveway",
        "surface": "sett"
      },
      "geometry": {
        "type": "LineString",
        "coordinates": [
          [
            19.9204965,
            50.0627956
          ],
          [
            19.9205126,
            50.0627111
          ],
          [
            19.9205462,
            50.0625061
          ],
          [
            19.9205618,
            50.0624229
          ]
        ]
      },
      "id": "way/1376134774"
    },
    {
      "type": "Feature",
      "properties": {
        "@id": "way/1378031423",
        "bicycle": "yes",
        "highway": "pedestrian",
        "lit": "yes",
        "maxspeed": "20",
        "motor_vehicle": "permissive",
        "name": "Rynek Główny",
        "name:be": "Галоўны рынак",
        "name:de": "Hauptmarkt",
        "name:en": "Main Square",
        "name:pl": "Rynek Główny",
        "source:bicycle": "sign",
        "source:maxspeed": "PL:living_street",
        "surface": "sett"
      },
      "geometry": {
        "type": "LineString",
        "coordinates": [
          [
            19.9354948,
            50.0613452
          ],
          [
            19.9354744,
            50.0613415
          ]
        ]
      },
      "id": "way/1378031423"
    },
    {
      "type": "Feature",
      "properties": {
        "@id": "way/1378404437",
        "highway": "service",
        "oneway": "no",
        "service": "driveway",
        "surface": "sett"
      },
      "geometry": {
        "type": "LineString",
        "coordinates": [
          [
            19.9354308,
            50.0085642
          ],
          [
            19.935386,
            50.0085757
          ],
          [
            19.9353382,
            50.0085747
          ],
          [
            19.9352672,
            50.0085581
          ]
        ]
      },
      "id": "way/1378404437"
    },
    {
      "type": "Feature",
      "properties": {
        "@id": "way/1380595199",
        "footway": "sidewalk",
        "highway": "footway",
        "lit": "yes",
        "surface": "sett"
      },
      "geometry": {
        "type": "LineString",
        "coordinates": [
          [
            19.9269037,
            50.093549
          ],
          [
            19.9269142,
            50.0935759
          ],
          [
            19.9269794,
            50.0937183
          ]
        ]
      },
      "id": "way/1380595199"
    },
    {
      "type": "Feature",
      "properties": {
        "@id": "way/1383222447",
        "highway": "footway",
        "surface": "sett"
      },
      "geometry": {
        "type": "LineString",
        "coordinates": [
          [
            19.966746,
            50.0462579
          ],
          [
            19.966717,
            50.0462378
          ],
          [
            19.9666979,
            50.046229
          ],
          [
            19.9666655,
            50.0462244
          ],
          [
            19.9666338,
            50.0462286
          ],
          [
            19.9666208,
            50.0462305
          ]
        ]
      },
      "id": "way/1383222447"
    },
    {
      "type": "Feature",
      "properties": {
        "@id": "way/1385574952",
        "highway": "footway",
        "lit": "no",
        "smoothness": "intermediate",
        "surface": "sett"
      },
      "geometry": {
        "type": "LineString",
        "coordinates": [
          [
            20.0510994,
            50.0698363
          ],
          [
            20.0510521,
            50.0698026
          ],
          [
            20.0510186,
            50.0697767
          ],
          [
            20.0510045,
            50.0697596
          ]
        ]
      },
      "id": "way/1385574952"
    },
    {
      "type": "Feature",
      "properties": {
        "@id": "way/1390420912",
        "highway": "pedestrian",
        "incline": "down",
        "lit": "yes",
        "noname": "yes",
        "surface": "unhewn_cobblestone"
      },
      "geometry": {
        "type": "LineString",
        "coordinates": [
          [
            19.9468285,
            50.0655925
          ],
          [
            19.9467489,
            50.0655795
          ]
        ]
      },
      "id": "way/1390420912"
    },
    {
      "type": "Feature",
      "properties": {
        "@id": "way/1392532244",
        "footway": "crossing",
        "highway": "footway",
        "level": "0",
        "lit": "yes",
        "surface": "sett"
      },
      "geometry": {
        "type": "LineString",
        "coordinates": [
          [
            19.9453421,
            50.0692289
          ],
          [
            19.9453478,
            50.0691957
          ],
          [
            19.945353,
            50.0691641
          ]
        ]
      },
      "id": "way/1392532244"
    },
    {
      "type": "Feature",
      "properties": {
        "@id": "way/1395929207",
        "highway": "footway",
        "surface": "sett"
      },
      "geometry": {
        "type": "LineString",
        "coordinates": [
          [
            19.9124722,
            50.067881
          ],
          [
            19.911833,
            50.0679654
          ],
          [
            19.9118559,
            50.0684518
          ],
          [
            19.911979,
            50.0684006
          ]
        ]
      },
      "id": "way/1395929207"
    },
    {
      "type": "Feature",
      "properties": {
        "@id": "way/1408640488",
        "footway": "sidewalk",
        "highway": "footway",
        "lit": "yes",
        "surface": "sett"
      },
      "geometry": {
        "type": "LineString",
        "coordinates": [
          [
            20.03219,
            50.0864566
          ],
          [
            20.0322071,
            50.0864608
          ],
          [
            20.0322962,
            50.0864829
          ],
          [
            20.0323274,
            50.086488
          ],
          [
            20.032362,
            50.0864924
          ],
          [
            20.0324115,
            50.086496
          ],
          [
            20.0324108,
            50.0864893
          ]
        ]
      },
      "id": "way/1408640488"
    },
    {
      "type": "Feature",
      "properties": {
        "@id": "way/1408640491",
        "footway": "sidewalk",
        "highway": "footway",
        "surface": "sett"
      },
      "geometry": {
        "type": "LineString",
        "coordinates": [
          [
            20.032398,
            50.0863618
          ],
          [
            20.0323973,
            50.0863545
          ],
          [
            20.032239,
            50.0863591
          ],
          [
            20.0322166,
            50.0863632
          ],
          [
            20.0321971,
            50.0863728
          ],
          [
            20.0321836,
            50.0863886
          ],
          [
            20.0321788,
            50.0864039
          ],
          [
            20.03218,
            50.0864207
          ],
          [
            20.0321866,
            50.0864369
          ],
          [
            20.0321961,
            50.0864508
          ],
          [
            20.0322071,
            50.0864608
          ]
        ]
      },
      "id": "way/1408640491"
    },
    {
      "type": "Feature",
      "properties": {
        "@id": "way/1409682428",
        "access": "private",
        "foot": "yes",
        "highway": "service",
        "lit": "yes",
        "maxspeed": "20",
        "name": "Plac Świętego Ducha",
        "name:de": "Sankt-Geist-Platz",
        "name:pl": "Plac Świętego Ducha",
        "service": "parking_aisle",
        "smoothness": "intermediate",
        "source:maxspeed": "PL:living_street",
        "surface": "sett"
      },
      "geometry": {
        "type": "LineString",
        "coordinates": [
          [
            19.9421362,
            50.0640193
          ],
          [
            19.9421906,
            50.0640009
          ],
          [
            19.9422357,
            50.0639857
          ],
          [
            19.9425391,
            50.0638804
          ]
        ]
      },
      "id": "way/1409682428"
    },
    {
      "type": "Feature",
      "properties": {
        "@id": "way/1412859015",
        "bicycle": "yes",
        "goods": "delivery",
        "highway": "living_street",
        "lit": "yes",
        "maxspeed": "20",
        "motor_vehicle": "private",
        "name": "Świętego Jana",
        "name:be": "вуліца Святога Яна",
        "name:de": "Johannsgasse",
        "name:pl": "Świętego Jana",
        "parking:lane:left": "parallel",
        "parking:lane:right": "no",
        "psv": "yes",
        "smoothness": "excellent",
        "source:maxspeed": "PL:living_street",
        "surface": "sett",
        "taxi": "yes",
        "width": "5",
        "wikidata": "Q9366388",
        "wikipedia": "pl:Ulica św. Jana w Krakowie"
      },
      "geometry": {
        "type": "LineString",
        "coordinates": [
          [
            19.9385948,
            50.0631776
          ],
          [
            19.9385721,
            50.0631464
          ]
        ]
      },
      "id": "way/1412859015"
    },
    {
      "type": "Feature",
      "properties": {
        "@id": "way/1412859016",
        "bicycle": "yes",
        "goods": "delivery",
        "highway": "living_street",
        "lit": "yes",
        "maxspeed": "20",
        "motor_vehicle": "private",
        "name": "Szczepańska",
        "name:de": "Stephansgasse",
        "name:pl": "Szczepańska",
        "oneway": "yes",
        "psv": "yes",
        "sidewalk": "both",
        "smoothness": "good",
        "source:maxspeed": "PL:living_street",
        "surface": "sett",
        "taxi": "yes",
        "width": "4"
      },
      "geometry": {
        "type": "LineString",
        "coordinates": [
          [
            19.9357355,
            50.0632664
          ],
          [
            19.9356722,
            50.0633012
          ],
          [
            19.9355917,
            50.0633486
          ]
        ]
      },
      "id": "way/1412859016"
    },
    {
      "type": "Feature",
      "properties": {
        "@id": "way/1413142374",
        "highway": "footway",
        "surface": "sett"
      },
      "geometry": {
        "type": "LineString",
        "coordinates": [
          [
            19.9379832,
            50.0587681
          ],
          [
            19.9379027,
            50.0587658
          ]
        ]
      },
      "id": "way/1413142374"
    },
    {
      "type": "Feature",
      "properties": {
        "@id": "way/1416161936",
        "highway": "service",
        "smoothness": "intermediate",
        "surface": "sett"
      },
      "geometry": {
        "type": "LineString",
        "coordinates": [
          [
            20.0458817,
            50.0818682
          ],
          [
            20.0458571,
            50.081845
          ]
        ]
      },
      "id": "way/1416161936"
    },
    {
      "type": "Feature",
      "properties": {
        "@id": "way/1416235866",
        "highway": "service",
        "service": "driveway",
        "surface": "sett"
      },
      "geometry": {
        "type": "LineString",
        "coordinates": [
          [
            20.0424318,
            50.0828627
          ],
          [
            20.0424348,
            50.0828466
          ],
          [
            20.0424377,
            50.0828312
          ]
        ]
      },
      "id": "way/1416235866"
    },
    {
      "type": "Feature",
      "properties": {
        "@id": "way/1416398085",
        "access": "private",
        "highway": "service",
        "lit": "yes",
        "maxspeed": "30",
        "smoothness": "intermediate",
        "source:maxspeed": "PL:zone30",
        "surface": "sett"
      },
      "geometry": {
        "type": "LineString",
        "coordinates": [
          [
            20.0424961,
            50.0799276
          ],
          [
            20.0424599,
            50.0798047
          ]
        ]
      },
      "id": "way/1416398085"
    },
    {
      "type": "Feature",
      "properties": {
        "@id": "way/1416682601",
        "bicycle": "yes",
        "footway": "link",
        "highway": "footway",
        "lit": "yes",
        "smoothness": "intermediate",
        "source:bicycle": "PL:not_sidewalk",
        "surface": "sett"
      },
      "geometry": {
        "type": "LineString",
        "coordinates": [
          [
            20.0358105,
            50.0806772
          ],
          [
            20.0358779,
            50.0806602
          ]
        ]
      },
      "id": "way/1416682601"
    },
    {
      "type": "Feature",
      "properties": {
        "@id": "way/1416682602",
        "bicycle": "yes",
        "footway": "link",
        "highway": "footway",
        "smoothness": "intermediate",
        "source:bicycle": "PL:not_sidewalk",
        "surface": "sett"
      },
      "geometry": {
        "type": "LineString",
        "coordinates": [
          [
            20.0361017,
            50.0807408
          ],
          [
            20.0359893,
            50.0807415
          ]
        ]
      },
      "id": "way/1416682602"
    },
    {
      "type": "Feature",
      "properties": {
        "@id": "way/1416908861",
        "footway": "sidewalk",
        "highway": "footway",
        "lit": "yes",
        "smoothness": "intermediate",
        "surface": "sett"
      },
      "geometry": {
        "type": "LineString",
        "coordinates": [
          [
            20.0423946,
            50.0828537
          ],
          [
            20.0424348,
            50.0828466
          ],
          [
            20.0424726,
            50.0828399
          ]
        ]
      },
      "id": "way/1416908861"
    },
    {
      "type": "Feature",
      "properties": {
        "@id": "way/1418110430",
        "highway": "footway",
        "lit": "no",
        "smoothness": "intermediate",
        "surface": "sett"
      },
      "geometry": {
        "type": "LineString",
        "coordinates": [
          [
            20.0520007,
            50.0703358
          ],
          [
            20.0520389,
            50.0703289
          ]
        ]
      },
      "id": "way/1418110430"
    },
    {
      "type": "Feature",
      "properties": {
        "@id": "way/1418110431",
        "bicycle": "yes",
        "highway": "footway",
        "lit": "no",
        "smoothness": "intermediate",
        "source:bicycle": "PL:not_sidewalk",
        "surface": "sett"
      },
      "geometry": {
        "type": "LineString",
        "coordinates": [
          [
            20.0520389,
            50.0703289
          ],
          [
            20.0520692,
            50.0703232
          ]
        ]
      },
      "id": "way/1418110431"
    },
    {
      "type": "Feature",
      "properties": {
        "@id": "way/1418889256",
        "highway": "residential",
        "lit": "no",
        "maxspeed": "20",
        "maxspeed:type": "PL:zone20",
        "noname": "yes",
        "oneway": "no",
        "sidewalk:left": "separate",
        "sidewalk:right": "no",
        "smoothness": "intermediate",
        "surface": "sett",
        "width": "3.1"
      },
      "geometry": {
        "type": "LineString",
        "coordinates": [
          [
            20.0520389,
            50.0703289
          ],
          [
            20.0520541,
            50.0703646
          ]
        ]
      },
      "id": "way/1418889256"
    },
    {
      "type": "Feature",
      "properties": {
        "@id": "way/1420263404",
        "bicycle": "yes",
        "highway": "footway",
        "lit": "yes",
        "smoothness": "intermediate",
        "source:bicycle": "PL:not_sidewalk",
        "surface": "sett"
      },
      "geometry": {
        "type": "LineString",
        "coordinates": [
          [
            20.0521603,
            50.0695727
          ],
          [
            20.0521387,
            50.0695239
          ]
        ]
      },
      "id": "way/1420263404"
    },
    {
      "type": "Feature",
      "properties": {
        "@id": "way/1420330899",
        "footway": "link",
        "highway": "footway",
        "lit": "no",
        "smoothness": "intermediate",
        "surface": "sett"
      },
      "geometry": {
        "type": "LineString",
        "coordinates": [
          [
            20.0481379,
            50.0785625
          ],
          [
            20.0481606,
            50.0785246
          ]
        ]
      },
      "id": "way/1420330899"
    },
    {
      "type": "Feature",
      "properties": {
        "@id": "way/1420330902",
        "footway": "link",
        "highway": "footway",
        "lit": "no",
        "smoothness": "intermediate",
        "surface": "sett"
      },
      "geometry": {
        "type": "LineString",
        "coordinates": [
          [
            20.0478815,
            50.078496
          ],
          [
            20.047906,
            50.0784572
          ]
        ]
      },
      "id": "way/1420330902"
    },
    {
      "type": "Feature",
      "properties": {
        "@id": "way/1420625165",
        "access": "private",
        "highway": "service",
        "motor_vehicle": "private",
        "service": "driveway",
        "surface": "sett"
      },
      "geometry": {
        "type": "LineString",
        "coordinates": [
          [
            19.9255376,
            50.0631342
          ],
          [
            19.9255148,
            50.0631549
          ],
          [
            19.9253978,
            50.0632328
          ],
          [
            19.9252605,
            50.0632741
          ],
          [
            19.9250996,
            50.0632844
          ],
          [
            19.9249633,
            50.063261
          ],
          [
            19.9248378,
            50.0632169
          ],
          [
            19.9247283,
            50.0631384
          ],
          [
            19.9246994,
            50.0630461
          ],
          [
            19.9247058,
            50.0629133
          ],
          [
            19.9246478,
            50.0628186
          ],
          [
            19.9247218,
            50.0626588
          ],
          [
            19.9247551,
            50.0625858
          ],
          [
            19.9248051,
            50.0625674
          ],
          [
            19.9248719,
            50.0625428
          ],
          [
            19.9249009,
            50.0624876
          ]
        ]
      },
      "id": "way/1420625165"
    },
    {
      "type": "Feature",
      "properties": {
        "@id": "way/1420625171",
        "highway": "service",
        "motor_vehicle": "private",
        "service": "driveway",
        "surface": "sett"
      },
      "geometry": {
        "type": "LineString",
        "coordinates": [
          [
            19.9248719,
            50.0625428
          ],
          [
            19.9248515,
            50.0625827
          ],
          [
            19.9248291,
            50.0626254
          ],
          [
            19.9247864,
            50.0627154
          ]
        ]
      },
      "id": "way/1420625171"
    },
    {
      "type": "Feature",
      "properties": {
        "@id": "way/1420625173",
        "access": "private",
        "highway": "service",
        "motor_vehicle": "private",
        "service": "driveway",
        "surface": "sett"
      },
      "geometry": {
        "type": "LineString",
        "coordinates": [
          [
            19.9247551,
            50.0625858
          ],
          [
            19.9246764,
            50.062585
          ]
        ]
      },
      "id": "way/1420625173"
    },
    {
      "type": "Feature",
      "properties": {
        "@id": "way/1427294723",
        "highway": "pedestrian",
        "lit": "yes",
        "noname": "yes",
        "smoothness": "excellent",
        "surface": "sett"
      },
      "geometry": {
        "type": "LineString",
        "coordinates": [
          [
            19.9376857,
            50.0616035
          ],
          [
            19.9382086,
            50.0616383
          ],
          [
            19.9383331,
            50.0616428
          ],
          [
            19.9384082,
            50.0616395
          ],
          [
            19.9384688,
            50.0616331
          ],
          [
            19.9385168,
            50.0616242
          ],
          [
            19.9385514,
            50.0616153
          ]
        ]
      },
      "id": "way/1427294723"
    },
    {
      "type": "Feature",
      "properties": {
        "@id": "way/1427294724",
        "area": "no",
        "bicycle": "yes",
        "comment": "path for pedestrian routing",
        "highway": "pedestrian",
        "lit": "yes",
        "noname": "yes",
        "smoothness": "excellent",
        "surface": "sett"
      },
      "geometry": {
        "type": "LineString",
        "coordinates": [
          [
            19.935769,
            50.0614002
          ],
          [
            19.9360136,
            50.0615153
          ],
          [
            19.9365644,
            50.0616399
          ],
          [
            19.9371373,
            50.061779
          ]
        ]
      },
      "id": "way/1427294724"
    },
    {
      "type": "Feature",
      "properties": {
        "@id": "way/1428228463",
        "highway": "path",
        "surface": "cobblestone"
      },
      "geometry": {
        "type": "LineString",
        "coordinates": [
          [
            19.80249,
            50.019511
          ],
          [
            19.8024389,
            50.019474
          ],
          [
            19.8023642,
            50.0193806
          ]
        ]
      },
      "id": "way/1428228463"
    },
    {
      "type": "Feature",
      "properties": {
        "@id": "way/1430207170",
        "highway": "path",
        "surface": "sett"
      },
      "geometry": {
        "type": "LineString",
        "coordinates": [
          [
            19.9554236,
            50.0683522
          ],
          [
            19.955323,
            50.0683831
          ],
          [
            19.9552779,
            50.0684141
          ],
          [
            19.9552412,
            50.068425
          ],
          [
            19.9552104,
            50.0684342
          ],
          [
            19.954737,
            50.0685755
          ],
          [
            19.9547005,
            50.0685864
          ],
          [
            19.9545064,
            50.068578
          ]
        ]
      },
      "id": "way/1430207170"
    },
    {
      "type": "Feature",
      "properties": {
        "@id": "way/1430207171",
        "handrail": "no",
        "highway": "steps",
        "incline": "up",
        "ramp": "no",
        "step_count": "5",
        "surface": "sett",
        "tactile_paving": "no"
      },
      "geometry": {
        "type": "LineString",
        "coordinates": [
          [
            19.9554499,
            50.0683442
          ],
          [
            19.9554236,
            50.0683522
          ]
        ]
      },
      "id": "way/1430207171"
    },
    {
      "type": "Feature",
      "properties": {
        "@id": "way/1431083143",
        "access": "private",
        "bicycle": "yes",
        "highway": "service",
        "lit": "yes",
        "maxspeed": "30",
        "noname": "yes",
        "oneway": "no",
        "sidewalk:both": "separate",
        "smoothness": "intermediate",
        "source:maxspeed": "PL:zone30",
        "surface": "sett",
        "width": "2.7"
      },
      "geometry": {
        "type": "LineString",
        "coordinates": [
          [
            20.0470124,
            50.0792384
          ],
          [
            20.0467202,
            50.0793651
          ]
        ]
      },
      "id": "way/1431083143"
    },
    {
      "type": "Feature",
      "properties": {
        "@id": "way/1432063024",
        "access": "yes",
        "bicycle": "yes",
        "foot": "yes",
        "highway": "footway",
        "lit": "yes",
        "motor_vehicle": "no",
        "surface": "sett"
      },
      "geometry": {
        "type": "LineString",
        "coordinates": [
          [
            19.9721688,
            50.0418779
          ],
          [
            19.9720189,
            50.04211
          ],
          [
            19.9719468,
            50.0422204
          ]
        ]
      },
      "id": "way/1432063024"
    },
    {
      "type": "Feature",
      "properties": {
        "@id": "way/1432553829",
        "highway": "path",
        "surface": "sett"
      },
      "geometry": {
        "type": "LineString",
        "coordinates": [
          [
            19.9541802,
            50.068224
          ],
          [
            19.9541817,
            50.0682203
          ],
          [
            19.9541813,
            50.0682165
          ],
          [
            19.9541789,
            50.0682131
          ],
          [
            19.954175,
            50.0682104
          ],
          [
            19.9541699,
            50.0682087
          ],
          [
            19.9541643,
            50.0682081
          ],
          [
            19.9541586,
            50.0682087
          ],
          [
            19.954154,
            50.0682103
          ],
          [
            19.9541504,
            50.0682127
          ],
          [
            19.954148,
            50.0682156
          ],
          [
            19.954147,
            50.0682189
          ],
          [
            19.9541476,
            50.0682222
          ],
          [
            19.9541497,
            50.0682252
          ],
          [
            19.954153,
            50.0682277
          ],
          [
            19.9541572,
            50.0682295
          ],
          [
            19.9541621,
            50.0682304
          ],
          [
            19.9541672,
            50.0682303
          ],
          [
            19.954172,
            50.0682293
          ],
          [
            19.9541768,
            50.0682271
          ],
          [
            19.9541802,
            50.068224
          ]
        ]
      },
      "id": "way/1432553829"
    },
    {
      "type": "Feature",
      "properties": {
        "@id": "way/1432553831",
        "highway": "path",
        "surface": "sett"
      },
      "geometry": {
        "type": "LineString",
        "coordinates": [
          [
            19.954073,
            50.0683806
          ],
          [
            19.954042,
            50.0683392
          ],
          [
            19.9540831,
            50.0683261
          ],
          [
            19.954211,
            50.0682863
          ],
          [
            19.954325,
            50.0682551
          ],
          [
            19.9543297,
            50.0682538
          ],
          [
            19.9543736,
            50.0682414
          ],
          [
            19.9543936,
            50.068235
          ],
          [
            19.9544271,
            50.0682242
          ]
        ]
      },
      "id": "way/1432553831"
    },
    {
      "type": "Feature",
      "properties": {
        "@id": "way/1433532487",
        "footway": "link",
        "highway": "footway",
        "surface": "sett"
      },
      "geometry": {
        "type": "LineString",
        "coordinates": [
          [
            19.9380089,
            50.0591518
          ],
          [
            19.9380719,
            50.0591503
          ],
          [
            19.9385857,
            50.0591405
          ],
          [
            19.938606,
            50.0591401
          ]
        ]
      },
      "id": "way/1433532487"
    },
    {
      "type": "Feature",
      "properties": {
        "@id": "way/1434438716",
        "highway": "footway",
        "surface": "sett"
      },
      "geometry": {
        "type": "LineString",
        "coordinates": [
          [
            19.9380013,
            50.0592303
          ],
          [
            19.9380065,
            50.0591764
          ],
          [
            19.9380089,
            50.0591518
          ],
          [
            19.9380105,
            50.0591347
          ],
          [
            19.9380119,
            50.05912
          ],
          [
            19.9380132,
            50.0591073
          ],
          [
            19.9380168,
            50.0590694
          ]
        ]
      },
      "id": "way/1434438716"
    },
    {
      "type": "Feature",
      "properties": {
        "@id": "way/1434678159",
        "highway": "service",
        "service": "driveway",
        "surface": "sett"
      },
      "geometry": {
        "type": "LineString",
        "coordinates": [
          [
            19.8967421,
            50.081581
          ],
          [
            19.8967553,
            50.0816208
          ],
          [
            19.8967568,
            50.0816273
          ],
          [
            19.8967848,
            50.0816958
          ],
          [
            19.8968218,
            50.0818403
          ],
          [
            19.8967032,
            50.0818508
          ]
        ]
      },
      "id": "way/1434678159"
    },
    {
      "type": "Feature",
      "properties": {
        "@id": "way/1434908001",
        "highway": "service",
        "service": "driveway",
        "surface": "sett"
      },
      "geometry": {
        "type": "LineString",
        "coordinates": [
          [
            19.9139708,
            50.076196
          ],
          [
            19.9139855,
            50.07622
          ],
          [
            19.913989,
            50.076231
          ],
          [
            19.9139959,
            50.0762738
          ],
          [
            19.9140517,
            50.07675
          ],
          [
            19.9140613,
            50.0768516
          ],
          [
            19.9140689,
            50.0769333
          ]
        ]
      },
      "id": "way/1434908001"
    },
    {
      "type": "Feature",
      "properties": {
        "@id": "way/1442584376",
        "highway": "footway",
        "surface": "sett"
      },
      "geometry": {
        "type": "LineString",
        "coordinates": [
          [
            20.147171,
            50.0878718
          ],
          [
            20.1471966,
            50.0877667
          ],
          [
            20.1471805,
            50.0877514
          ]
        ]
      },
      "id": "way/1442584376"
    },
    {
      "type": "Feature",
      "properties": {
        "@id": "way/1444596404",
        "highway": "service",
        "lit": "yes",
        "service": "driveway",
        "surface": "sett"
      },
      "geometry": {
        "type": "LineString",
        "coordinates": [
          [
            19.9421106,
            50.066101
          ],
          [
            19.9422189,
            50.0660698
          ],
          [
            19.9422487,
            50.0660612
          ]
        ]
      },
      "id": "way/1444596404"
    },
    {
      "type": "Feature",
      "properties": {
        "@id": "way/1444857353",
        "highway": "service",
        "lanes": "1",
        "service": "driveway",
        "surface": "sett"
      },
      "geometry": {
        "type": "LineString",
        "coordinates": [
          [
            19.9439241,
            50.0650909
          ],
          [
            19.9439131,
            50.0650781
          ],
          [
            19.943889,
            50.0650492
          ]
        ]
      },
      "id": "way/1444857353"
    },
    {
      "type": "Feature",
      "properties": {
        "@id": "way/1446203117",
        "highway": "service",
        "lit": "yes",
        "maxspeed": "30",
        "noname": "yes",
        "sidewalk": "no",
        "smoothness": "intermediate",
        "source:maxspeed": "PL:zone30",
        "surface": "sett"
      },
      "geometry": {
        "type": "LineString",
        "coordinates": [
          [
            20.0466229,
            50.0787706
          ],
          [
            20.0466739,
            50.078802
          ]
        ]
      },
      "id": "way/1446203117"
    },
    {
      "type": "Feature",
      "properties": {
        "@id": "way/1450949269",
        "handrail": "yes",
        "highway": "footway",
        "incline": "up",
        "lit": "yes",
        "ramp": "no",
        "step_count": "2",
        "surface": "sett",
        "tactile_paving": "no"
      },
      "geometry": {
        "type": "LineString",
        "coordinates": [
          [
            19.9110893,
            50.0762501
          ],
          [
            19.9110727,
            50.0762529
          ]
        ]
      },
      "id": "way/1450949269"
    },
    {
      "type": "Feature",
      "properties": {
        "@id": "way/1453273926",
        "highway": "service",
        "oneway": "yes",
        "smoothness": "bad",
        "surface": "sett"
      },
      "geometry": {
        "type": "LineString",
        "coordinates": [
          [
            20.0520127,
            50.0694127
          ],
          [
            20.0519792,
            50.069332
          ],
          [
            20.0523421,
            50.0692706
          ],
          [
            20.052376,
            50.0693495
          ]
        ]
      },
      "id": "way/1453273926"
    },
    {
      "type": "Feature",
      "properties": {
        "@id": "way/1453273927",
        "highway": "service",
        "oneway": "no",
        "smoothness": "bad",
        "surface": "sett"
      },
      "geometry": {
        "type": "LineString",
        "coordinates": [
          [
            20.0524159,
            50.0693886
          ],
          [
            20.0524298,
            50.0694263
          ],
          [
            20.0524472,
            50.0694762
          ]
        ]
      },
      "id": "way/1453273927"
    },
    {
      "type": "Feature",
      "properties": {
        "@id": "way/1453273928",
        "highway": "service",
        "oneway": "yes",
        "smoothness": "bad",
        "surface": "sett"
      },
      "geometry": {
        "type": "LineString",
        "coordinates": [
          [
            20.052029,
            50.0694524
          ],
          [
            20.0520127,
            50.0694127
          ],
          [
            20.052376,
            50.0693495
          ],
          [
            20.0524159,
            50.0693886
          ]
        ]
      },
      "id": "way/1453273928"
    },
    {
      "type": "Feature",
      "properties": {
        "@id": "way/1454110648",
        "highway": "service",
        "smoothness": "intermediate",
        "surface": "sett"
      },
      "geometry": {
        "type": "LineString",
        "coordinates": [
          [
            20.0452993,
            50.0821491
          ],
          [
            20.0449786,
            50.0822858
          ],
          [
            20.0449261,
            50.0823006
          ],
          [
            20.0448788,
            50.0823033
          ],
          [
            20.044833,
            50.0822982
          ]
        ]
      },
      "id": "way/1454110648"
    },
    {
      "type": "Feature",
      "properties": {
        "@id": "way/1456658920",
        "cycleway:both": "no",
        "highway": "residential",
        "name": "Bagienna",
        "surface": "sett"
      },
      "geometry": {
        "type": "LineString",
        "coordinates": [
          [
            19.8413168,
            50.0090476
          ],
          [
            19.8408661,
            50.0088483
          ]
        ]
      },
      "id": "way/1456658920"
    },
    {
      "type": "Feature",
      "properties": {
        "@id": "way/1458756331",
        "handrail": "yes",
        "highway": "steps",
        "incline": "down",
        "ramp": "no",
        "step_count": "6",
        "surface": "sett",
        "tactile_paving": "no"
      },
      "geometry": {
        "type": "LineString",
        "coordinates": [
          [
            19.9554595,
            50.065579
          ],
          [
            19.9554519,
            50.0655726
          ],
          [
            19.9554485,
            50.0655627
          ],
          [
            19.9554504,
            50.0655512
          ]
        ]
      },
      "id": "way/1458756331"
    },
    {
      "type": "Feature",
      "properties": {
        "@id": "way/1458827994",
        "colonnade:left": "open",
        "colonnade:right": "open",
        "covered": "colonnade",
        "highway": "footway",
        "lit": "yes",
        "surface": "sett"
      },
      "geometry": {
        "type": "LineString",
        "coordinates": [
          [
            19.9314998,
            50.0602577
          ],
          [
            19.9314934,
            50.0602759
          ],
          [
            19.931487,
            50.0602942
          ]
        ]
      },
      "id": "way/1458827994"
    },
    {
      "type": "Feature",
      "properties": {
        "@id": "way/1458827999",
        "highway": "footway",
        "lit": "yes",
        "surface": "sett"
      },
      "geometry": {
        "type": "LineString",
        "coordinates": [
          [
            19.9315468,
            50.0602836
          ],
          [
            19.9316716,
            50.0603163
          ],
          [
            19.9316962,
            50.0603426
          ]
        ]
      },
      "id": "way/1458827999"
    },
    {
      "type": "Feature",
      "properties": {
        "@id": "way/1458828000",
        "colonnade:left": "open",
        "covered": "colonnade",
        "highway": "footway",
        "lit": "yes",
        "surface": "sett"
      },
      "geometry": {
        "type": "LineString",
        "coordinates": [
          [
            19.93144,
            50.0602683
          ],
          [
            19.9314934,
            50.0602759
          ],
          [
            19.9315468,
            50.0602836
          ]
        ]
      },
      "id": "way/1458828000"
    },
    {
      "type": "Feature",
      "properties": {
        "@id": "way/1458828001",
        "highway": "footway",
        "lit": "yes",
        "surface": "sett"
      },
      "geometry": {
        "type": "LineString",
        "coordinates": [
          [
            19.9312719,
            50.0602805
          ],
          [
            19.9313046,
            50.0602597
          ],
          [
            19.93144,
            50.0602683
          ]
        ]
      },
      "id": "way/1458828001"
    },
    {
      "type": "Feature",
      "properties": {
        "@id": "way/1460462557",
        "highway": "path",
        "surface": "sett"
      },
      "geometry": {
        "type": "LineString",
        "coordinates": [
          [
            19.9489555,
            50.042599
          ],
          [
            19.9489775,
            50.0425986
          ]
        ]
      },
      "id": "way/1460462557"
    },
    {
      "type": "Feature",
      "properties": {
        "@id": "way/1460549565",
        "highway": "footway",
        "surface": "sett"
      },
      "geometry": {
        "type": "LineString",
        "coordinates": [
          [
            19.9957859,
            50.0679804
          ],
          [
            19.9957588,
            50.0679965
          ],
          [
            19.9957349,
            50.0680068
          ],
          [
            19.9957039,
            50.0680096
          ],
          [
            19.9956413,
            50.0680066
          ],
          [
            19.9955927,
            50.0680049
          ],
          [
            19.9955689,
            50.0680057
          ],
          [
            19.9955574,
            50.06801
          ],
          [
            19.9955229,
            50.0680443
          ],
          [
            19.9955054,
            50.0680623
          ],
          [
            19.9954773,
            50.0680689
          ],
          [
            19.9954411,
            50.0680705
          ],
          [
            19.9954032,
            50.0680708
          ],
          [
            19.9953862,
            50.0680705
          ],
          [
            19.9953603,
            50.068006
          ]
        ]
      },
      "id": "way/1460549565"
    },
    {
      "type": "Feature",
      "properties": {
        "@id": "way/1460549568",
        "highway": "footway",
        "surface": "sett"
      },
      "geometry": {
        "type": "LineString",
        "coordinates": [
          [
            19.9956292,
            50.0677867
          ],
          [
            19.9957379,
            50.0678081
          ],
          [
            19.9957805,
            50.067819
          ],
          [
            19.995809,
            50.0678327
          ],
          [
            19.9958231,
            50.0678519
          ],
          [
            19.9958363,
            50.0678765
          ]
        ]
      },
      "id": "way/1460549568"
    },
    {
      "type": "Feature",
      "properties": {
        "@id": "way/1460549569",
        "highway": "footway",
        "surface": "sett"
      },
      "geometry": {
        "type": "LineString",
        "coordinates": [
          [
            19.9957588,
            50.0679965
          ],
          [
            19.9956716,
            50.0679377
          ]
        ]
      },
      "id": "way/1460549569"
    },
    {
      "type": "Feature",
      "properties": {
        "@id": "way/1460549571",
        "highway": "footway",
        "surface": "sett"
      },
      "geometry": {
        "type": "LineString",
        "coordinates": [
          [
            19.9954066,
            50.0679681
          ],
          [
            19.9954518,
            50.0679711
          ]
        ]
      },
      "id": "way/1460549571"
    },
    {
      "type": "Feature",
      "properties": {
        "@id": "way/1460549572",
        "highway": "footway",
        "surface": "sett"
      },
      "geometry": {
        "type": "LineString",
        "coordinates": [
          [
            19.9954713,
            50.0679439
          ],
          [
            19.9954549,
            50.0679281
          ]
        ]
      },
      "id": "way/1460549572"
    },
    {
      "type": "Feature",
      "properties": {
        "@id": "way/1460549573",
        "highway": "footway",
        "surface": "sett"
      },
      "geometry": {
        "type": "LineString",
        "coordinates": [
          [
            19.9955435,
            50.0680019
          ],
          [
            19.9955574,
            50.06801
          ]
        ]
      },
      "id": "way/1460549573"
    },
    {
      "type": "Feature",
      "properties": {
        "@id": "way/1460549574",
        "highway": "footway",
        "surface": "sett"
      },
      "geometry": {
        "type": "LineString",
        "coordinates": [
          [
            19.9951967,
            50.0681342
          ],
          [
            19.995238,
            50.0681537
          ],
          [
            19.9952531,
            50.0681646
          ],
          [
            19.9952714,
            50.0681881
          ],
          [
            19.9952799,
            50.0682112
          ]
        ]
      },
      "id": "way/1460549574"
    },
    {
      "type": "Feature",
      "properties": {
        "@id": "way/1462528044",
        "check_date": "2024-10-19",
        "check_date:lit": "2024-10-19",
        "cutting": "both",
        "highway": "service",
        "layer": "0",
        "lit": "yes",
        "name": "Jacka Malczewskiego",
        "service": "alley",
        "smoothness": "bad",
        "surface": "sett",
        "traffic_sign": "PL:B-1",
        "vehicle": "destination"
      },
      "geometry": {
        "type": "LineString",
        "coordinates": [
          [
            19.9011136,
            50.0534146
          ],
          [
            19.901095,
            50.0532055
          ],
          [
            19.9010861,
            50.0531686
          ]
        ]
      },
      "id": "way/1462528044"
    },
    {
      "type": "Feature",
      "properties": {
        "@id": "way/1462528045",
        "check_date": "2024-10-19",
        "check_date:lit": "2024-10-19",
        "highway": "service",
        "lit": "yes",
        "name": "Jacka Malczewskiego",
        "service": "alley",
        "smoothness": "bad",
        "surface": "sett",
        "traffic_sign": "PL:B-1",
        "vehicle": "destination"
      },
      "geometry": {
        "type": "LineString",
        "coordinates": [
          [
            19.9010861,
            50.0531686
          ],
          [
            19.9010706,
            50.0531415
          ],
          [
            19.9010246,
            50.0530271
          ]
        ]
      },
      "id": "way/1462528045"
    },
    {
      "type": "Feature",
      "properties": {
        "@id": "way/1464224412",
        "highway": "pedestrian",
        "surface": "sett"
      },
      "geometry": {
        "type": "LineString",
        "coordinates": [
          [
            19.9368437,
            50.0141336
          ],
          [
            19.9368423,
            50.0141145
          ],
          [
            19.9368007,
            50.0135363
          ],
          [
            19.9367786,
            50.0135229
          ]
        ]
      },
      "id": "way/1464224412"
    },
    {
      "type": "Feature",
      "properties": {
        "@id": "way/1464906709",
        "highway": "footway",
        "surface": "sett"
      },
      "geometry": {
        "type": "LineString",
        "coordinates": [
          [
            19.9365463,
            50.0125247
          ],
          [
            19.9365556,
            50.0126812
          ],
          [
            19.9365605,
            50.0127634
          ],
          [
            19.9367592,
            50.0128827
          ]
        ]
      },
      "id": "way/1464906709"
    },
    {
      "type": "Feature",
      "properties": {
        "@id": "way/1464906710",
        "highway": "footway",
        "surface": "sett"
      },
      "geometry": {
        "type": "LineString",
        "coordinates": [
          [
            19.9361861,
            50.0126897
          ],
          [
            19.9363714,
            50.0126854
          ],
          [
            19.9365556,
            50.0126812
          ]
        ]
      },
      "id": "way/1464906710"
    },
    {
      "type": "Feature",
      "properties": {
        "@id": "way/1466171362",
        "bicycle": "yes",
        "highway": "footway",
        "lit": "yes",
        "source:bicycle": "park_rules",
        "surface": "sett"
      },
      "geometry": {
        "type": "LineString",
        "coordinates": [
          [
            19.943493,
            50.0609492
          ],
          [
            19.9433292,
            50.0608184
          ]
        ]
      },
      "id": "way/1466171362"
    },
    {
      "type": "Feature",
      "properties": {
        "@id": "way/1472635453",
        "bicycle": "yes",
        "highway": "footway",
        "smoothness": "intermediate",
        "source:bicycle": "park_rules",
        "surface": "sett"
      },
      "geometry": {
        "type": "LineString",
        "coordinates": [
          [
            19.9403635,
            50.0659856
          ],
          [
            19.9404832,
            50.0660384
          ],
          [
            19.9405073,
            50.0660723
          ]
        ]
      },
      "id": "way/1472635453"
    },
    {
      "type": "Feature",
      "properties": {
        "@id": "way/1474678025",
        "crossing": "traffic_signals",
        "crossing:markings": "zebra",
        "footway": "crossing",
        "highway": "footway",
        "level": "0",
        "lit": "yes",
        "surface": "sett"
      },
      "geometry": {
        "type": "LineString",
        "coordinates": [
          [
            19.9452617,
            50.0704799
          ],
          [
            19.9452619,
            50.0704663
          ]
        ]
      },
      "id": "way/1474678025"
    },
    {
      "type": "Feature",
      "properties": {
        "@id": "way/1475295222",
        "footway": "sidewalk",
        "highway": "footway",
        "surface": "sett"
      },
      "geometry": {
        "type": "LineString",
        "coordinates": [
          [
            19.9132063,
            50.0677319
          ],
          [
            19.913222,
            50.0677517
          ],
          [
            19.9132395,
            50.0677943
          ],
          [
            19.9132383,
            50.0678146
          ],
          [
            19.9132315,
            50.0678299
          ],
          [
            19.913221,
            50.0678437
          ],
          [
            19.9132041,
            50.0678578
          ],
          [
            19.9131792,
            50.0678711
          ],
          [
            19.9126026,
            50.0681087
          ],
          [
            19.9119533,
            50.0683755
          ]
        ]
      },
      "id": "way/1475295222"
    },
    {
      "type": "Feature",
      "properties": {
        "@id": "way/1476839131",
        "highway": "service",
        "motor_vehicle": "private",
        "service": "driveway",
        "surface": "sett"
      },
      "geometry": {
        "type": "LineString",
        "coordinates": [
          [
            19.9158765,
            50.0658913
          ],
          [
            19.915907,
            50.0659486
          ],
          [
            19.9160028,
            50.0661285
          ]
        ]
      },
      "id": "way/1476839131"
    },
    {
      "type": "Feature",
      "properties": {
        "@id": "way/1481091020",
        "highway": "residential",
        "lit": "yes",
        "maxspeed": "30",
        "name": "Reduta",
        "parking:condition:both": "no_stopping",
        "sidewalk:left": "separate",
        "sidewalk:right": "yes",
        "source:maxspeed": "PL:zone30",
        "surface": "sett"
      },
      "geometry": {
        "type": "LineString",
        "coordinates": [
          [
            19.9839721,
            50.0940873
          ],
          [
            19.9841139,
            50.0941092
          ],
          [
            19.984177,
            50.0941183
          ]
        ]
      },
      "id": "way/1481091020"
    },
    {
      "type": "Feature",
      "properties": {
        "@id": "way/1481091021",
        "highway": "residential",
        "lit": "yes",
        "maxspeed": "30",
        "name": "Reduta",
        "parking:condition:both": "no_stopping",
        "sidewalk:both": "separate",
        "source:maxspeed": "PL:zone30",
        "surface": "sett"
      },
      "geometry": {
        "type": "LineString",
        "coordinates": [
          [
            19.983806,
            50.0940743
          ],
          [
            19.9838633,
            50.0940781
          ],
          [
            19.9839175,
            50.094082
          ],
          [
            19.9839721,
            50.0940873
          ]
        ]
      },
      "id": "way/1481091021"
    },
    {
      "type": "Feature",
      "properties": {
        "@id": "way/1481091022",
        "highway": "living_street",
        "lit": "yes",
        "name": "Jana Sabały",
        "name:etymology:wikidata": "Q6619411",
        "sidewalk:left": "no",
        "sidewalk:right": "separate",
        "surface": "sett"
      },
      "geometry": {
        "type": "LineString",
        "coordinates": [
          [
            19.9839721,
            50.0940873
          ],
          [
            19.9839959,
            50.0940179
          ],
          [
            19.9840047,
            50.093992
          ]
        ]
      },
      "id": "way/1481091022"
    },
    {
      "type": "Feature",
      "properties": {
        "@id": "way/1481091025",
        "footway": "crossing",
        "highway": "footway",
        "lit": "yes",
        "surface": "sett"
      },
      "geometry": {
        "type": "LineString",
        "coordinates": [
          [
            19.9840369,
            50.0940225
          ],
          [
            19.9839959,
            50.0940179
          ],
          [
            19.9839514,
            50.0940128
          ]
        ]
      },
      "id": "way/1481091025"
    },
    {
      "type": "Feature",
      "properties": {
        "@id": "way/1490484879",
        "highway": "pedestrian",
        "lit": "yes",
        "noname": "yes",
        "surface": "sett"
      },
      "geometry": {
        "type": "LineString",
        "coordinates": [
          [
            19.9376857,
            50.0616035
          ],
          [
            19.9380529,
            50.0621539
          ]
        ]
      },
      "id": "way/1490484879"
    },
    {
      "type": "Feature",
      "properties": {
        "@id": "way/1497300970",
        "highway": "service",
        "note": "Znak zakaz ruchu, z tabliczką \"nie dotyczy dojazdu do szkoły\"",
        "service": "parking_aisle",
        "surface": "sett",
        "vehicle": "destination"
      },
      "geometry": {
        "type": "LineString",
        "coordinates": [
          [
            19.918838,
            50.0691557
          ],
          [
            19.918814,
            50.0689168
          ]
        ]
      },
      "id": "way/1497300970"
    },
    {
      "type": "Feature",
      "properties": {
        "@id": "way/1499248278",
        "highway": "footway",
        "surface": "sett"
      },
      "geometry": {
        "type": "LineString",
        "coordinates": [
          [
            20.0286021,
            50.0856619
          ],
          [
            20.0286583,
            50.0856692
          ]
        ]
      },
      "id": "way/1499248278"
    },
    {
      "type": "Feature",
      "properties": {
        "@id": "way/1501190143",
        "footway": "sidewalk",
        "highway": "footway",
        "lit": "yes",
        "surface": "sett"
      },
      "geometry": {
        "type": "LineString",
        "coordinates": [
          [
            19.9326693,
            50.077257
          ],
          [
            19.9326726,
            50.0772666
          ]
        ]
      },
      "id": "way/1501190143"
    },
    {
      "type": "Feature",
      "properties": {
        "@id": "way/1501190144",
        "footway": "sidewalk",
        "highway": "footway",
        "lit": "yes",
        "surface": "sett"
      },
      "geometry": {
        "type": "LineString",
        "coordinates": [
          [
            19.9326896,
            50.0773162
          ],
          [
            19.9326912,
            50.077324
          ]
        ]
      },
      "id": "way/1501190144"
    },
    {
      "type": "Feature",
      "properties": {
        "@id": "way/1505019001",
        "highway": "path",
        "surface": "cobblestone"
      },
      "geometry": {
        "type": "LineString",
        "coordinates": [
          [
            19.8026289,
            50.019929
          ],
          [
            19.802634,
            50.0199056
          ]
        ]
      },
      "id": "way/1505019001"
    },
    {
      "type": "Feature",
      "properties": {
        "@id": "way/1507904412",
        "cycleway:both": "no",
        "highway": "residential",
        "lane_markings": "no",
        "maxspeed:type": "PL:urban",
        "name": "Zbożowa",
        "surface": "sett"
      },
      "geometry": {
        "type": "LineString",
        "coordinates": [
          [
            19.9370084,
            50.0789521
          ],
          [
            19.9370359,
            50.0791059
          ]
        ]
      },
      "id": "way/1507904412"
    },
    {
      "type": "Feature",
      "properties": {
        "@id": "way/1508402491",
        "highway": "footway",
        "surface": "sett"
      },
      "geometry": {
        "type": "LineString",
        "coordinates": [
          [
            19.921036,
            50.0635457
          ],
          [
            19.9210976,
            50.0635438
          ]
        ]
      },
      "id": "way/1508402491"
    },
    {
      "type": "Feature",
      "properties": {
        "@id": "way/1508402497",
        "highway": "service",
        "motor_vehicle": "private",
        "service": "driveway",
        "surface": "sett"
      },
      "geometry": {
        "type": "LineString",
        "coordinates": [
          [
            19.9218947,
            50.0634903
          ],
          [
            19.9219207,
            50.0633201
          ]
        ]
      },
      "id": "way/1508402497"
    },
    {
      "type": "Feature",
      "properties": {
        "@id": "way/1508929809",
        "highway": "service",
        "service": "driveway",
        "surface": "sett"
      },
      "geometry": {
        "type": "LineString",
        "coordinates": [
          [
            19.9522553,
            50.0426091
          ],
          [
            19.9523039,
            50.04263
          ],
          [
            19.9523907,
            50.0426572
          ]
        ]
      },
      "id": "way/1508929809"
    },
    {
      "type": "Feature",
      "properties": {
        "@id": "way/1509126013",
        "highway": "service",
        "surface": "sett"
      },
      "geometry": {
        "type": "LineString",
        "coordinates": [
          [
            19.9206958,
            50.0628106
          ],
          [
            19.9204965,
            50.0627956
          ]
        ]
      },
      "id": "way/1509126013"
    },
    {
      "type": "Feature",
      "properties": {
        "@id": "way/1510238271",
        "highway": "residential",
        "lane_markings": "no",
        "maxspeed": "30",
        "name": "Krzemionki",
        "parking:left": "no",
        "parking:right": "lane",
        "parking:right:orientation": "parallel",
        "source:maxspeed": "PL:zone30",
        "surface": "sett"
      },
      "geometry": {
        "type": "LineString",
        "coordinates": [
          [
            19.9470881,
            50.0374449
          ],
          [
            19.9471148,
            50.0374625
          ],
          [
            19.9472169,
            50.0375295
          ],
          [
            19.9477004,
            50.0378469
          ],
          [
            19.9478282,
            50.0379277
          ],
          [
            19.9479067,
            50.0380293
          ],
          [
            19.9479378,
            50.0381165
          ],
          [
            19.9479463,
            50.0382896
          ],
          [
            19.9479451,
            50.0383295
          ]
        ]
      },
      "id": "way/1510238271"
    },
    {
      "type": "Feature",
      "properties": {
        "@id": "way/1510238824",
        "highway": "residential",
        "lane_markings": "no",
        "maxspeed": "30",
        "name": "Krzemionki",
        "parking:left": "lane",
        "parking:left:orientation": "parallel",
        "parking:right": "no",
        "source:maxspeed": "PL:zone30",
        "surface": "sett"
      },
      "geometry": {
        "type": "LineString",
        "coordinates": [
          [
            19.9479451,
            50.0383295
          ],
          [
            19.9479461,
            50.0389198
          ]
        ]
      },
      "id": "way/1510238824"
    },
    {
      "type": "Feature",
      "properties": {
        "@id": "way/1510239003",
        "highway": "residential",
        "lane_markings": "no",
        "maxspeed": "30",
        "name": "Krzemionki",
        "parking:left": "no",
        "parking:right": "lane",
        "parking:right:orientation": "parallel",
        "source:maxspeed": "PL:zone30",
        "surface": "sett"
      },
      "geometry": {
        "type": "LineString",
        "coordinates": [
          [
            19.9479461,
            50.0389198
          ],
          [
            19.9479249,
            50.0390203
          ],
          [
            19.9478258,
            50.0391717
          ],
          [
            19.9477604,
            50.0392242
          ],
          [
            19.9476616,
            50.0392924
          ],
          [
            19.9475248,
            50.0393551
          ],
          [
            19.9473858,
            50.0393977
          ],
          [
            19.947222,
            50.0394265
          ],
          [
            19.9470348,
            50.0394601
          ]
        ]
      },
      "id": "way/1510239003"
    },
    {
      "type": "Feature",
      "properties": {
        "@id": "way/1510513329",
        "highway": "service",
        "service": "driveway",
        "surface": "sett"
      },
      "geometry": {
        "type": "LineString",
        "coordinates": [
          [
            19.8872618,
            50.0880153
          ],
          [
            19.8873299,
            50.08799
          ]
        ]
      },
      "id": "way/1510513329"
    },
    {
      "type": "Feature",
      "properties": {
        "@id": "way/1512438947",
        "highway": "steps",
        "surface": "unhewn_cobblestone"
      },
      "geometry": {
        "type": "LineString",
        "coordinates": [
          [
            19.9581715,
            50.0388428
          ],
          [
            19.9582295,
            50.0388461
          ]
        ]
      },
      "id": "way/1512438947"
    },
    {
      "type": "Feature",
      "properties": {
        "@id": "way/1516602305",
        "bicycle": "yes",
        "highway": "footway",
        "lit": "no",
        "sett:shape": "irregular",
        "surface": "sett"
      },
      "geometry": {
        "type": "LineString",
        "coordinates": [
          [
            20.0544039,
            50.0813621
          ],
          [
            20.0543695,
            50.0813555
          ],
          [
            20.0542316,
            50.0813259
          ],
          [
            20.0541896,
            50.0813179
          ]
        ]
      },
      "id": "way/1516602305"
    },
    {
      "type": "Feature",
      "properties": {
        "@id": "way/1516907730",
        "bicycle": "yes",
        "highway": "footway",
        "lit": "no",
        "sett:shape": "irregular",
        "surface": "sett"
      },
      "geometry": {
        "type": "LineString",
        "coordinates": [
          [
            20.0549832,
            50.0817584
          ],
          [
            20.0550251,
            50.081689
          ]
        ]
      },
      "id": "way/1516907730"
    },
    {
      "type": "Feature",
      "properties": {
        "@id": "way/1516907734",
        "bicycle": "yes",
        "highway": "footway",
        "sett:shape": "irregular",
        "surface": "sett"
      },
      "geometry": {
        "type": "LineString",
        "coordinates": [
          [
            20.0537975,
            50.0819307
          ],
          [
            20.0537254,
            50.0819592
          ],
          [
            20.0536921,
            50.0819751
          ],
          [
            20.0536682,
            50.0819874
          ],
          [
            20.0536494,
            50.0820011
          ],
          [
            20.0536396,
            50.082015
          ],
          [
            20.0536349,
            50.0820334
          ],
          [
            20.0536319,
            50.0820657
          ]
        ]
      },
      "id": "way/1516907734"
    },
    {
      "type": "Feature",
      "properties": {
        "@id": "way/1526337796",
        "bicycle": "yes",
        "check_date": "2023-07-07",
        "highway": "footway",
        "lit": "yes",
        "smoothness": "good",
        "surface": "sett"
      },
      "geometry": {
        "type": "LineString",
        "coordinates": [
          [
            20.0378968,
            50.0744902
          ],
          [
            20.0379769,
            50.0744805
          ]
        ]
      },
      "id": "way/1526337796"
    },
    {
      "type": "Feature",
      "properties": {
        "@id": "way/1526337797",
        "bicycle": "yes",
        "check_date": "2023-07-07",
        "highway": "footway",
        "lit": "yes",
        "smoothness": "good",
        "surface": "sett"
      },
      "geometry": {
        "type": "LineString",
        "coordinates": [
          [
            20.0382434,
            50.074445
          ],
          [
            20.038313,
            50.0744339
          ]
        ]
      },
      "id": "way/1526337797"
    },
    {
      "type": "Feature",
      "properties": {
        "@id": "way/1526337798",
        "bicycle": "yes",
        "highway": "footway",
        "lit": "yes",
        "smoothness": "good",
        "surface": "sett"
      },
      "geometry": {
        "type": "LineString",
        "coordinates": [
          [
            20.0380723,
            50.0745568
          ],
          [
            20.0381376,
            50.0745485
          ],
          [
            20.0381995,
            50.0745406
          ]
        ]
      },
      "id": "way/1526337798"
    },
    {
      "type": "Feature",
      "properties": {
        "@id": "way/1527232976",
        "construction": "footway",
        "highway": "construction",
        "lit": "yes",
        "surface": "sett"
      },
      "geometry": {
        "type": "LineString",
        "coordinates": [
          [
            19.9319836,
            50.0642694
          ],
          [
            19.9320678,
            50.0642989
          ],
          [
            19.9320852,
            50.0643052
          ]
        ]
      },
      "id": "way/1527232976"
    },
    {
      "type": "Feature",
      "properties": {
        "@id": "way/1528039458",
        "highway": "footway",
        "lit": "yes",
        "smoothness": "bad",
        "surface": "sett",
        "width": "2"
      },
      "geometry": {
        "type": "LineString",
        "coordinates": [
          [
            20.0273751,
            50.0737934
          ],
          [
            20.027347,
            50.0737951
          ]
        ]
      },
      "id": "way/1528039458"
    },
    {
      "type": "Feature",
      "properties": {
        "@id": "way/1530025006",
        "highway": "footway",
        "informal": "yes",
        "surface": "sett"
      },
      "geometry": {
        "type": "LineString",
        "coordinates": [
          [
            20.0589745,
            50.0795746
          ],
          [
            20.0591741,
            50.0796259
          ]
        ]
      },
      "id": "way/1530025006"
    },
    {
      "type": "Feature",
      "properties": {
        "@id": "way/1537949198",
        "highway": "footway",
        "surface": "sett"
      },
      "geometry": {
        "type": "LineString",
        "coordinates": [
          [
            19.9396959,
            50.0369234
          ],
          [
            19.9397193,
            50.0369461
          ],
          [
            19.939732,
            50.0369592
          ],
          [
            19.9397364,
            50.0369742
          ],
          [
            19.9397352,
            50.0369992
          ],
          [
            19.9397301,
            50.0370189
          ],
          [
            19.9397098,
            50.0370385
          ],
          [
            19.9396701,
            50.037061
          ],
          [
            19.9396331,
            50.0370712
          ],
          [
            19.9395898,
            50.0370725
          ],
          [
            19.9395457,
            50.0370661
          ],
          [
            19.9395135,
            50.0370508
          ],
          [
            19.9394786,
            50.0370337
          ],
          [
            19.939469,
            50.037012
          ],
          [
            19.9394515,
            50.0369954
          ],
          [
            19.9394015,
            50.0369895
          ],
          [
            19.9393729,
            50.0369824
          ],
          [
            19.9393657,
            50.0369734
          ],
          [
            19.9393677,
            50.0369553
          ],
          [
            19.9393709,
            50.0369423
          ],
          [
            19.9393579,
            50.0369279
          ]
        ]
      },
      "id": "way/1537949198"
    },
    {
      "type": "Feature",
      "properties": {
        "@id": "way/1537949204",
        "highway": "footway",
        "surface": "sett"
      },
      "geometry": {
        "type": "LineString",
        "coordinates": [
          [
            19.9395995,
            50.0367943
          ],
          [
            19.9395768,
            50.0367574
          ],
          [
            19.9395759,
            50.036733
          ],
          [
            19.9395843,
            50.036706
          ],
          [
            19.9395941,
            50.036675
          ],
          [
            19.9395932,
            50.0366458
          ],
          [
            19.9395796,
            50.0366118
          ],
          [
            19.9395613,
            50.0365765
          ],
          [
            19.9395276,
            50.0365477
          ],
          [
            19.9394714,
            50.0365221
          ],
          [
            19.9393969,
            50.0364926
          ],
          [
            19.9393481,
            50.0364613
          ],
          [
            19.9393125,
            50.0364279
          ],
          [
            19.9392914,
            50.0363833
          ],
          [
            19.9392835,
            50.0363487
          ],
          [
            19.9392647,
            50.0362909
          ],
          [
            19.9392685,
            50.0362678
          ],
          [
            19.9393182,
            50.0362461
          ]
        ]
      },
      "id": "way/1537949204"
    },
    {
      "type": "Feature",
      "properties": {
        "@id": "way/1547682139",
        "highway": "service",
        "surface": "sett"
      },
      "geometry": {
        "type": "LineString",
        "coordinates": [
          [
            19.9523863,
            50.0418948
          ],
          [
            19.952366,
            50.041851
          ],
          [
            19.9523726,
            50.0418272
          ],
          [
            19.9523956,
            50.0417804
          ],
          [
            19.9524143,
            50.0417312
          ],
          [
            19.952423,
            50.041694
          ],
          [
            19.9524221,
            50.0416301
          ],
          [
            19.9524042,
            50.0415786
          ],
          [
            19.9523619,
            50.0415331
          ],
          [
            19.9523102,
            50.0415018
          ],
          [
            19.9521953,
            50.0414485
          ],
          [
            19.9521554,
            50.0414332
          ],
          [
            19.9521252,
            50.0414244
          ]
        ]
      },
      "id": "way/1547682139"
    },
    {
      "type": "Feature",
      "properties": {
        "@id": "way/1547682141",
        "highway": "footway",
        "lit": "yes",
        "surface": "sett"
      },
      "geometry": {
        "type": "LineString",
        "coordinates": [
          [
            19.9523126,
            50.0418329
          ],
          [
            19.9523726,
            50.0418272
          ],
          [
            19.952417,
            50.0418238
          ]
        ]
      },
      "id": "way/1547682141"
    },
    {
      "type": "Feature",
      "properties": {
        "@id": "way/1547682143",
        "highway": "residential",
        "lit": "yes",
        "maxspeed": "30",
        "name": "Plac Lasoty",
        "sidewalk": "separate",
        "source:maxspeed": "PL:zone30",
        "surface": "sett"
      },
      "geometry": {
        "type": "LineString",
        "coordinates": [
          [
            19.9513655,
            50.0422633
          ],
          [
            19.9514242,
            50.0422807
          ]
        ]
      },
      "id": "way/1547682143"
    },
    {
      "type": "Feature",
      "properties": {
        "@id": "way/1547682145",
        "highway": "footway",
        "surface": "sett"
      },
      "geometry": {
        "type": "LineString",
        "coordinates": [
          [
            19.9502676,
            50.0417095
          ],
          [
            19.9502285,
            50.0417379
          ],
          [
            19.9502092,
            50.0417463
          ],
          [
            19.9501324,
            50.041754
          ],
          [
            19.9500441,
            50.0417657
          ],
          [
            19.9499794,
            50.0417849
          ],
          [
            19.9499355,
            50.0417986
          ],
          [
            19.9498722,
            50.0417364
          ]
        ]
      },
      "id": "way/1547682145"
    },
    {
      "type": "Feature",
      "properties": {
        "@id": "way/1547682146",
        "bicycle": "yes",
        "highway": "footway",
        "lit": "no",
        "source:bicycle": "park_rules",
        "source:source:bicycle": "UCHWAŁA NR XCIX/919/97 Rady Miasta Krakowa z dnia 3 grudnia 1997 r",
        "surface": "sett"
      },
      "geometry": {
        "type": "LineString",
        "coordinates": [
          [
            19.9500614,
            50.0415824
          ],
          [
            19.9501072,
            50.0415583
          ],
          [
            19.9501097,
            50.0415508
          ]
        ]
      },
      "id": "way/1547682146"
    },
    {
      "type": "Feature",
      "properties": {
        "@id": "way/1549358517",
        "access": "customers",
        "bicycle": "no",
        "highway": "footway",
        "smoothness": "bad",
        "surface": "sett"
      },
      "geometry": {
        "type": "LineString",
        "coordinates": [
          [
            19.9965629,
            50.0691785
          ],
          [
            19.9965935,
            50.0692862
          ],
          [
            19.9965912,
            50.069302
          ]
        ]
      },
      "id": "way/1549358517"
    },
    {
      "type": "Feature",
      "properties": {
        "@id": "way/1549729615",
        "bicycle": "yes",
        "goods": "delivery",
        "highway": "living_street",
        "lit": "yes",
        "maxspeed": "20",
        "motor_vehicle": "private",
        "name": "Mikołajska",
        "name:be": "Мікалаеўская вуліца",
        "name:de": "Nikolaigasse",
        "name:pl": "Mikołajska",
        "oneway": "yes",
        "oneway:bicycle": "no",
        "psv": "yes",
        "source:maxspeed": "PL:living_street",
        "surface": "sett",
        "taxi": "yes"
      },
      "geometry": {
        "type": "LineString",
        "coordinates": [
          [
            19.9432247,
            50.0613505
          ],
          [
            19.9437595,
            50.0612332
          ],
          [
            19.9439751,
            50.0611926
          ]
        ]
      },
      "id": "way/1549729615"
    },
    {
      "type": "Feature",
      "properties": {
        "@id": "way/1550924833",
        "footway": "crossing",
        "highway": "footway",
        "surface": "sett"
      },
      "geometry": {
        "type": "LineString",
        "coordinates": [
          [
            19.9417389,
            50.0612675
          ],
          [
            19.9417663,
            50.0613037
          ],
          [
            19.9417785,
            50.0613199
          ]
        ]
      },
      "id": "way/1550924833"
    },
    {
      "type": "Feature",
      "properties": {
        "@id": "way/1550924834",
        "crossing": "unmarked",
        "crossing:markings": "no",
        "footway": "crossing",
        "highway": "footway",
        "lit": "yes",
        "source": "Geoportal, Knowledge",
        "surface": "sett"
      },
      "geometry": {
        "type": "LineString",
        "coordinates": [
          [
            19.9420234,
            50.0614167
          ],
          [
            19.9420455,
            50.0613895
          ],
          [
            19.9420643,
            50.0613664
          ]
        ]
      },
      "id": "way/1550924834"
    },
    {
      "type": "Feature",
      "properties": {
        "@id": "way/1550924835",
        "crossing": "unmarked",
        "crossing:markings": "no",
        "footway": "crossing",
        "highway": "footway",
        "lit": "yes",
        "source": "Geoportal, Knowledge",
        "surface": "sett"
      },
      "geometry": {
        "type": "LineString",
        "coordinates": [
          [
            19.9419002,
            50.0614646
          ],
          [
            19.9419186,
            50.0614592
          ],
          [
            19.9419692,
            50.0614443
          ]
        ]
      },
      "id": "way/1550924835"
    },
    {
      "type": "Feature",
      "properties": {
        "@id": "way/1550928452",
        "footway": "crossing",
        "highway": "footway",
        "surface": "sett"
      },
      "geometry": {
        "type": "LineString",
        "coordinates": [
          [
            19.9423642,
            50.0621167
          ],
          [
            19.942352,
            50.0621016
          ],
          [
            19.9423258,
            50.0620692
          ]
        ]
      },
      "id": "way/1550928452"
    },
    {
      "type": "Feature",
      "properties": {
        "@id": "way/1550928453",
        "footway": "crossing",
        "highway": "footway",
        "surface": "sett"
      },
      "geometry": {
        "type": "LineString",
        "coordinates": [
          [
            19.9423757,
            50.0621194
          ],
          [
            19.9423978,
            50.0621136
          ],
          [
            19.9424485,
            50.0621002
          ]
        ]
      },
      "id": "way/1550928453"
    },
    {
      "type": "Feature",
      "properties": {
        "@id": "way/1550928455",
        "footway": "crossing",
        "highway": "footway",
        "surface": "sett"
      },
      "geometry": {
        "type": "LineString",
        "coordinates": [
          [
            19.9423307,
            50.0620604
          ],
          [
            19.9423511,
            50.0620539
          ],
          [
            19.9423922,
            50.0620407
          ]
        ]
      },
      "id": "way/1550928455"
    },
    {
      "type": "Feature",
      "properties": {
        "@id": "way/1550928457",
        "footway": "crossing",
        "highway": "footway",
        "surface": "sett"
      },
      "geometry": {
        "type": "LineString",
        "coordinates": [
          [
            19.9424061,
            50.0620438
          ],
          [
            19.94244,
            50.0620753
          ],
          [
            19.9424562,
            50.0620909
          ]
        ]
      },
      "id": "way/1550928457"
    },
    {
      "type": "Feature",
      "properties": {
        "@id": "way/1550928460",
        "footway": "crossing",
        "highway": "footway",
        "surface": "sett"
      },
      "geometry": {
        "type": "LineString",
        "coordinates": [
          [
            19.9410432,
            50.062438
          ],
          [
            19.9410606,
            50.0624627
          ],
          [
            19.9410743,
            50.0624823
          ]
        ]
      },
      "id": "way/1550928460"
    },
    {
      "type": "Feature",
      "properties": {
        "@id": "way/1551024099",
        "highway": "footway",
        "surface": "sett"
      },
      "geometry": {
        "type": "LineString",
        "coordinates": [
          [
            19.9107242,
            50.0766126
          ],
          [
            19.9107252,
            50.0765936
          ]
        ]
      },
      "id": "way/1551024099"
    },
    {
      "type": "Feature",
      "properties": {
        "@id": "way/1551024100",
        "highway": "footway",
        "surface": "sett"
      },
      "geometry": {
        "type": "LineString",
        "coordinates": [
          [
            19.9105836,
            50.0766442
          ],
          [
            19.9107242,
            50.0766126
          ],
          [
            19.9107906,
            50.0767221
          ]
        ]
      },
      "id": "way/1551024100"
    },
    {
      "type": "Feature",
      "properties": {
        "@id": "way/1551024106",
        "highway": "service",
        "service": "driveway",
        "surface": "sett"
      },
      "geometry": {
        "type": "LineString",
        "coordinates": [
          [
            19.9140613,
            50.0768516
          ],
          [
            19.9139809,
            50.0768549
          ]
        ]
      },
      "id": "way/1551024106"
    },
    {
      "type": "Feature",
      "properties": {
        "@id": "way/1551061781",
        "crossing": "unmarked",
        "crossing:markings": "no",
        "footway": "crossing",
        "highway": "footway",
        "surface": "sett"
      },
      "geometry": {
        "type": "LineString",
        "coordinates": [
          [
            19.940946,
            50.0624691
          ],
          [
            19.9409979,
            50.0624499
          ],
          [
            19.9410344,
            50.0624364
          ]
        ]
      },
      "id": "way/1551061781"
    },
    {
      "type": "Feature",
      "properties": {
        "@id": "way/1551061783",
        "crossing": "unmarked",
        "crossing:markings": "no",
        "footway": "crossing",
        "highway": "footway",
        "surface": "sett"
      },
      "geometry": {
        "type": "LineString",
        "coordinates": [
          [
            19.9409866,
            50.0625288
          ],
          [
            19.9410383,
            50.0625046
          ],
          [
            19.941075,
            50.0624874
          ]
        ]
      },
      "id": "way/1551061783"
    },
    {
      "type": "Feature",
      "properties": {
        "@id": "way/1551061784",
        "crossing": "unmarked",
        "crossing:markings": "no",
        "footway": "crossing",
        "highway": "footway",
        "surface": "sett"
      },
      "geometry": {
        "type": "LineString",
        "coordinates": [
          [
            19.9409793,
            50.0625283
          ],
          [
            19.9409552,
            50.0624955
          ],
          [
            19.9409414,
            50.0624767
          ]
        ]
      },
      "id": "way/1551061784"
    },
    {
      "type": "Feature",
      "properties": {
        "@id": "way/1551061788",
        "crossing": "unmarked",
        "crossing:markings": "no",
        "footway": "crossing",
        "highway": "footway",
        "surface": "sett"
      },
      "geometry": {
        "type": "LineString",
        "coordinates": [
          [
            19.9414888,
            50.0632347
          ],
          [
            19.9415568,
            50.0632165
          ],
          [
            19.9415878,
            50.0632082
          ]
        ]
      },
      "id": "way/1551061788"
    },
    {
      "type": "Feature",
      "properties": {
        "@id": "way/1551061789",
        "crossing": "unmarked",
        "crossing:markings": "no",
        "footway": "crossing",
        "highway": "footway",
        "surface": "sett"
      },
      "geometry": {
        "type": "LineString",
        "coordinates": [
          [
            19.9414881,
            50.0632384
          ],
          [
            19.9415142,
            50.0632687
          ],
          [
            19.9415289,
            50.0632853
          ]
        ]
      },
      "id": "way/1551061789"
    },
    {
      "type": "Feature",
      "properties": {
        "@id": "way/1551061793",
        "crossing": "unmarked",
        "crossing:markings": "no",
        "footway": "crossing",
        "highway": "footway",
        "surface": "sett"
      },
      "geometry": {
        "type": "LineString",
        "coordinates": [
          [
            19.9415947,
            50.0632087
          ],
          [
            19.9416161,
            50.0632347
          ],
          [
            19.9416271,
            50.063248
          ]
        ]
      },
      "id": "way/1551061793"
    },
    {
      "type": "Feature",
      "properties": {
        "@id": "way/1551061794",
        "crossing": "unmarked",
        "crossing:markings": "no",
        "footway": "crossing",
        "highway": "footway",
        "surface": "sett"
      },
      "geometry": {
        "type": "LineString",
        "coordinates": [
          [
            19.9415374,
            50.0632878
          ],
          [
            19.9415954,
            50.063269
          ],
          [
            19.941619,
            50.0632614
          ]
        ]
      },
      "id": "way/1551061794"
    },
    {
      "type": "Feature",
      "properties": {
        "@id": "way/1551061798",
        "crossing": "unmarked",
        "crossing:markings": "no",
        "footway": "crossing",
        "highway": "footway",
        "surface": "sett"
      },
      "geometry": {
        "type": "LineString",
        "coordinates": [
          [
            19.942946,
            50.0627824
          ],
          [
            19.9429719,
            50.062774
          ],
          [
            19.9429998,
            50.0627651
          ]
        ]
      },
      "id": "way/1551061798"
    },
    {
      "type": "Feature",
      "properties": {
        "@id": "way/1551061799",
        "crossing": "unmarked",
        "crossing:markings": "no",
        "footway": "crossing",
        "highway": "footway",
        "surface": "sett"
      },
      "geometry": {
        "type": "LineString",
        "coordinates": [
          [
            19.9429378,
            50.0628094
          ],
          [
            19.9429571,
            50.062832
          ],
          [
            19.9429693,
            50.0628463
          ]
        ]
      },
      "id": "way/1551061799"
    },
    {
      "type": "Feature",
      "properties": {
        "@id": "way/1551061800",
        "crossing": "unmarked",
        "crossing:markings": "no",
        "footway": "crossing",
        "highway": "footway",
        "surface": "sett"
      },
      "geometry": {
        "type": "LineString",
        "coordinates": [
          [
            19.943011,
            50.0627687
          ],
          [
            19.9430397,
            50.0628073
          ],
          [
            19.9430532,
            50.0628254
          ]
        ]
      },
      "id": "way/1551061800"
    },
    {
      "type": "Feature",
      "properties": {
        "@id": "way/1551061802",
        "crossing": "unmarked",
        "crossing:markings": "no",
        "footway": "crossing",
        "highway": "footway",
        "surface": "sett"
      },
      "geometry": {
        "type": "LineString",
        "coordinates": [
          [
            19.9429864,
            50.0628525
          ],
          [
            19.9430213,
            50.0628417
          ],
          [
            19.9430476,
            50.0628336
          ]
        ]
      },
      "id": "way/1551061802"
    },
    {
      "type": "Feature",
      "properties": {
        "@id": "way/1551061805",
        "highway": "footway",
        "surface": "sett"
      },
      "geometry": {
        "type": "LineString",
        "coordinates": [
          [
            19.9421456,
            50.0639373
          ],
          [
            19.9421637,
            50.0639385
          ],
          [
            19.9421768,
            50.0639378
          ],
          [
            19.9421943,
            50.0639344
          ],
          [
            19.9426264,
            50.0637919
          ],
          [
            19.9429343,
            50.0636889
          ],
          [
            19.9429531,
            50.0636814
          ],
          [
            19.9429699,
            50.0636726
          ],
          [
            19.9429851,
            50.0636612
          ],
          [
            19.9430004,
            50.0636475
          ],
          [
            19.94301,
            50.0636357
          ],
          [
            19.9430172,
            50.0636237
          ],
          [
            19.9430217,
            50.0636096
          ],
          [
            19.9430248,
            50.0635901
          ],
          [
            19.9430248,
            50.0635741
          ],
          [
            19.9430227,
            50.0635636
          ],
          [
            19.9430172,
            50.0635503
          ],
          [
            19.9430095,
            50.0635376
          ],
          [
            19.9429983,
            50.0635258
          ],
          [
            19.9429801,
            50.0635131
          ],
          [
            19.9429647,
            50.0635055
          ],
          [
            19.9429623,
            50.0635043
          ],
          [
            19.9429394,
            50.0634929
          ],
          [
            19.9429201,
            50.063488
          ],
          [
            19.9428952,
            50.0634837
          ],
          [
            19.9428672,
            50.0634814
          ],
          [
            19.9428358,
            50.0634827
          ],
          [
            19.9428108,
            50.063486
          ],
          [
            19.9427941,
            50.0634899
          ],
          [
            19.9427626,
            50.0635004
          ],
          [
            19.9424651,
            50.0635989
          ],
          [
            19.9420358,
            50.0637411
          ],
          [
            19.9420272,
            50.0637467
          ],
          [
            19.9420197,
            50.0637545
          ],
          [
            19.9420144,
            50.0637619
          ]
        ]
      },
      "id": "way/1551061805"
    },
    {
      "type": "Feature",
      "properties": {
        "@id": "way/1551061806",
        "crossing": "unmarked",
        "crossing:markings": "no",
        "footway": "crossing",
        "highway": "footway",
        "surface": "sett"
      },
      "geometry": {
        "type": "LineString",
        "coordinates": [
          [
            19.9419459,
            50.0636643
          ],
          [
            19.9419672,
            50.0636948
          ],
          [
            19.94201,
            50.0637561
          ]
        ]
      },
      "id": "way/1551061806"
    },
    {
      "type": "Feature",
      "properties": {
        "@id": "way/1551061807",
        "highway": "footway",
        "surface": "sett"
      },
      "geometry": {
        "type": "LineString",
        "coordinates": [
          [
            19.94201,
            50.0637561
          ],
          [
            19.9420144,
            50.0637619
          ],
          [
            19.9421456,
            50.0639373
          ],
          [
            19.9421533,
            50.0639477
          ]
        ]
      },
      "id": "way/1551061807"
    },
    {
      "type": "Feature",
      "properties": {
        "@id": "way/1551061808",
        "crossing": "unmarked",
        "crossing:markings": "no",
        "footway": "crossing",
        "highway": "footway",
        "surface": "sett"
      },
      "geometry": {
        "type": "LineString",
        "coordinates": [
          [
            19.9421533,
            50.0639477
          ],
          [
            19.9421906,
            50.0640009
          ],
          [
            19.9422346,
            50.0640636
          ]
        ]
      },
      "id": "way/1551061808"
    },
    {
      "type": "Feature",
      "properties": {
        "@id": "way/1551061809",
        "highway": "footway",
        "surface": "sett"
      },
      "geometry": {
        "type": "LineString",
        "coordinates": [
          [
            19.9422346,
            50.0640636
          ],
          [
            19.9424233,
            50.0643187
          ]
        ]
      },
      "id": "way/1551061809"
    },
    {
      "type": "Feature",
      "properties": {
        "@id": "way/1551061810",
        "crossing": "unmarked",
        "crossing:markings": "no",
        "footway": "crossing",
        "highway": "footway",
        "surface": "sett"
      },
      "geometry": {
        "type": "LineString",
        "coordinates": [
          [
            19.9424233,
            50.0643187
          ],
          [
            19.9424412,
            50.0643467
          ],
          [
            19.9424826,
            50.0644112
          ]
        ]
      },
      "id": "way/1551061810"
    },
    {
      "type": "Feature",
      "properties": {
        "@id": "way/1551061811",
        "crossing": "unmarked",
        "crossing:markings": "no",
        "footway": "crossing",
        "highway": "footway",
        "surface": "sett"
      },
      "geometry": {
        "type": "LineString",
        "coordinates": [
          [
            19.9432365,
            50.0618427
          ],
          [
            19.9432255,
            50.0618287
          ],
          [
            19.943202,
            50.0617991
          ]
        ]
      },
      "id": "way/1551061811"
    },
    {
      "type": "Feature",
      "properties": {
        "@id": "way/1551061815",
        "highway": "footway",
        "surface": "sett"
      },
      "geometry": {
        "type": "LineString",
        "coordinates": [
          [
            19.9433978,
            50.0636645
          ],
          [
            19.9435153,
            50.0636236
          ],
          [
            19.9435314,
            50.0636124
          ],
          [
            19.9435575,
            50.0635869
          ]
        ]
      },
      "id": "way/1551061815"
    },
    {
      "type": "Feature",
      "properties": {
        "@id": "way/1551183444",
        "highway": "footway",
        "surface": "sett"
      },
      "geometry": {
        "type": "LineString",
        "coordinates": [
          [
            19.9405019,
            50.0636353
          ],
          [
            19.940452,
            50.0636523
          ],
          [
            19.9404028,
            50.0636689
          ]
        ]
      },
      "id": "way/1551183444"
    },
    {
      "type": "Feature",
      "properties": {
        "@id": "way/1551183446",
        "highway": "footway",
        "surface": "sett"
      },
      "geometry": {
        "type": "LineString",
        "coordinates": [
          [
            19.9404673,
            50.063587
          ],
          [
            19.9404151,
            50.0636047
          ],
          [
            19.9403662,
            50.0636213
          ]
        ]
      },
      "id": "way/1551183446"
    },
    {
      "type": "Feature",
      "properties": {
        "@id": "way/1551183449",
        "crossing": "unmarked",
        "crossing:markings": "no",
        "footway": "crossing",
        "highway": "footway",
        "surface": "sett"
      },
      "geometry": {
        "type": "LineString",
        "coordinates": [
          [
            19.9392311,
            50.0639427
          ],
          [
            19.9392473,
            50.0639647
          ],
          [
            19.9392646,
            50.0639881
          ]
        ]
      },
      "id": "way/1551183449"
    },
    {
      "type": "Feature",
      "properties": {
        "@id": "way/1551183453",
        "crossing": "unmarked",
        "crossing:markings": "no",
        "footway": "crossing",
        "highway": "footway",
        "surface": "sett"
      },
      "geometry": {
        "type": "LineString",
        "coordinates": [
          [
            19.9391636,
            50.064024
          ],
          [
            19.9391989,
            50.0640132
          ],
          [
            19.9392569,
            50.0639954
          ]
        ]
      },
      "id": "way/1551183453"
    },
    {
      "type": "Feature",
      "properties": {
        "@id": "way/1551183461",
        "crossing": "unmarked",
        "crossing:markings": "no",
        "footway": "crossing",
        "highway": "footway",
        "surface": "sett"
      },
      "geometry": {
        "type": "LineString",
        "coordinates": [
          [
            19.9379737,
            50.0643441
          ],
          [
            19.9379608,
            50.0643245
          ],
          [
            19.9379498,
            50.0643079
          ]
        ]
      },
      "id": "way/1551183461"
    },
    {
      "type": "Feature",
      "properties": {
        "@id": "way/1551183466",
        "crossing": "unmarked",
        "crossing:markings": "no",
        "footway": "crossing",
        "highway": "footway",
        "surface": "sett"
      },
      "geometry": {
        "type": "LineString",
        "coordinates": [
          [
            19.9380901,
            50.0643226
          ],
          [
            19.9380708,
            50.064295
          ],
          [
            19.9380585,
            50.0642774
          ]
        ]
      },
      "id": "way/1551183466"
    },
    {
      "type": "Feature",
      "properties": {
        "@id": "way/1551183471",
        "crossing": "unmarked",
        "crossing:markings": "no",
        "footway": "crossing",
        "highway": "footway",
        "surface": "sett"
      },
      "geometry": {
        "type": "LineString",
        "coordinates": [
          [
            19.938083,
            50.064336
          ],
          [
            19.9380406,
            50.0643465
          ],
          [
            19.9380133,
            50.0643532
          ]
        ]
      },
      "id": "way/1551183471"
    },
    {
      "type": "Feature",
      "properties": {
        "@id": "way/1551183473",
        "crossing": "unmarked",
        "crossing:markings": "no",
        "footway": "crossing",
        "highway": "footway",
        "surface": "sett"
      },
      "geometry": {
        "type": "LineString",
        "coordinates": [
          [
            19.9386239,
            50.0652968
          ],
          [
            19.9386643,
            50.0652859
          ],
          [
            19.9387116,
            50.0652732
          ]
        ]
      },
      "id": "way/1551183473"
    },
    {
      "type": "Feature",
      "properties": {
        "@id": "way/1551183475",
        "crossing": "unmarked",
        "crossing:markings": "no",
        "footway": "crossing",
        "highway": "footway",
        "surface": "sett"
      },
      "geometry": {
        "type": "LineString",
        "coordinates": [
          [
            19.9387506,
            50.065371
          ],
          [
            19.9387201,
            50.0653783
          ],
          [
            19.9386794,
            50.0653882
          ]
        ]
      },
      "id": "way/1551183475"
    },
    {
      "type": "Feature",
      "properties": {
        "@id": "way/1551183479",
        "crossing": "unmarked",
        "crossing:markings": "no",
        "footway": "crossing",
        "highway": "footway",
        "surface": "sett"
      },
      "geometry": {
        "type": "LineString",
        "coordinates": [
          [
            19.937965,
            50.0642942
          ],
          [
            19.9379983,
            50.064286
          ],
          [
            19.9380459,
            50.0642743
          ]
        ]
      },
      "id": "way/1551183479"
    },
    {
      "type": "Feature",
      "properties": {
        "@id": "way/1551183480",
        "crossing": "unmarked",
        "crossing:markings": "no",
        "footway": "crossing",
        "highway": "footway",
        "surface": "sett"
      },
      "geometry": {
        "type": "LineString",
        "coordinates": [
          [
            19.9391509,
            50.0640206
          ],
          [
            19.9391408,
            50.0640072
          ],
          [
            19.9391156,
            50.063974
          ]
        ]
      },
      "id": "way/1551183480"
    },
    {
      "type": "Feature",
      "properties": {
        "@id": "way/1551183482",
        "crossing": "unmarked",
        "crossing:markings": "no",
        "footway": "crossing",
        "highway": "footway",
        "surface": "sett"
      },
      "geometry": {
        "type": "LineString",
        "coordinates": [
          [
            19.9391171,
            50.0639634
          ],
          [
            19.939156,
            50.0639546
          ],
          [
            19.9392159,
            50.0639409
          ]
        ]
      },
      "id": "way/1551183482"
    },
    {
      "type": "Feature",
      "properties": {
        "@id": "way/1551183484",
        "highway": "footway",
        "surface": "sett"
      },
      "geometry": {
        "type": "LineString",
        "coordinates": [
          [
            19.9397968,
            50.0628991
          ],
          [
            19.9398482,
            50.062891
          ],
          [
            19.939907,
            50.0628818
          ]
        ]
      },
      "id": "way/1551183484"
    },
    {
      "type": "Feature",
      "properties": {
        "@id": "way/1551183485",
        "highway": "footway",
        "surface": "sett"
      },
      "geometry": {
        "type": "LineString",
        "coordinates": [
          [
            19.9398682,
            50.062821
          ],
          [
            19.9398055,
            50.0628358
          ],
          [
            19.939754,
            50.0628479
          ]
        ]
      },
      "id": "way/1551183485"
    },
    {
      "type": "Feature",
      "properties": {
        "@id": "way/1551183487",
        "highway": "footway",
        "lit": "yes",
        "surface": "sett",
        "virtual": "yes"
      },
      "geometry": {
        "type": "LineString",
        "coordinates": [
          [
            19.9386479,
            50.0630938
          ],
          [
            19.9386505,
            50.0630972
          ]
        ]
      },
      "id": "way/1551183487"
    },
    {
      "type": "Feature",
      "properties": {
        "@id": "way/1551183491",
        "crossing": "unmarked",
        "crossing:markings": "no",
        "footway": "crossing",
        "highway": "footway",
        "surface": "sett"
      },
      "geometry": {
        "type": "LineString",
        "coordinates": [
          [
            19.9385708,
            50.0632229
          ],
          [
            19.9385486,
            50.0631926
          ],
          [
            19.9385381,
            50.0631782
          ]
        ]
      },
      "id": "way/1551183491"
    },
    {
      "type": "Feature",
      "properties": {
        "@id": "way/1551183494",
        "crossing": "unmarked",
        "crossing:markings": "no",
        "footway": "crossing",
        "highway": "footway",
        "surface": "sett"
      },
      "geometry": {
        "type": "LineString",
        "coordinates": [
          [
            19.938586,
            50.0630834
          ],
          [
            19.9385375,
            50.0630985
          ],
          [
            19.938504,
            50.0631089
          ]
        ]
      },
      "id": "way/1551183494"
    },
    {
      "type": "Feature",
      "properties": {
        "@id": "way/1551183497",
        "crossing": "unmarked",
        "crossing:markings": "no",
        "footway": "crossing",
        "highway": "footway",
        "surface": "sett"
      },
      "geometry": {
        "type": "LineString",
        "coordinates": [
          [
            19.9375322,
            50.0635762
          ],
          [
            19.9375014,
            50.0635821
          ],
          [
            19.9374636,
            50.0635893
          ]
        ]
      },
      "id": "way/1551183497"
    },
    {
      "type": "Feature",
      "properties": {
        "@id": "way/1551183500",
        "crossing": "unmarked",
        "crossing:markings": "no",
        "footway": "crossing",
        "highway": "footway",
        "surface": "sett"
      },
      "geometry": {
        "type": "LineString",
        "coordinates": [
          [
            19.9385903,
            50.0632265
          ],
          [
            19.938623,
            50.0632169
          ],
          [
            19.9386721,
            50.0632026
          ]
        ]
      },
      "id": "way/1551183500"
    },
    {
      "type": "Feature",
      "properties": {
        "@id": "way/1551183501",
        "crossing": "unmarked",
        "crossing:markings": "no",
        "footway": "crossing",
        "highway": "footway",
        "surface": "sett"
      },
      "geometry": {
        "type": "LineString",
        "coordinates": [
          [
            19.937425,
            50.0635864
          ],
          [
            19.9374145,
            50.0635731
          ],
          [
            19.9374065,
            50.0635629
          ]
        ]
      },
      "id": "way/1551183501"
    },
    {
      "type": "Feature",
      "properties": {
        "@id": "way/1551183503",
        "crossing": "unmarked",
        "crossing:markings": "no",
        "footway": "crossing",
        "highway": "footway",
        "surface": "sett"
      },
      "geometry": {
        "type": "LineString",
        "coordinates": [
          [
            19.9368638,
            50.0628505
          ],
          [
            19.936911,
            50.0628291
          ],
          [
            19.9369431,
            50.0628146
          ]
        ]
      },
      "id": "way/1551183503"
    },
    {
      "type": "Feature",
      "properties": {
        "@id": "way/1551183504",
        "crossing": "unmarked",
        "crossing:markings": "no",
        "footway": "crossing",
        "highway": "footway",
        "surface": "sett"
      },
      "geometry": {
        "type": "LineString",
        "coordinates": [
          [
            19.9374931,
            50.0635162
          ],
          [
            19.9374583,
            50.0635298
          ],
          [
            19.9374229,
            50.0635436
          ]
        ]
      },
      "id": "way/1551183504"
    },
    {
      "type": "Feature",
      "properties": {
        "@id": "way/1551183505",
        "crossing": "unmarked",
        "crossing:markings": "no",
        "footway": "crossing",
        "highway": "footway",
        "surface": "sett"
      },
      "geometry": {
        "type": "LineString",
        "coordinates": [
          [
            19.9375455,
            50.0635606
          ],
          [
            19.9375232,
            50.0635302
          ],
          [
            19.9375143,
            50.0635192
          ]
        ]
      },
      "id": "way/1551183505"
    },
    {
      "type": "Feature",
      "properties": {
        "@id": "way/1551194076",
        "crossing": "unmarked",
        "crossing:markings": "no",
        "footway": "crossing",
        "highway": "footway",
        "surface": "sett"
      },
      "geometry": {
        "type": "LineString",
        "coordinates": [
          [
            19.9368785,
            50.0648778
          ],
          [
            19.9368977,
            50.0648837
          ],
          [
            19.9369161,
            50.0648893
          ]
        ]
      },
      "id": "way/1551194076"
    },
    {
      "type": "Feature",
      "properties": {
        "@id": "way/1551194078",
        "bicycle": "yes",
        "cycleway": "no",
        "foot": "yes",
        "goods": "delivery",
        "highway": "living_street",
        "horse": "yes",
        "lit": "yes",
        "maxspeed": "20",
        "motor_vehicle": "private",
        "name": "Świętego Marka",
        "name:be": "вуліца Святога Марка",
        "name:de": "Markusgasse",
        "name:pl": "Świętego Marka",
        "oneway": "yes",
        "oneway:bicycle": "no",
        "psv": "yes",
        "source:maxspeed": "PL:living_street",
        "surface": "sett",
        "taxi": "yes"
      },
      "geometry": {
        "type": "LineString",
        "coordinates": [
          [
            19.9369067,
            50.0648387
          ],
          [
            19.9368977,
            50.0648837
          ],
          [
            19.9368959,
            50.0648931
          ]
        ]
      },
      "id": "way/1551194078"
    },
    {
      "type": "Feature",
      "properties": {
        "@id": "way/1551194079",
        "crossing": "unmarked",
        "crossing:markings": "no",
        "footway": "crossing",
        "highway": "footway",
        "surface": "sett"
      },
      "geometry": {
        "type": "LineString",
        "coordinates": [
          [
            19.9352869,
            50.0643467
          ],
          [
            19.9352966,
            50.0643318
          ],
          [
            19.9353165,
            50.0643012
          ]
        ]
      },
      "id": "way/1551194079"
    },
    {
      "type": "Feature",
      "properties": {
        "@id": "way/1551194080",
        "bicycle": "yes",
        "highway": "footway",
        "lit": "yes",
        "smoothness": "good",
        "source:bicycle": "park_rules",
        "surface": "sett"
      },
      "geometry": {
        "type": "LineString",
        "coordinates": [
          [
            19.9352869,
            50.0643467
          ],
          [
            19.9352802,
            50.0643566
          ],
          [
            19.935274,
            50.0643657
          ]
        ]
      },
      "id": "way/1551194080"
    },
    {
      "type": "Feature",
      "properties": {
        "@id": "way/1551194083",
        "crossing": "unmarked",
        "crossing:markings": "no",
        "footway": "crossing",
        "highway": "footway",
        "lit": "yes",
        "surface": "sett"
      },
      "geometry": {
        "type": "LineString",
        "coordinates": [
          [
            19.9353308,
            50.064208
          ],
          [
            19.9353406,
            50.0642235
          ],
          [
            19.9353598,
            50.0642538
          ]
        ]
      },
      "id": "way/1551194083"
    },
    {
      "type": "Feature",
      "properties": {
        "@id": "way/1551194085",
        "crossing": "unmarked",
        "crossing:markings": "no",
        "footway": "crossing",
        "highway": "footway",
        "surface": "sett"
      },
      "geometry": {
        "type": "LineString",
        "coordinates": [
          [
            19.9356966,
            50.0633134
          ],
          [
            19.9356722,
            50.0633012
          ],
          [
            19.9356382,
            50.0632834
          ]
        ]
      },
      "id": "way/1551194085"
    },
    {
      "type": "Feature",
      "properties": {
        "@id": "way/1551194087",
        "crossing": "unmarked",
        "crossing:markings": "no",
        "footway": "crossing",
        "highway": "footway",
        "surface": "sett"
      },
      "geometry": {
        "type": "LineString",
        "coordinates": [
          [
            19.9356555,
            50.0632519
          ],
          [
            19.9356973,
            50.0632281
          ],
          [
            19.9357156,
            50.0632177
          ]
        ]
      },
      "id": "way/1551194087"
    },
    {
      "type": "Feature",
      "properties": {
        "@id": "way/1551330781",
        "crossing": "unmarked",
        "crossing:markings": "no",
        "footway": "crossing",
        "highway": "footway",
        "surface": "sett"
      },
      "geometry": {
        "type": "LineString",
        "coordinates": [
          [
            19.9342969,
            50.0617179
          ],
          [
            19.9342519,
            50.0617359
          ],
          [
            19.9342317,
            50.061744
          ]
        ]
      },
      "id": "way/1551330781"
    },
    {
      "type": "Feature",
      "properties": {
        "@id": "way/1551330783",
        "crossing": "unmarked",
        "crossing:markings": "no",
        "footway": "crossing",
        "highway": "footway",
        "surface": "sett"
      },
      "geometry": {
        "type": "LineString",
        "coordinates": [
          [
            19.9342203,
            50.0617637
          ],
          [
            19.9342359,
            50.0617833
          ],
          [
            19.9342606,
            50.0618142
          ]
        ]
      },
      "id": "way/1551330783"
    },
    {
      "type": "Feature",
      "properties": {
        "@id": "way/1551330784",
        "bicycle": "yes",
        "highway": "living_street",
        "lit": "yes",
        "maxspeed": "20",
        "motor_vehicle": "private",
        "name": "Jagiellońska",
        "name:be": "Ягелонская вуліца",
        "name:de": "Jagiellonengasse",
        "name:pl": "Jagiellońska",
        "source:bicycle": "sign",
        "source:maxspeed": "PL:zone20",
        "surface": "sett"
      },
      "geometry": {
        "type": "LineString",
        "coordinates": [
          [
            19.9342791,
            50.0617716
          ],
          [
            19.9342519,
            50.0617359
          ],
          [
            19.9342455,
            50.0617275
          ]
        ]
      },
      "id": "way/1551330784"
    },
    {
      "type": "Feature",
      "properties": {
        "@id": "way/1551330785",
        "highway": "living_street",
        "lit": "yes",
        "maxspeed": "20",
        "motor_vehicle": "private",
        "name": "Jagiellońska",
        "name:be": "Ягелонская вуліца",
        "name:de": "Jagiellonengasse",
        "name:pl": "Jagiellońska",
        "oneway": "yes",
        "source:maxspeed": "PL:living_street",
        "surface": "sett",
        "taxi": "yes"
      },
      "geometry": {
        "type": "LineString",
        "coordinates": [
          [
            19.9342791,
            50.0617716
          ],
          [
            19.9343073,
            50.0618043
          ],
          [
            19.9343183,
            50.0618182
          ]
        ]
      },
      "id": "way/1551330785"
    },
    {
      "type": "Feature",
      "properties": {
        "@id": "way/1551330787",
        "crossing": "unmarked",
        "crossing:markings": "no",
        "footway": "crossing",
        "highway": "footway",
        "surface": "sett"
      },
      "geometry": {
        "type": "LineString",
        "coordinates": [
          [
            19.9343537,
            50.0617789
          ],
          [
            19.9343364,
            50.0617503
          ],
          [
            19.9343179,
            50.0617196
          ]
        ]
      },
      "id": "way/1551330787"
    },
    {
      "type": "Feature",
      "properties": {
        "@id": "way/1551387879",
        "bicycle": "yes",
        "highway": "footway",
        "lit": "yes",
        "smoothness": "excellent",
        "source:bicycle": "park_rules",
        "surface": "sett"
      },
      "geometry": {
        "type": "LineString",
        "coordinates": [
          [
            19.9336961,
            50.0610535
          ],
          [
            19.9336881,
            50.0610561
          ],
          [
            19.9330283,
            50.061274
          ],
          [
            19.9330215,
            50.0612657
          ],
          [
            19.9330075,
            50.0612485
          ],
          [
            19.9330026,
            50.0612436
          ],
          [
            19.9329944,
            50.0612382
          ],
          [
            19.9329737,
            50.0612305
          ],
          [
            19.9329452,
            50.0612217
          ]
        ]
      },
      "id": "way/1551387879"
    },
    {
      "type": "Feature",
      "properties": {
        "@id": "way/1551387881",
        "crossing": "unmarked",
        "crossing:markings": "no",
        "footway": "crossing",
        "highway": "footway",
        "surface": "sett"
      },
      "geometry": {
        "type": "LineString",
        "coordinates": [
          [
            19.9336961,
            50.0610535
          ],
          [
            19.9337193,
            50.0610457
          ],
          [
            19.9337509,
            50.0610351
          ]
        ]
      },
      "id": "way/1551387881"
    },
    {
      "type": "Feature",
      "properties": {
        "@id": "way/1551387882",
        "crossing": "unmarked",
        "crossing:markings": "no",
        "footway": "crossing",
        "highway": "footway",
        "surface": "sett"
      },
      "geometry": {
        "type": "LineString",
        "coordinates": [
          [
            19.9336222,
            50.0610104
          ],
          [
            19.9336535,
            50.0610303
          ],
          [
            19.9336826,
            50.0610488
          ]
        ]
      },
      "id": "way/1551387882"
    },
    {
      "type": "Feature",
      "properties": {
        "@id": "way/1551387884",
        "crossing": "unmarked",
        "crossing:markings": "no",
        "footway": "crossing",
        "highway": "footway",
        "surface": "sett"
      },
      "geometry": {
        "type": "LineString",
        "coordinates": [
          [
            19.9336233,
            50.0609991
          ],
          [
            19.9336715,
            50.0609856
          ],
          [
            19.9336923,
            50.0609798
          ]
        ]
      },
      "id": "way/1551387884"
    },
    {
      "type": "Feature",
      "properties": {
        "@id": "way/1551387885",
        "crossing": "unmarked",
        "crossing:markings": "no",
        "footway": "crossing",
        "highway": "footway",
        "surface": "sett"
      },
      "geometry": {
        "type": "LineString",
        "coordinates": [
          [
            19.9337134,
            50.0609823
          ],
          [
            19.9337349,
            50.0610032
          ],
          [
            19.9337543,
            50.0610221
          ]
        ]
      },
      "id": "way/1551387885"
    },
    {
      "type": "Feature",
      "properties": {
        "@id": "way/1551387887",
        "crossing": "unmarked",
        "crossing:markings": "no",
        "footway": "crossing",
        "highway": "footway",
        "surface": "sett"
      },
      "geometry": {
        "type": "LineString",
        "coordinates": [
          [
            19.9347502,
            50.0606212
          ],
          [
            19.9347667,
            50.0606414
          ],
          [
            19.9347848,
            50.0606637
          ]
        ]
      },
      "id": "way/1551387887"
    },
    {
      "type": "Feature",
      "properties": {
        "@id": "way/1551387892",
        "crossing": "unmarked",
        "crossing:markings": "no",
        "footway": "crossing",
        "highway": "footway",
        "surface": "sett"
      },
      "geometry": {
        "type": "LineString",
        "coordinates": [
          [
            19.934796,
            50.0606647
          ],
          [
            19.9348476,
            50.0606473
          ],
          [
            19.9348962,
            50.0606311
          ]
        ]
      },
      "id": "way/1551387892"
    },
    {
      "type": "Feature",
      "properties": {
        "@id": "way/1551387895",
        "crossing": "unmarked",
        "crossing:markings": "no",
        "footway": "crossing",
        "highway": "footway",
        "surface": "sett"
      },
      "geometry": {
        "type": "LineString",
        "coordinates": [
          [
            19.9348505,
            50.0605673
          ],
          [
            19.934879,
            50.0605982
          ],
          [
            19.9349019,
            50.0606229
          ]
        ]
      },
      "id": "way/1551387895"
    },
    {
      "type": "Feature",
      "properties": {
        "@id": "way/1551387896",
        "crossing": "unmarked",
        "crossing:markings": "no",
        "footway": "crossing",
        "highway": "footway",
        "surface": "sett"
      },
      "geometry": {
        "type": "LineString",
        "coordinates": [
          [
            19.9347521,
            50.0606082
          ],
          [
            19.9347919,
            50.0605895
          ],
          [
            19.9348415,
            50.0605662
          ]
        ]
      },
      "id": "way/1551387896"
    },
    {
      "type": "Feature",
      "properties": {
        "@id": "way/1551387900",
        "crossing": "unmarked",
        "crossing:markings": "no",
        "footway": "crossing",
        "highway": "footway",
        "surface": "sett"
      },
      "geometry": {
        "type": "LineString",
        "coordinates": [
          [
            19.9361953,
            50.0602037
          ],
          [
            19.9361987,
            50.0602239
          ],
          [
            19.9362027,
            50.0602476
          ]
        ]
      },
      "id": "way/1551387900"
    },
    {
      "type": "Feature",
      "properties": {
        "@id": "way/1551387901",
        "highway": "footway",
        "lit": "yes",
        "smoothness": "good",
        "surface": "sett"
      },
      "geometry": {
        "type": "LineString",
        "coordinates": [
          [
            19.9363416,
            50.0604563
          ],
          [
            19.9363658,
            50.0604513
          ]
        ]
      },
      "id": "way/1551387901"
    },
    {
      "type": "Feature",
      "properties": {
        "@id": "way/1551388567",
        "crossing": "unmarked",
        "crossing:markings": "no",
        "footway": "crossing",
        "highway": "footway",
        "surface": "sett"
      },
      "geometry": {
        "type": "LineString",
        "coordinates": [
          [
            19.933262,
            50.0605357
          ],
          [
            19.933292,
            50.0605253
          ],
          [
            19.9333375,
            50.0605095
          ]
        ]
      },
      "id": "way/1551388567"
    },
    {
      "type": "Feature",
      "properties": {
        "@id": "way/1551409109",
        "highway": "footway",
        "surface": "sett"
      },
      "geometry": {
        "type": "LineString",
        "coordinates": [
          [
            19.9386566,
            50.0592864
          ],
          [
            19.938661,
            50.0592884
          ],
          [
            19.938665,
            50.0592959
          ],
          [
            19.9386696,
            50.0593197
          ],
          [
            19.9387057,
            50.0594698
          ],
          [
            19.9387153,
            50.0595001
          ],
          [
            19.9387265,
            50.0595278
          ],
          [
            19.9387982,
            50.0597053
          ],
          [
            19.9388251,
            50.0597706
          ],
          [
            19.9388399,
            50.0597983
          ],
          [
            19.9388612,
            50.0598361
          ],
          [
            19.9389535,
            50.0599869
          ],
          [
            19.9390083,
            50.0600762
          ],
          [
            19.9391036,
            50.0602319
          ],
          [
            19.939123,
            50.0602658
          ],
          [
            19.9391737,
            50.0603546
          ],
          [
            19.939193,
            50.0603855
          ],
          [
            19.9392025,
            50.0604007
          ],
          [
            19.9392088,
            50.0604107
          ],
          [
            19.9392393,
            50.0604544
          ],
          [
            19.9392591,
            50.0604792
          ],
          [
            19.9392906,
            50.0605144
          ],
          [
            19.939316,
            50.0605402
          ],
          [
            19.9394497,
            50.0606658
          ],
          [
            19.9395325,
            50.060747
          ],
          [
            19.9395503,
            50.0607666
          ],
          [
            19.9395833,
            50.0608018
          ],
          [
            19.9396701,
            50.0608267
          ]
        ]
      },
      "id": "way/1551409109"
    },
    {
      "type": "Feature",
      "properties": {
        "@id": "way/1551409110",
        "highway": "footway",
        "surface": "sett"
      },
      "geometry": {
        "type": "LineString",
        "coordinates": [
          [
            19.9378346,
            50.0592169
          ],
          [
            19.9380013,
            50.0592303
          ],
          [
            19.938256,
            50.0592508
          ],
          [
            19.9383384,
            50.0592574
          ],
          [
            19.9384636,
            50.0592668
          ],
          [
            19.9386275,
            50.0592791
          ],
          [
            19.938634,
            50.0592796
          ],
          [
            19.9386503,
            50.0592835
          ],
          [
            19.9386566,
            50.0592864
          ]
        ]
      },
      "id": "way/1551409110"
    },
    {
      "type": "Feature",
      "properties": {
        "@id": "way/1551409111",
        "crossing": "uncontrolled",
        "crossing:markings": "zebra",
        "footway": "crossing",
        "highway": "footway",
        "surface": "sett"
      },
      "geometry": {
        "type": "LineString",
        "coordinates": [
          [
            19.9386783,
            50.0592786
          ],
          [
            19.9387316,
            50.059275
          ],
          [
            19.9387742,
            50.0592721
          ]
        ]
      },
      "id": "way/1551409111"
    },
    {
      "type": "Feature",
      "properties": {
        "@id": "way/1551409112",
        "highway": "footway",
        "surface": "sett"
      },
      "geometry": {
        "type": "LineString",
        "coordinates": [
          [
            19.9386566,
            50.0592864
          ],
          [
            19.9386783,
            50.0592786
          ]
        ]
      },
      "id": "way/1551409112"
    },
    {
      "type": "Feature",
      "properties": {
        "@id": "way/1551409113",
        "highway": "footway",
        "surface": "sett"
      },
      "geometry": {
        "type": "LineString",
        "coordinates": [
          [
            19.938819,
            50.0593497
          ],
          [
            19.9388241,
            50.0593856
          ],
          [
            19.9388277,
            50.0594026
          ],
          [
            19.9388485,
            50.0594727
          ],
          [
            19.9388581,
            50.0594988
          ],
          [
            19.9388724,
            50.0595321
          ],
          [
            19.9389192,
            50.0596424
          ],
          [
            19.9389379,
            50.0596848
          ],
          [
            19.9389567,
            50.0597197
          ],
          [
            19.9392937,
            50.0603513
          ],
          [
            19.9393069,
            50.0603712
          ],
          [
            19.9393521,
            50.0604302
          ],
          [
            19.9393684,
            50.0604475
          ],
          [
            19.9393897,
            50.0604697
          ],
          [
            19.9394233,
            50.0605029
          ],
          [
            19.9397277,
            50.0608044
          ],
          [
            19.9397419,
            50.0608517
          ]
        ]
      },
      "id": "way/1551409113"
    },
    {
      "type": "Feature",
      "properties": {
        "@id": "way/1551409118",
        "crossing": "unmarked",
        "crossing:markings": "no",
        "footway": "crossing",
        "highway": "footway",
        "surface": "sett"
      },
      "geometry": {
        "type": "LineString",
        "coordinates": [
          [
            19.938606,
            50.0591401
          ],
          [
            19.9387097,
            50.0591398
          ],
          [
            19.9387608,
            50.0591397
          ]
        ]
      },
      "id": "way/1551409118"
    },
    {
      "type": "Feature",
      "properties": {
        "@id": "way/1551409119",
        "crossing": "unmarked",
        "crossing:markings": "no",
        "footway": "crossing",
        "highway": "footway",
        "surface": "sett"
      },
      "geometry": {
        "type": "LineString",
        "coordinates": [
          [
            19.9386026,
            50.0591964
          ],
          [
            19.9386101,
            50.0592213
          ],
          [
            19.9386212,
            50.0592584
          ]
        ]
      },
      "id": "way/1551409119"
    },
    {
      "type": "Feature",
      "properties": {
        "@id": "way/1551409120",
        "highway": "footway",
        "surface": "sett"
      },
      "geometry": {
        "type": "LineString",
        "coordinates": [
          [
            19.9385857,
            50.0591405
          ],
          [
            19.9386026,
            50.0591964
          ]
        ]
      },
      "id": "way/1551409120"
    },
    {
      "type": "Feature",
      "properties": {
        "@id": "way/1551409121",
        "highway": "footway",
        "surface": "sett"
      },
      "geometry": {
        "type": "LineString",
        "coordinates": [
          [
            19.9386212,
            50.0592584
          ],
          [
            19.9386275,
            50.0592791
          ]
        ]
      },
      "id": "way/1551409121"
    },
    {
      "type": "Feature",
      "properties": {
        "@id": "way/1552144149",
        "crossing": "unmarked",
        "crossing:markings": "no",
        "footway": "crossing",
        "highway": "footway",
        "surface": "sett"
      },
      "geometry": {
        "type": "LineString",
        "coordinates": [
          [
            19.9368389,
            50.0628495
          ],
          [
            19.9368265,
            50.0628325
          ],
          [
            19.936795,
            50.0627894
          ]
        ]
      },
      "id": "way/1552144149"
    },
    {
      "type": "Feature",
      "properties": {
        "@id": "way/1552146545",
        "bicycle": "yes",
        "emergency": "yes",
        "foot": "yes",
        "highway": "living_street",
        "horse": "yes",
        "junction": "roundabout",
        "lit": "yes",
        "maxspeed": "20",
        "motor_vehicle": "permissive",
        "motor_vehicle:conditional": "delivery @ (23:00-10:00); disabled @ (06:00-12:00,18:00-20:00)",
        "name": "Rynek Główny",
        "name:be": "Галоўны рынак",
        "name:de": "Hauptmarkt",
        "name:en": "Main Market Square",
        "name:pl": "Rynek Główny",
        "name:ru": "Рыночная площадь",
        "oneway:foot": "no",
        "parking:both": "no",
        "smoothness": "excellent",
        "source:bicycle": "sign",
        "source:maxspeed": "PL:living_street",
        "surface": "sett"
      },
      "geometry": {
        "type": "LineString",
        "coordinates": [
          [
            19.9374873,
            50.0606962
          ],
          [
            19.9375805,
            50.0606398
          ],
          [
            19.9376167,
            50.060626
          ],
          [
            19.9376443,
            50.0606209
          ],
          [
            19.9376862,
            50.0606211
          ],
          [
            19.9377144,
            50.0606254
          ],
          [
            19.9377467,
            50.0606347
          ],
          [
            19.9377831,
            50.060647
          ]
        ]
      },
      "id": "way/1552146545"
    },
    {
      "type": "Feature",
      "properties": {
        "@id": "way/1552521187",
        "highway": "service",
        "smoothness": "intermediate",
        "surface": "sett"
      },
      "geometry": {
        "type": "LineString",
        "coordinates": [
          [
            20.0443134,
            50.0775034
          ],
          [
            20.0443302,
            50.0775077
          ],
          [
            20.0444763,
            50.0775458
          ]
        ]
      },
      "id": "way/1552521187"
    },
    {
      "type": "Feature",
      "properties": {
        "@id": "way/1552521192",
        "highway": "footway",
        "smoothness": "intermediate",
        "surface": "sett"
      },
      "geometry": {
        "type": "LineString",
        "coordinates": [
          [
            20.0443194,
            50.0775247
          ],
          [
            20.0443302,
            50.0775077
          ],
          [
            20.0443404,
            50.0774919
          ]
        ]
      },
      "id": "way/1552521192"
    },
    {
      "type": "Feature",
      "properties": {
        "@id": "way/1552521197",
        "highway": "service",
        "smoothness": "intermediate",
        "surface": "sett"
      },
      "geometry": {
        "type": "LineString",
        "coordinates": [
          [
            20.0445575,
            50.077412
          ],
          [
            20.0444294,
            50.0773768
          ]
        ]
      },
      "id": "way/1552521197"
    },
    {
      "type": "Feature",
      "properties": {
        "@id": "way/1552983191",
        "highway": "footway",
        "surface": "sett"
      },
      "geometry": {
        "type": "LineString",
        "coordinates": [
          [
            19.9317059,
            50.0554546
          ],
          [
            19.9317282,
            50.0554953
          ],
          [
            19.9317394,
            50.0555151
          ],
          [
            19.9317478,
            50.0555287
          ],
          [
            19.9317679,
            50.0555613
          ],
          [
            19.931772,
            50.0555678
          ],
          [
            19.9317791,
            50.0555789
          ],
          [
            19.9317948,
            50.0555972
          ],
          [
            19.9318099,
            50.055614
          ],
          [
            19.9318241,
            50.0556279
          ],
          [
            19.9318534,
            50.0556531
          ],
          [
            19.9318566,
            50.0556568
          ],
          [
            19.931863,
            50.0556642
          ],
          [
            19.9318699,
            50.0556751
          ],
          [
            19.9318753,
            50.0556904
          ],
          [
            19.9318988,
            50.0557804
          ],
          [
            19.9319031,
            50.0557945
          ],
          [
            19.9319096,
            50.0558126
          ],
          [
            19.9319215,
            50.0558395
          ],
          [
            19.9319285,
            50.0558539
          ],
          [
            19.9319416,
            50.0558732
          ],
          [
            19.9319728,
            50.0559144
          ],
          [
            19.9319874,
            50.0559335
          ],
          [
            19.9319902,
            50.0559373
          ],
          [
            19.932006,
            50.0559595
          ],
          [
            19.932171,
            50.0561843
          ],
          [
            19.9322276,
            50.0562579
          ],
          [
            19.9322722,
            50.0563159
          ],
          [
            19.9322826,
            50.0563271
          ],
          [
            19.9323564,
            50.0563996
          ],
          [
            19.9323741,
            50.0564183
          ],
          [
            19.9323916,
            50.0564381
          ],
          [
            19.9324057,
            50.0564547
          ],
          [
            19.9324194,
            50.0564739
          ],
          [
            19.9324291,
            50.0564909
          ],
          [
            19.9324533,
            50.0565434
          ],
          [
            19.93246,
            50.0565608
          ],
          [
            19.9324714,
            50.0565948
          ],
          [
            19.9324754,
            50.0566054
          ],
          [
            19.9324824,
            50.0566153
          ],
          [
            19.9324955,
            50.0566248
          ],
          [
            19.9325321,
            50.0566435
          ],
          [
            19.9325632,
            50.0566581
          ],
          [
            19.9325958,
            50.05667
          ],
          [
            19.932637,
            50.0566818
          ],
          [
            19.9326631,
            50.0566874
          ],
          [
            19.9326866,
            50.0566906
          ],
          [
            19.9327798,
            50.0566997
          ],
          [
            19.9328174,
            50.0567029
          ],
          [
            19.9329089,
            50.0567143
          ],
          [
            19.9329735,
            50.0567225
          ],
          [
            19.9330033,
            50.0567242
          ],
          [
            19.933035,
            50.0567239
          ],
          [
            19.9330744,
            50.0567211
          ],
          [
            19.9331032,
            50.056718
          ],
          [
            19.9331385,
            50.0567109
          ],
          [
            19.9331668,
            50.0567032
          ],
          [
            19.9331758,
            50.0567002
          ],
          [
            19.933187,
            50.0566964
          ],
          [
            19.9332083,
            50.0566869
          ],
          [
            19.9332252,
            50.0566783
          ],
          [
            19.933243,
            50.0566683
          ],
          [
            19.9332591,
            50.056658
          ],
          [
            19.9332732,
            50.0566459
          ],
          [
            19.9332879,
            50.0566306
          ],
          [
            19.9333027,
            50.0566125
          ],
          [
            19.9333185,
            50.0565921
          ],
          [
            19.9333329,
            50.0565717
          ],
          [
            19.9333474,
            50.0565473
          ],
          [
            19.9333583,
            50.0565262
          ],
          [
            19.9333677,
            50.0565075
          ],
          [
            19.9333738,
            50.056492
          ],
          [
            19.9333815,
            50.0564719
          ],
          [
            19.9333973,
            50.0564519
          ],
          [
            19.9334149,
            50.0564291
          ],
          [
            19.9334126,
            50.0563901
          ],
          [
            19.9334079,
            50.0563737
          ],
          [
            19.9334009,
            50.0563553
          ],
          [
            19.9333928,
            50.056341
          ],
          [
            19.9333752,
            50.0563137
          ],
          [
            19.9333677,
            50.0563006
          ],
          [
            19.9333642,
            50.0562923
          ],
          [
            19.9333385,
            50.0562031
          ],
          [
            19.9333309,
            50.056184
          ],
          [
            19.9333134,
            50.0561593
          ],
          [
            19.9332964,
            50.0561364
          ],
          [
            19.9330826,
            50.0558928
          ],
          [
            19.9326482,
            50.055398
          ],
          [
            19.932636,
            50.0553836
          ],
          [
            19.9326162,
            50.0553601
          ],
          [
            19.9326091,
            50.0553494
          ],
          [
            19.9326045,
            50.0553418
          ],
          [
            19.9325521,
            50.0552559
          ]
        ]
      },
      "id": "way/1552983191"
    },
    {
      "type": "Feature",
      "properties": {
        "@id": "way/1552983212",
        "highway": "footway",
        "surface": "sett"
      },
      "geometry": {
        "type": "LineString",
        "coordinates": [
          [
            19.9319467,
            50.0554458
          ],
          [
            19.9319521,
            50.0554577
          ],
          [
            19.9319571,
            50.0554663
          ],
          [
            19.9319641,
            50.055475
          ],
          [
            19.9319953,
            50.0555071
          ],
          [
            19.9320006,
            50.0555153
          ],
          [
            19.9320129,
            50.0555648
          ],
          [
            19.9320187,
            50.0555882
          ],
          [
            19.9320172,
            50.0555996
          ],
          [
            19.9320118,
            50.0556063
          ],
          [
            19.932001,
            50.0556112
          ],
          [
            19.931986,
            50.0556127
          ],
          [
            19.9319779,
            50.0556128
          ],
          [
            19.9319691,
            50.055613
          ],
          [
            19.9319475,
            50.0556122
          ],
          [
            19.9319182,
            50.055609
          ],
          [
            19.9318955,
            50.0556043
          ],
          [
            19.9318693,
            50.0555974
          ],
          [
            19.9318504,
            50.0555905
          ],
          [
            19.9318235,
            50.0555788
          ],
          [
            19.9318065,
            50.0555719
          ],
          [
            19.93179,
            50.0555682
          ],
          [
            19.9317777,
            50.0555675
          ],
          [
            19.931772,
            50.0555678
          ],
          [
            19.9316617,
            50.0555823
          ],
          [
            19.9315728,
            50.0555944
          ]
        ]
      },
      "id": "way/1552983212"
    },
    {
      "type": "Feature",
      "properties": {
        "@id": "way/1552983213",
        "highway": "footway",
        "surface": "sett"
      },
      "geometry": {
        "type": "LineString",
        "coordinates": [
          [
            19.9317478,
            50.0555287
          ],
          [
            19.9318092,
            50.0555212
          ],
          [
            19.9318208,
            50.0555205
          ],
          [
            19.9318323,
            50.0555222
          ],
          [
            19.9318408,
            50.0555267
          ],
          [
            19.9318581,
            50.0555393
          ],
          [
            19.9318724,
            50.0555472
          ],
          [
            19.9318924,
            50.0555556
          ],
          [
            19.9319098,
            50.0555603
          ],
          [
            19.9319321,
            50.0555645
          ],
          [
            19.9319552,
            50.0555665
          ],
          [
            19.9319764,
            50.055567
          ],
          [
            19.9320129,
            50.0555648
          ],
          [
            19.93209,
            50.0555603
          ],
          [
            19.9321104,
            50.0555553
          ],
          [
            19.9321254,
            50.0555499
          ],
          [
            19.9321451,
            50.0555398
          ],
          [
            19.9321686,
            50.0555284
          ],
          [
            19.9321901,
            50.05552
          ],
          [
            19.9322136,
            50.0555131
          ],
          [
            19.9322402,
            50.0555076
          ],
          [
            19.9323215,
            50.0554938
          ],
          [
            19.9323399,
            50.0554896
          ],
          [
            19.9323573,
            50.0554821
          ],
          [
            19.9323696,
            50.0554757
          ],
          [
            19.9324034,
            50.0554531
          ]
        ]
      },
      "id": "way/1552983213"
    },
    {
      "type": "Feature",
      "properties": {
        "@id": "way/1552983214",
        "highway": "footway",
        "surface": "sett"
      },
      "geometry": {
        "type": "LineString",
        "coordinates": [
          [
            19.9319779,
            50.0556128
          ],
          [
            19.9319644,
            50.0556251
          ],
          [
            19.9319533,
            50.0556317
          ],
          [
            19.9319425,
            50.0556357
          ],
          [
            19.9318566,
            50.0556568
          ]
        ]
      },
      "id": "way/1552983214"
    },
    {
      "type": "Feature",
      "properties": {
        "@id": "way/1552983220",
        "highway": "footway",
        "surface": "sett"
      },
      "geometry": {
        "type": "LineString",
        "coordinates": [
          [
            19.9331758,
            50.0567002
          ],
          [
            19.9332418,
            50.0567755
          ],
          [
            19.9332509,
            50.0567862
          ],
          [
            19.9332556,
            50.0567941
          ],
          [
            19.9332561,
            50.0568044
          ],
          [
            19.933255,
            50.056813
          ],
          [
            19.9332483,
            50.0568308
          ]
        ]
      },
      "id": "way/1552983220"
    },
    {
      "type": "Feature",
      "properties": {
        "@id": "way/1552983221",
        "crossing": "unmarked",
        "crossing:markings": "no",
        "footway": "crossing",
        "highway": "footway",
        "surface": "sett"
      },
      "geometry": {
        "type": "LineString",
        "coordinates": [
          [
            19.9332483,
            50.0568308
          ],
          [
            19.9332369,
            50.0568568
          ],
          [
            19.9332261,
            50.0568816
          ]
        ]
      },
      "id": "way/1552983221"
    },
    {
      "type": "Feature",
      "properties": {
        "@id": "way/1552983230",
        "highway": "footway",
        "surface": "sett"
      },
      "geometry": {
        "type": "LineString",
        "coordinates": [
          [
            19.9323692,
            50.055409
          ],
          [
            19.9323094,
            50.0554105
          ],
          [
            19.9322934,
            50.0554095
          ],
          [
            19.9322814,
            50.0554053
          ],
          [
            19.932273,
            50.0553984
          ],
          [
            19.9322359,
            50.055331
          ]
        ]
      },
      "id": "way/1552983230"
    },
    {
      "type": "Feature",
      "properties": {
        "@id": "way/1552983231",
        "crossing": "uncontrolled",
        "crossing:markings": "zebra",
        "footway": "crossing",
        "highway": "footway",
        "surface": "sett"
      },
      "geometry": {
        "type": "LineString",
        "coordinates": [
          [
            19.9319753,
            50.055393
          ],
          [
            19.9320252,
            50.0553811
          ],
          [
            19.9320652,
            50.0553716
          ]
        ]
      },
      "id": "way/1552983231"
    },
    {
      "type": "Feature",
      "properties": {
        "@id": "way/1552983232",
        "crossing": "uncontrolled",
        "crossing:markings": "zebra",
        "footway": "crossing",
        "highway": "footway",
        "surface": "sett"
      },
      "geometry": {
        "type": "LineString",
        "coordinates": [
          [
            19.9320793,
            50.0553683
          ],
          [
            19.9321252,
            50.0553574
          ],
          [
            19.9321768,
            50.0553451
          ]
        ]
      },
      "id": "way/1552983232"
    },
    {
      "type": "Feature",
      "properties": {
        "@id": "way/1552983257",
        "highway": "footway",
        "surface": "sett"
      },
      "geometry": {
        "type": "LineString",
        "coordinates": [
          [
            19.9330718,
            50.0558969
          ],
          [
            19.9330826,
            50.0558928
          ],
          [
            19.9331863,
            50.055854
          ],
          [
            19.9332331,
            50.0558365
          ]
        ]
      },
      "id": "way/1552983257"
    },
    {
      "type": "Feature",
      "properties": {
        "@id": "way/1552983261",
        "highway": "footway",
        "surface": "sett"
      },
      "geometry": {
        "type": "LineString",
        "coordinates": [
          [
            19.9319902,
            50.0559373
          ],
          [
            19.9319041,
            50.0559636
          ]
        ]
      },
      "id": "way/1552983261"
    },
    {
      "type": "Feature",
      "properties": {
        "@id": "way/1552983263",
        "highway": "footway",
        "surface": "sett"
      },
      "geometry": {
        "type": "LineString",
        "coordinates": [
          [
            19.9327855,
            50.0567812
          ],
          [
            19.9328174,
            50.0567029
          ]
        ]
      },
      "id": "way/1552983263"
    },
    {
      "type": "Feature",
      "properties": {
        "@id": "way/1552983266",
        "crossing": "unmarked",
        "crossing:markings": "no",
        "footway": "crossing",
        "highway": "footway",
        "surface": "sett"
      },
      "geometry": {
        "type": "LineString",
        "coordinates": [
          [
            19.932392,
            50.0566469
          ],
          [
            19.9324129,
            50.0566396
          ],
          [
            19.9324537,
            50.0566253
          ]
        ]
      },
      "id": "way/1552983266"
    },
    {
      "type": "Feature",
      "properties": {
        "@id": "way/1552983693",
        "crossing": "unmarked",
        "crossing:markings": "no",
        "footway": "crossing",
        "highway": "footway",
        "surface": "sett"
      },
      "geometry": {
        "type": "LineString",
        "coordinates": [
          [
            19.93339,
            50.0568135
          ],
          [
            19.9333455,
            50.056806
          ],
          [
            19.9333185,
            50.0568015
          ]
        ]
      },
      "id": "way/1552983693"
    },
    {
      "type": "Feature",
      "properties": {
        "@id": "way/1553018854",
        "highway": "footway",
        "surface": "sett"
      },
      "geometry": {
        "type": "LineString",
        "coordinates": [
          [
            19.9322357,
            50.0562554
          ],
          [
            19.9322276,
            50.0562579
          ],
          [
            19.9321426,
            50.0562838
          ],
          [
            19.932062,
            50.0563085
          ]
        ]
      },
      "id": "way/1553018854"
    },
    {
      "type": "Feature",
      "properties": {
        "@id": "way/1553198429",
        "footway": "sidewalk",
        "highway": "footway",
        "lit": "yes",
        "smoothness": "good",
        "surface": "sett"
      },
      "geometry": {
        "type": "LineString",
        "coordinates": [
          [
            20.0382649,
            50.0747565
          ],
          [
            20.0382051,
            50.0747637
          ],
          [
            20.0381451,
            50.074771
          ]
        ]
      },
      "id": "way/1553198429"
    },
    {
      "type": "Feature",
      "properties": {
        "@id": "way/1553306726",
        "highway": "footway",
        "surface": "sett"
      },
      "geometry": {
        "type": "LineString",
        "coordinates": [
          [
            19.9368055,
            50.0591767
          ],
          [
            19.9368718,
            50.0590552
          ],
          [
            19.9368781,
            50.0590437
          ]
        ]
      },
      "id": "way/1553306726"
    },
    {
      "type": "Feature",
      "properties": {
        "@id": "way/1553306727",
        "highway": "footway",
        "surface": "sett"
      },
      "geometry": {
        "type": "LineString",
        "coordinates": [
          [
            19.9365514,
            50.0589899
          ],
          [
            19.9365834,
            50.0589894
          ],
          [
            19.9366048,
            50.0589904
          ],
          [
            19.9366322,
            50.0589937
          ],
          [
            19.9368781,
            50.0590437
          ]
        ]
      },
      "id": "way/1553306727"
    },
    {
      "type": "Feature",
      "properties": {
        "@id": "way/1553306729",
        "highway": "footway",
        "surface": "sett"
      },
      "geometry": {
        "type": "LineString",
        "coordinates": [
          [
            19.9365406,
            50.0589673
          ],
          [
            19.9365116,
            50.0589242
          ],
          [
            19.9365062,
            50.0589137
          ],
          [
            19.936504,
            50.0589072
          ],
          [
            19.936503,
            50.0588971
          ]
        ]
      },
      "id": "way/1553306729"
    },
    {
      "type": "Feature",
      "properties": {
        "@id": "way/1553306730",
        "highway": "footway",
        "surface": "sett"
      },
      "geometry": {
        "type": "LineString",
        "coordinates": [
          [
            19.937653,
            50.0588685
          ],
          [
            19.937626,
            50.0589488
          ],
          [
            19.9376225,
            50.0589589
          ],
          [
            19.937619,
            50.058969
          ],
          [
            19.9376175,
            50.0589791
          ],
          [
            19.9376172,
            50.0589881
          ],
          [
            19.9376225,
            50.05908
          ]
        ]
      },
      "id": "way/1553306730"
    },
    {
      "type": "Feature",
      "properties": {
        "@id": "way/1553319973",
        "crossing": "unmarked",
        "crossing:markings": "no",
        "footway": "crossing",
        "highway": "footway",
        "lit": "yes",
        "surface": "sett"
      },
      "geometry": {
        "type": "LineString",
        "coordinates": [
          [
            19.9360869,
            50.0674072
          ],
          [
            19.9360818,
            50.0674224
          ],
          [
            19.9360717,
            50.0674527
          ]
        ]
      },
      "id": "way/1553319973"
    },
    {
      "type": "Feature",
      "properties": {
        "@id": "way/1553319974",
        "highway": "footway",
        "lit": "yes",
        "smoothness": "good",
        "surface": "sett"
      },
      "geometry": {
        "type": "LineString",
        "coordinates": [
          [
            19.9360919,
            50.067392
          ],
          [
            19.9360869,
            50.0674072
          ]
        ]
      },
      "id": "way/1553319974"
    },
    {
      "type": "Feature",
      "properties": {
        "@id": "way/1553319975",
        "crossing": "unmarked",
        "crossing:markings": "no",
        "footway": "crossing",
        "highway": "footway",
        "lit": "yes",
        "surface": "sett"
      },
      "geometry": {
        "type": "LineString",
        "coordinates": [
          [
            19.9360183,
            50.0676133
          ],
          [
            19.9360133,
            50.0676283
          ],
          [
            19.9360031,
            50.067659
          ]
        ]
      },
      "id": "way/1553319975"
    },
    {
      "type": "Feature",
      "properties": {
        "@id": "way/1553319976",
        "highway": "footway",
        "lit": "yes",
        "smoothness": "good",
        "surface": "sett"
      },
      "geometry": {
        "type": "LineString",
        "coordinates": [
          [
            19.9360031,
            50.067659
          ],
          [
            19.9360001,
            50.067668
          ]
        ]
      },
      "id": "way/1553319976"
    },
    {
      "type": "Feature",
      "properties": {
        "@id": "way/1553319981",
        "highway": "footway",
        "surface": "sett"
      },
      "geometry": {
        "type": "LineString",
        "coordinates": [
          [
            19.9356838,
            50.0676148
          ],
          [
            19.9356804,
            50.0676257
          ]
        ]
      },
      "id": "way/1553319981"
    },
    {
      "type": "Feature",
      "properties": {
        "@id": "way/1553319982",
        "crossing": "unmarked",
        "crossing:markings": "no",
        "footway": "crossing",
        "highway": "footway",
        "surface": "sett"
      },
      "geometry": {
        "type": "LineString",
        "coordinates": [
          [
            19.9356978,
            50.0675709
          ],
          [
            19.9356936,
            50.067584
          ],
          [
            19.9356838,
            50.0676148
          ]
        ]
      },
      "id": "way/1553319982"
    },
    {
      "type": "Feature",
      "properties": {
        "@id": "way/1553319985",
        "crossing": "unmarked",
        "crossing:markings": "no",
        "footway": "crossing",
        "highway": "footway",
        "lit": "no",
        "surface": "sett"
      },
      "geometry": {
        "type": "LineString",
        "coordinates": [
          [
            19.9349734,
            50.0674723
          ],
          [
            19.9349645,
            50.0675037
          ],
          [
            19.9349606,
            50.0675172
          ]
        ]
      },
      "id": "way/1553319985"
    },
    {
      "type": "Feature",
      "properties": {
        "@id": "way/1553319986",
        "highway": "footway",
        "lit": "no",
        "smoothness": "good",
        "surface": "sett"
      },
      "geometry": {
        "type": "LineString",
        "coordinates": [
          [
            19.9349606,
            50.0675172
          ],
          [
            19.9349565,
            50.0675306
          ]
        ]
      },
      "id": "way/1553319986"
    },
    {
      "type": "Feature",
      "properties": {
        "@id": "way/1553319989",
        "highway": "footway",
        "surface": "sett"
      },
      "geometry": {
        "type": "LineString",
        "coordinates": [
          [
            19.9345675,
            50.0674086
          ],
          [
            19.9345542,
            50.0674644
          ],
          [
            19.9345532,
            50.0674719
          ],
          [
            19.9345562,
            50.0674775
          ],
          [
            19.9345629,
            50.0674814
          ],
          [
            19.9345786,
            50.0674837
          ],
          [
            19.9347392,
            50.0675053
          ],
          [
            19.9347943,
            50.0675074
          ]
        ]
      },
      "id": "way/1553319989"
    },
    {
      "type": "Feature",
      "properties": {
        "@id": "way/1553319990",
        "footway": "sidewalk",
        "highway": "footway",
        "surface": "sett"
      },
      "geometry": {
        "type": "LineString",
        "coordinates": [
          [
            19.9345726,
            50.0673888
          ],
          [
            19.9345675,
            50.0674086
          ]
        ]
      },
      "id": "way/1553319990"
    },
    {
      "type": "Feature",
      "properties": {
        "@id": "way/1553319993",
        "footway": "crossing",
        "highway": "footway",
        "surface": "sett"
      },
      "geometry": {
        "type": "LineString",
        "coordinates": [
          [
            19.9345726,
            50.0673888
          ],
          [
            19.9345835,
            50.0673509
          ],
          [
            19.9345905,
            50.0673262
          ]
        ]
      },
      "id": "way/1553319993"
    },
    {
      "type": "Feature",
      "properties": {
        "@id": "way/1553319996",
        "footway": "crossing",
        "highway": "footway",
        "surface": "sett"
      },
      "geometry": {
        "type": "LineString",
        "coordinates": [
          [
            19.9357576,
            50.0673774
          ],
          [
            19.9357484,
            50.0674072
          ],
          [
            19.9357437,
            50.0674225
          ]
        ]
      },
      "id": "way/1553319996"
    },
    {
      "type": "Feature",
      "properties": {
        "@id": "way/1553319997",
        "footway": "sidewalk",
        "highway": "footway",
        "surface": "sett"
      },
      "geometry": {
        "type": "LineString",
        "coordinates": [
          [
            19.9357614,
            50.0673643
          ],
          [
            19.9357576,
            50.0673774
          ]
        ]
      },
      "id": "way/1553319997"
    },
    {
      "type": "Feature",
      "properties": {
        "@id": "way/1553319998",
        "highway": "footway",
        "lit": "no",
        "smoothness": "good",
        "surface": "sett"
      },
      "geometry": {
        "type": "LineString",
        "coordinates": [
          [
            19.9350255,
            50.0672951
          ],
          [
            19.9350216,
            50.067308
          ]
        ]
      },
      "id": "way/1553319998"
    },
    {
      "type": "Feature",
      "properties": {
        "@id": "way/1553319999",
        "crossing": "unmarked",
        "crossing:markings": "no",
        "footway": "crossing",
        "highway": "footway",
        "lit": "no",
        "surface": "sett"
      },
      "geometry": {
        "type": "LineString",
        "coordinates": [
          [
            19.9350216,
            50.067308
          ],
          [
            19.935013,
            50.0673374
          ],
          [
            19.9350088,
            50.0673518
          ]
        ]
      },
      "id": "way/1553319999"
    },
    {
      "type": "Feature",
      "properties": {
        "@id": "way/1553393052",
        "highway": "footway",
        "lit": "yes",
        "smoothness": "bad",
        "surface": "sett"
      },
      "geometry": {
        "type": "LineString",
        "coordinates": [
          [
            19.9441544,
            50.0714963
          ],
          [
            19.9441307,
            50.0714591
          ],
          [
            19.9441086,
            50.0714262
          ]
        ]
      },
      "id": "way/1553393052"
    },
    {
      "type": "Feature",
      "properties": {
        "@id": "way/1553512928",
        "footway": "crossing",
        "highway": "footway",
        "lit": "yes",
        "surface": "sett"
      },
      "geometry": {
        "type": "LineString",
        "coordinates": [
          [
            19.9369169,
            50.0647866
          ],
          [
            19.9369396,
            50.0647946
          ],
          [
            19.9369812,
            50.0648096
          ]
        ]
      },
      "id": "way/1553512928"
    },
    {
      "type": "Feature",
      "properties": {
        "@id": "way/1553512930",
        "footway": "crossing",
        "highway": "footway",
        "lit": "yes",
        "surface": "sett"
      },
      "geometry": {
        "type": "LineString",
        "coordinates": [
          [
            19.9367096,
            50.0647115
          ],
          [
            19.9367487,
            50.0647256
          ],
          [
            19.9367818,
            50.0647376
          ]
        ]
      },
      "id": "way/1553512930"
    },
    {
      "type": "Feature",
      "properties": {
        "@id": "way/1553512932",
        "footway": "crossing",
        "highway": "footway",
        "surface": "sett"
      },
      "geometry": {
        "type": "LineString",
        "coordinates": [
          [
            19.9367949,
            50.0647851
          ],
          [
            19.9367854,
            50.0647967
          ],
          [
            19.9367616,
            50.0648256
          ]
        ]
      },
      "id": "way/1553512932"
    },
    {
      "type": "Feature",
      "properties": {
        "@id": "way/1553593666",
        "crossing": "unmarked",
        "crossing:markings": "no",
        "footway": "crossing",
        "highway": "footway",
        "surface": "sett"
      },
      "geometry": {
        "type": "LineString",
        "coordinates": [
          [
            19.9485795,
            50.0519012
          ],
          [
            19.948589,
            50.0518679
          ],
          [
            19.9485964,
            50.051842
          ]
        ]
      },
      "id": "way/1553593666"
    },
    {
      "type": "Feature",
      "properties": {
        "@id": "way/1553635428",
        "highway": "living_street",
        "noname": "yes",
        "service": "driveway",
        "surface": "sett"
      },
      "geometry": {
        "type": "LineString",
        "coordinates": [
          [
            19.949281,
            50.0648913
          ],
          [
            19.9493121,
            50.0648576
          ],
          [
            19.9493197,
            50.0648484
          ],
          [
            19.9493405,
            50.064817
          ],
          [
            19.9493573,
            50.0647887
          ],
          [
            19.9493649,
            50.0647803
          ],
          [
            19.9493699,
            50.0647777
          ],
          [
            19.9493756,
            50.064776
          ],
          [
            19.9493893,
            50.0647737
          ],
          [
            19.9494046,
            50.0647735
          ],
          [
            19.9494219,
            50.0647755
          ],
          [
            19.9495284,
            50.064786
          ],
          [
            19.9495736,
            50.0647891
          ],
          [
            19.9496038,
            50.0647882
          ],
          [
            19.9496444,
            50.0647803
          ],
          [
            19.9496675,
            50.0647673
          ],
          [
            19.9496839,
            50.0647507
          ],
          [
            19.9496959,
            50.0647273
          ],
          [
            19.949717,
            50.0646447
          ],
          [
            19.94979,
            50.0643715
          ],
          [
            19.9497946,
            50.0643473
          ],
          [
            19.9497951,
            50.064326
          ],
          [
            19.9497966,
            50.064271
          ],
          [
            19.9498008,
            50.0640377
          ],
          [
            19.949803,
            50.0639703
          ]
        ]
      },
      "id": "way/1553635428"
    },
    {
      "type": "Feature",
      "properties": {
        "@id": "way/1553635441",
        "highway": "service",
        "surface": "sett"
      },
      "geometry": {
        "type": "LineString",
        "coordinates": [
          [
            19.9506993,
            50.0633171
          ],
          [
            19.9506858,
            50.0632785
          ],
          [
            19.9506807,
            50.0632615
          ],
          [
            19.9506823,
            50.0632511
          ],
          [
            19.9506868,
            50.0632374
          ],
          [
            19.9507107,
            50.0631956
          ],
          [
            19.9507234,
            50.0631822
          ],
          [
            19.9507422,
            50.0631721
          ],
          [
            19.9507631,
            50.0631656
          ],
          [
            19.9508363,
            50.0631558
          ],
          [
            19.9509066,
            50.0631475
          ]
        ]
      },
      "id": "way/1553635441"
    },
    {
      "type": "Feature",
      "properties": {
        "@id": "way/1554273951",
        "highway": "footway",
        "incline": "up",
        "lit": "yes",
        "surface": "sett",
        "tactile_paving": "no"
      },
      "geometry": {
        "type": "LineString",
        "coordinates": [
          [
            19.9587654,
            50.065059
          ],
          [
            19.9587933,
            50.0650316
          ]
        ]
      },
      "id": "way/1554273951"
    },
    {
      "type": "Feature",
      "properties": {
        "@id": "way/1554273952",
        "handrail": "yes",
        "highway": "steps",
        "incline": "up",
        "lit": "yes",
        "ramp": "no",
        "step_count": "5",
        "surface": "sett",
        "tactile_paving": "no"
      },
      "geometry": {
        "type": "LineString",
        "coordinates": [
          [
            19.9587933,
            50.0650316
          ],
          [
            19.9588083,
            50.0650069
          ]
        ]
      },
      "id": "way/1554273952"
    },
    {
      "type": "Feature",
      "properties": {
        "@id": "way/1554273953",
        "highway": "footway",
        "incline": "up",
        "lit": "yes",
        "surface": "sett",
        "tactile_paving": "no"
      },
      "geometry": {
        "type": "LineString",
        "coordinates": [
          [
            19.9588083,
            50.0650069
          ],
          [
            19.958814,
            50.0649976
          ]
        ]
      },
      "id": "way/1554273953"
    },
    {
      "type": "Feature",
      "properties": {
        "@id": "way/1554273954",
        "handrail": "yes",
        "highway": "steps",
        "incline": "up",
        "lit": "yes",
        "ramp": "no",
        "step_count": "6",
        "surface": "sett",
        "tactile_paving": "no"
      },
      "geometry": {
        "type": "LineString",
        "coordinates": [
          [
            19.958814,
            50.0649976
          ],
          [
            19.9588302,
            50.0649709
          ]
        ]
      },
      "id": "way/1554273954"
    },
    {
      "type": "Feature",
      "properties": {
        "@id": "way/1554273955",
        "highway": "footway",
        "incline": "up",
        "lit": "yes",
        "surface": "sett",
        "tactile_paving": "no"
      },
      "geometry": {
        "type": "LineString",
        "coordinates": [
          [
            19.9588302,
            50.0649709
          ],
          [
            19.9588364,
            50.0649607
          ]
        ]
      },
      "id": "way/1554273955"
    },
    {
      "type": "Feature",
      "properties": {
        "@id": "way/1554630420",
        "highway": "footway",
        "lit": "yes",
        "smoothness": "intermediate",
        "surface": "sett"
      },
      "geometry": {
        "type": "LineString",
        "coordinates": [
          [
            19.9538715,
            50.0470442
          ],
          [
            19.9538757,
            50.0470332
          ]
        ]
      },
      "id": "way/1554630420"
    },
    {
      "type": "Feature",
      "properties": {
        "@id": "way/1554630421",
        "highway": "footway",
        "lit": "yes",
        "smoothness": "intermediate",
        "surface": "sett"
      },
      "geometry": {
        "type": "LineString",
        "coordinates": [
          [
            19.9538518,
            50.0470961
          ],
          [
            19.9538549,
            50.0470879
          ]
        ]
      },
      "id": "way/1554630421"
    },
    {
      "type": "Feature",
      "properties": {
        "@id": "way/1556361731",
        "highway": "footway",
        "surface": "sett"
      },
      "geometry": {
        "type": "LineString",
        "coordinates": [
          [
            19.9541128,
            50.0470215
          ],
          [
            19.9540954,
            50.0470717
          ]
        ]
      },
      "id": "way/1556361731"
    },
    {
      "type": "Feature",
      "properties": {
        "@id": "way/1558790826",
        "highway": "living_street",
        "maxspeed": "20",
        "name": "Księdza Władysława Gurgacza",
        "source:maxspeed": "PL:living_street",
        "surface": "sett"
      },
      "geometry": {
        "type": "LineString",
        "coordinates": [
          [
            19.9507902,
            50.0577328
          ],
          [
            19.9506274,
            50.0576329
          ],
          [
            19.9505893,
            50.0576165
          ]
        ]
      },
      "id": "way/1558790826"
    },
    {
      "type": "Feature",
      "properties": {
        "@id": "way/1558790828",
        "highway": "footway",
        "surface": "sett"
      },
      "geometry": {
        "type": "LineString",
        "coordinates": [
          [
            19.950745,
            50.0577545
          ],
          [
            19.9507902,
            50.0577328
          ]
        ]
      },
      "id": "way/1558790828"
    },
    {
      "type": "Feature",
      "properties": {
        "@id": "way/1560298262",
        "access": "customers",
        "highway": "footway",
        "surface": "sett"
      },
      "geometry": {
        "type": "LineString",
        "coordinates": [
          [
            19.9374508,
            50.0543966
          ],
          [
            19.9374495,
            50.0544036
          ],
          [
            19.9374882,
            50.0544065
          ]
        ]
      },
      "id": "way/1560298262"
    },
    {
      "type": "Feature",
      "properties": {
        "@id": "way/1563314411",
        "highway": "footway",
        "lit": "yes",
        "surface": "sett"
      },
      "geometry": {
        "type": "LineString",
        "coordinates": [
          [
            19.9400728,
            50.062461
          ],
          [
            19.9400005,
            50.0624803
          ]
        ]
      },
      "id": "way/1563314411"
    }
  ]
}